Wskusku,Description,Location,High,Tie,Case Height,Case Depth,Case Width,Case Weight
3590085,LG MC MSHRM HOUSE 21270       ,91JN02              ,4,16,11.02,11.77,9.65,6.06
3590485,LEGO MEDIEVAL DRAGN 31161     ,91JN73              ,4,12,11.02,15.67,9.57,9.08
3591055,LG NINJGO JAY CAR 71856       ,91JP02              ,4,20,11.02,9.57,9.37,4.48
3592170,BLW POP 36 HL ELEC BBL GN     ,91JP22              ,3,4,11.00,22.00,14.00,24.00
3591212,LG ART LOVE 31214             ,91JP53              ,4,12,11.02,15.67,9.92,7.27
3592200,PT CATCH N THROW 3PC SET      ,91JP73              ,3,4,11.00,22.00,14.00,24.00
3591213,LG HP BOOKNOOK 76450          ,91JQ02              ,2,20,18.66,11.69,7.56,6.61
3591410,LEGO CITY F1 60445            ,91JQ22              ,2,16,22.01,11.77,9.92,12.50
3591413,LEGO NJ NINJA 71866           ,91JQ53              ,4,20,11.02,9.57,9.37,4.56
3591714,LEGO BTNCLS TULIP 11501       ,91JQ73              ,4,12,11.02,15.67,9.02,5.80
3592109,LEGO ICONS 10313              ,91JR02              ,4,12,11.02,15.67,9.57,6.48
3583154,DOWNY BEADS  SHPR             ,91JR22              ,1,8,47.00,17.25,12.94,47.20
3592115,LG BOTANICAL ORCHID 10311     ,91JR53              ,4,12,11.02,15.67,9.02,5.68
3570048,WNDR PISTACHIOS VAR SHPR      ,91JR73              ,1,7,38.81,18.75,11.50,30.62
3592116,LG IC TINY PLANTS 10329       ,91JS02              ,4,12,11.02,15.67,9.57,7.26
3585193,HAMP PNTS IS RS TX RNGRS      ,91JS22              ,5,7,7.40,21.80,12.80,15.00
3592117,LEGO DSNY WALL-E 43279        ,91JS53              ,4,19,11.02,11.77,8.15,4.37
3582982,TIDE EVO 42CT MXD PLLT        ,91JS73              ,1,4,57.87,24.00,20.00,114.34
3520650,POP-TARTS STUFFED SHPR        ,91JT02              ,2,9,22.75,15.63,13.25,39.86
3521006,HD VLY ORIG RANCH SHPR        ,91JT22              ,3,5,11.88,23.00,14.75,48.10
3582147,PUFFS 4X72 QTR PLLT           ,91JT53              ,1,4,36.37,24.00,20.00,59.00
3520486,KRFT RANCH N ZST ITL SHPR     ,91JT73              ,3,6,10.75,20.00,15.38,40.00
3580143,DOWNY BEADS SHEET SHPR        ,91JU02              ,1,8,47.37,17.00,12.87,69.53
3592135,LEGO IDEAS 21362              ,91JU22              ,4,12,11.02,15.67,9.02,6.62
3592147,LEGO STAR WARS 75408          ,91JU53              ,3,30,14.69,8.15,7.76,4.25
3592148,LG MC PICKAXE MINE 21277      ,91JU73              ,4,16,11.02,11.77,9.65,6.16
3592149,LG CR HAUNTD MNSION 31167     ,91JV02              ,3,13,14.69,15.51,9.02,10.92
3592150,LEGO SUPER MARIO 72046        ,91JV22              ,5,13,8.27,14.57,8.90,4.37
3592151,LEGO BOTANICALS 10372         ,91JV53              ,4,12,11.02,15.67,9.02,5.83
3592152,LEGO BOTANICALS 10374         ,91JV73              ,4,12,11.02,15.67,9.02,5.79
3503285,PTPR CHUNK STYLE DOG FOOD     ,G1BA02              ,7,3,6.50,34.00,17.00,45.20
3500543,KIBBIT MNI BTS BCN STK FL     ,G1BA12              ,9,7,3.49,20.22,13.61,16.30
3504099,KIBBLES N BITS TRIP           ,G1BA22              ,6,4,5.00,24.00,19.00,40.42
3501666,SPRMSRC TKYSWT POT DG FD      ,G1BA32              ,8,5,4.75,28.25,14.75,23.00
3503714,IAMS PAH BEEF RICE MINI       ,G1BB02              ,9,4,4.69,22.99,18.15,30.20
3505095,PRNA1 CHKN RICE DOG FOOD      ,G1BB12              ,11,5,3.70,24.00,16.00,16.50
3504966,BNFL ORIGINALS DOG FOOD       ,G1BB22              ,13,5,3.25,22.00,14.75,14.20
3501535,PTPR STEAK VEG DOG FOOD       ,G1BB32              ,7,3,5.00,32.00,17.00,45.71
3501746,SPRMSRC TKYSWT POT DG FD      ,G1BC02              ,4,7,9.00,22.00,9.00,27.50
3502176,KRO WILD BIRD SEED            ,G1BC12              ,10,5,5.00,28.00,17.00,40.30
3503776,ABOUND PRO IND WGHT HRB       ,G1BC22              ,3,8,18.97,17.32,9.13,30.58
3503368,IAMS PAH LG BRD ADULT DOG     ,G1BC32              ,9,4,4.75,24.00,19.00,31.10
3502584,SPRMSRC SLMNSWT PT DG FD      ,G1BD02              ,8,5,4.75,28.25,14.75,23.00
3503667,IAMS PAH BEEF RICE MINI       ,G1BD12              ,12,7,3.50,20.04,13.82,15.16
3502674,ABOUND PR LGBR CHKN BR RC     ,G1BD22              ,7,5,6.00,31.50,15.50,30.21
3502837,PRNA1 SMTBL TI HP W/BS        ,G1BD32              ,10,5,4.00,23.75,15.50,15.25
3504147,FRSK SEAFD SNST DRY CT FD     ,G1BF02              ,7,4,4.50,24.00,19.50,30.40
3506061,PRNA BENEFUL ORIG             ,G1BF12              ,8,3,4.50,32.00,18.50,36.30
3505083,KIBBIT BCN STK DRY DOG FD     ,G1BF22              ,9,7,3.46,20.22,13.61,16.50
3503079,IAMS PROHEALTH ADUL           ,G1BF32              ,6,10,7.48,18.74,9.49,21.05
3503366,IAMS PAH MINICHUNKS DG FD     ,G1BG02              ,9,4,4.00,24.00,17.75,31.10
3502704,SPRMSRC SLMNSWT PT DG FD      ,G1BG12              ,4,7,9.00,22.00,9.00,27.50
3505674,PRNA1 SMTBL TKY VENISON       ,G1BG22              ,6,4,6.50,24.50,18.00,28.00
3502390,IAMS PROHEALTH HEAL           ,G1BG32              ,6,10,7.99,17.01,9.49,21.07
3502143,KRO WILD BIRD SEED            ,G1BH02              ,14,6,3.50,23.00,12.50,25.20
3505096,PRNA1 SMTBL VBR MAT 7 SNR     ,G1BH12              ,11,5,4.00,24.00,16.00,16.50
3506071,PRNA CAT CHOW INDOOR          ,G1BH22              ,12,5,3.50,22.00,14.75,16.30
3501496,IAMS CHKN  WHL GRN RCPE       ,G1BH32              ,12,7,3.43,18.75,13.75,13.63
3502666,PTPR INDOOR CAT FOOD          ,G1BJ02              ,11,5,2.75,25.00,16.00,16.30
3504982,PRNA1 SMTBL BF  RICE DF       ,G1BJ12              ,5,5,9.00,21.00,14.00,32.90
3505721,PRNA CAT CHOW COMPLETE        ,G1BJ22              ,10,5,3.65,24.00,15.75,20.50
3505382,PRNA1 SMTBL CHICKEN  TKY      ,G1BJ32              ,5,7,9.50,18.00,12.50,28.50
3501951,KRO BLCK SUNFLOWER SEED       ,G1BK02              ,12,7,5.33,25.00,16.00,20.10
3502580,PRNA DOG CHOW CMPLT AD BF     ,G1BK12              ,12,5,3.50,22.00,15.50,18.70
3503374,PTPR SMALL BITES DOG FOOD     ,G1BK22              ,10,5,3.50,25.50,16.00,18.10
3501477,RRAY NUTR BF PEA BR RC DF     ,G1BK32              ,8,4,5.50,24.25,18.00,30.24
3502424,FRSK SURFIN  TURFIN           ,G1BL02              ,12,5,3.00,22.00,15.00,16.30
3501860,TMTS TMPT TUNA CHKN CT FD     ,G1BL12              ,12,7,3.00,34.00,13.74,14.01
3500177,SMRTWY WILD BIRD SEED         ,G1BL22              ,14,7,3.50,20.00,13.00,20.40
3505223,PRNA CAT CHOW SNR 3.15 LB     ,G1BL32              ,5,13,5.50,15.25,8.50,13.10
3505094,KIBBLES N BITS MINI BITES     ,G1BM02              ,9,7,3.46,20.22,13.61,16.50
3502718,PTPR HRT EYE IMMNTY CATFD     ,G1BM12              ,11,5,2.75,25.00,16.00,16.30
3504042,PRNA1 SMTBL GRW&DVLP PPPY     ,G1BM22              ,5,5,9.00,21.00,14.00,32.90
3501625,PTPR HP BF LMB FLVR DF        ,G1BM32              ,11,5,2.75,25.00,16.00,18.30
3505099,PRNA1 SMTBL HLTHY WEIGHT      ,G1BN02              ,11,5,3.70,22.50,15.00,17.20
3503980,PRNA1 SMTBL TI TKYVNSN        ,G1BN12              ,5,5,9.00,20.00,12.00,31.20
3505647,BNFL HLTHY WEIGHT DOG FD      ,G1BN22              ,6,4,4.50,25.00,20.25,28.40
3503314,ABOUND GRF SALMON DG          ,G1BN32              ,11,7,3.50,20.25,12.75,14.20
3505101,PRNA1 LAMB RICE DOG FOOD      ,G1BP12              ,11,5,3.50,20.60,15.70,16.50
3502673,PTPR STEAK VEG DOG FOOD       ,G1BP22              ,10,5,3.50,25.50,16.00,18.10
3500186,PDGR ADL HG PR BEEF  LMB      ,G1BP32              ,12,5,3.66,22.01,15.63,18.16
3500477,KRO BLCK SUNFLOWER SEED       ,G1CB02              ,5,9,11.50,15.87,12.75,32.00
3505308,IAMS LMB  RICE DF             ,G1CC02              ,12,7,4.25,22.17,13.58,15.19
3505269,FRSK SEAFOOD SENSATIONS       ,G1CC12              ,5,13,6.00,15.50,6.50,13.10
3500090,PDGR SML DOG RC RCE  VEG      ,G1CC22              ,11,7,4.02,20.91,13.90,14.14
3501501,RRAY CHCK VEG FOOD            ,G1CC32              ,8,4,6.00,24.25,18.00,30.24
3504424,FRESH STEP SCOOP MULTI        ,G1CD02              ,3,14,10.88,13.25,10.43,46.00
3503564,MXMX TC BEEF SLMN BITES       ,G1CD12              ,13,7,3.25,20.50,14.50,14.50
3502659,ABOUND SMBR PR BF SWT PT      ,G1CD22              ,10,7,3.50,24.10,13.00,16.16
3505088,PRNA DOG CHOW COMPLETE        ,G1CD32              ,12,5,3.70,22.00,16.00,18.50
3500461,MWMX ORIG DRY CAT FOOD        ,G1CF02              ,9,4,5.00,24.00,17.00,26.30
3503566,MWMX TNDER CTRS SLMN TRKY     ,G1CF12              ,13,7,3.25,20.50,14.50,14.50
3500040,PDGR ADL DOG CHK  STK TB      ,G1CF22              ,11,7,4.02,20.91,13.82,14.19
3512727,MRTN SYSTEM SAVER PELLETS     ,G1CF32              ,9,7,4.30,20.50,13.50,39.30
3501410,RRAY NUTR SLMN VEG DGFD       ,G1CG02              ,11,7,3.50,20.00,14.00,12.13
3503573,MWMX TNDR SLMN CHKN           ,G1CG12              ,13,7,3.25,20.50,14.50,14.50
3501328,FRESH STEP GAIN SCENTED       ,G1CG22              ,3,14,10.88,13.25,10.43,46.00
3503721,PDGR ADULT BCN BT DG FD       ,G1CG32              ,12,5,3.66,22.01,15.63,18.23
3501551,PDGR ADLT RT CH RCE  VEG      ,G1CH02              ,12,5,3.66,22.01,15.63,18.16
3504199,NUTRO SML BRD SNR CHKN BR     ,G1CH12              ,5,11,9.25,15.71,12.39,16.20
3501964,PRNA BNFL W/NTRL SLMN DF      ,G1CH22              ,13,5,3.25,22.00,14.75,14.20
3506075,BNFL INCREDIBITES DOG FD      ,G1CH32              ,5,11,8.00,15.50,9.50,14.40
3501521,RRAY CHCK VEG FOOD            ,G1CJ02              ,5,13,8.00,12.50,7.50,15.31
3500046,PDGR SML DOG CHK  STK TB      ,G1CJ12              ,11,7,4.02,20.91,13.82,14.19
3501442,RRAY NUTR HLTHY WGHT          ,G1CJ22              ,11,7,3.50,20.00,14.00,12.13
3502160,ABOUND PR CH BR RC PPY FD     ,G1CJ32              ,10,7,3.50,24.10,13.00,16.16
3503635,PRNA CHOW COMPLT CAT FOOD     ,G1CK02              ,12,5,3.25,21.50,14.75,15.30
3505249,PDGR ADLT CN GRLD STK VEG     ,G1CK12              ,12,5,3.66,22.01,15.63,18.16
3505527,IAMS PAH ORIGINAL CHICKEN     ,G1CK22              ,6,8,9.20,20.00,11.00,28.00
3505486,BNFL HLTHY GRWTH PUPPY FD     ,G1CK32              ,13,5,3.25,22.00,14.75,14.20
3502764,PRNA DOG CHOW BEEF FLV        ,G1CL02              ,6,4,6.00,34.00,17.00,44.30
3500902,PDGR PUPPY CHIC  VEG FLV      ,G1CL12              ,11,5,3.35,21.50,15.12,14.14
3502756,PURINA DOG CHOW CHKN          ,G1CL22              ,6,4,4.75,30.50,18.00,44.30
3504128,PRNA CAT CHOW NTRL PT FD      ,G1CL32              ,9,5,3.70,24.00,16.00,18.25
3503612,NAT RCP CHKN BRLY RICE DF     ,G1CM02              ,5,10,8.00,16.00,8.00,14.37
3503183,IAMS PAH LG BRD ADULT DOG     ,G1CM12              ,12,7,4.00,22.30,14.20,15.40
3502538,FRST OS CLMP LTR W/FBRZ       ,G1CM22              ,3,28,12.06,11.63,5.19,22.90
3504970,IAMS PAH ORIGINAL CHICKEN     ,G1CM32              ,12,5,3.87,22.70,13.21,16.45
3501997,IAMS LG BRD LR                ,G1CN02              ,12,5,4.25,22.17,13.58,15.37
3504882,PRNA1 TND SLCT BLND SLMN      ,G1CN12              ,5,13,8.00,15.00,9.25,14.60
3506098,PRNA CAT CHOW COMPLETE        ,G1CN22              ,12,5,3.25,21.50,14.75,15.30
3500576,PRNA PUPPY CHOW COMPLETE      ,G1CN32              ,5,11,6.50,15.50,9.50,16.50
3501468,PTPR OUTDOOR CAT FOOD         ,G1CP02              ,11,5,3.50,16.00,15.50,16.30
3503652,PRNA1 SMTBL CHKN  RICE        ,G1CP12              ,6,4,5.50,25.00,20.25,31.50
3503579,MWMX TC BSTD BITES            ,G1CP22              ,13,7,3.25,20.50,14.50,14.50
3503538,MWMX ORIGINAL CHOICE          ,G1CP32              ,12,5,3.50,23.90,15.70,16.50
3504484,NUTRO ADL LM RC               ,G1CQ02              ,12,7,3.50,21.00,15.00,12.28
3501364,RRAY CHCK VEG FOOD SMLL       ,G1CQ12              ,5,13,8.00,12.50,7.50,15.31
3503522,RRAY NUTR INDOOR COMPLETE     ,G1CQ22              ,11,7,3.75,20.05,13.00,14.30
3502513,PDGR M BTS GRLD VEG FLR       ,G1CQ32              ,11,7,4.50,25.00,16.00,14.10
3501889,IAMS PAH INDR WT HAIRBALL     ,G1CR22              ,9,5,5.00,24.00,15.00,16.50
3505116,KB BSTR OR BEF VEG DOG FD     ,G1CR32              ,9,7,3.49,20.22,13.61,16.50
3504839,PRNA1 TI LN MUSC BF DG FD     ,G1DA02              ,11,5,4.00,23.50,15.25,15.25
3501105,RRAY CHCK VEG FOOD            ,G1DA12              ,11,7,3.50,20.00,14.00,13.13
3500570,IAMS PRH ADL CAT FOOD         ,G1DA22              ,7,11,7.00,16.50,10.00,14.97
3500602,IAMS PAH ADLT URNRY TRCT      ,G1DA32              ,7,11,7.00,16.50,10.00,14.97
3503928,TDCT LW 24/7 CLMP LITTER      ,G1DA53              ,3,16,14.75,9.50,12.00,21.00
3503450,PRNA1 GRN FREE BEEF           ,G1DA63              ,9,7,2.00,18.00,13.75,12.75
3503069,IAMS PAH WGHT CTRL DOG FD     ,G1DA73              ,12,5,3.50,22.30,14.20,15.40
3503533,IAMS PAH MATURE LARG BRD      ,G1DA83              ,12,7,4.00,20.88,13.75,15.37
3503355,IAMS PAH MTR ADULT DOG FD     ,G1DB02              ,12,7,3.50,22.30,14.20,15.40
3503086,IAMS PAH MINICHUNKS DG FD     ,G1DB12              ,12,7,3.50,22.00,14.50,15.40
3504967,BNFL HLTHY WEIGHT DOG FD      ,G1DB22              ,13,5,3.25,22.00,14.75,14.20
3500704,NAT RCP GRN FREE CHCKN        ,G1DB32              ,12,7,3.50,21.50,13.50,12.30
3500158,PTPR PUPPY FOOD               ,G1DB53              ,5,9,10.00,23.00,7.50,21.60
3502960,ABOUND GRF CHICKEN DG         ,G1DB63              ,11,7,4.25,21.50,13.50,14.20
3506252,ABO WLD BF VNSN LMB           ,G1DB73              ,11,8,3.25,20.00,13.50,11.20
3502374,FRSK SEAFOOD SENSATIONS       ,G1DB83              ,12,5,3.50,21.00,12.25,16.30
3503786,ABOUND PRO SNTV SKN STMC      ,G1DC02              ,3,8,18.97,17.32,9.13,30.58
3504326,PTPR SEAFOOD MEDLEY           ,G1DC12              ,11,5,3.00,25.00,15.50,16.10
3501486,NAT RCP SLM GF DRY DOG FD     ,G1DC22              ,12,7,3.50,21.50,13.50,12.20
3500112,PDGR SM DG GRLD STK  VEG      ,G1DC32              ,11,7,3.50,20.00,13.90,14.14
3501644,PRNA1 SMTBL HEALTHY PUPPY     ,G1DC53              ,11,5,4.00,23.00,15.25,16.75
3501322,KTNKBDL ORIGINAL CAT FOOD     ,G1DC63              ,9,7,3.50,20.50,13.00,13.00
3503435,NAT RCP SMALL BREED GF        ,G1DC73              ,6,12,9.00,16.00,8.00,16.60
3505430,ABOUND WLD CHCKN TRKY DK      ,G1DC83              ,11,8,3.25,20.00,13.50,11.20
3505102,PRNA1 SMTBL SNSTVE SYSTM      ,G1DD02              ,12,5,3.50,22.40,14.80,16.50
3505286,ABO WLD SLM TRT WHTFH         ,G1DD12              ,11,8,3.25,20.00,13.50,11.20
3504325,PTPR HEART EYE IMMUNITY       ,G1DD22              ,5,9,8.50,21.00,7.00,19.00
3505282,IAMS HN WGHT  HRBLL CARE      ,G1DD32              ,6,8,8.63,21.50,13.75,29.26
3502532,ABOUND PR HLY WT CKN OM       ,G1DD53              ,3,8,18.97,17.32,9.06,34.58
3502366,ABOUND PR SK CT SLM BR RC     ,G1DD63              ,3,8,18.97,17.32,9.06,34.58
3500107,ABOUND PR SR SLMN PEA RCP     ,G1DD73              ,3,8,18.97,17.32,9.06,34.60
3502716,ABOUND PR CH BR RC PPY FD     ,G1DD83              ,3,8,18.97,17.32,9.06,34.58
3500034,ABOUND PR SN STM LM BR RC     ,G1DF02              ,3,8,18.97,17.32,9.06,34.60
3505152,ABOUND PF LMB BN RC AVD       ,G1DF12              ,11,7,3.50,25.00,14.40,15.50
3504130,PRNA1 SMTBL LMB  RCE DF       ,G1DF22              ,5,5,9.00,21.00,14.00,32.90
3506786,PRNA1 SMTBL SALMON  TUNA      ,G1DF32              ,5,7,9.50,22.00,8.50,28.60
3504120,PRNA1 SMTBL CHK  RICE DF      ,G1DF53              ,5,5,9.00,21.00,14.00,32.90
3504136,NUTRO SML BRD CHKN BRWN R     ,G1DF63              ,5,11,6.75,15.00,9.00,16.20
3500203,IAMS PRH ADL ORG SM  TU       ,G1DF73              ,6,8,8.75,21.00,12.50,29.17
3502599,FRST CLN PAWS LTTR FBRZ       ,G1DF83              ,3,28,12.06,11.63,5.19,22.90
3503631,PDGR PUPPY FOOD               ,G1DG02              ,7,11,7.01,16.50,10.00,16.50
3504359,NTR CHKN BRN RC SWT POT       ,G1DG12              ,12,7,3.00,19.00,15.00,13.20
3504132,IAMS PRH UTH CK 7LB           ,G1DG22              ,6,8,8.75,20.50,10.13,29.17
3504511,PURINA ONE WHOLE BO           ,G1DG32              ,5,5,9.25,20.50,13.50,32.60
3503195,IAMS PAH KITTEN FOOD          ,G1DG53              ,6,8,9.13,20.00,10.90,29.70
3503807,ABOUND PRO SNR FRML CHKN      ,G1DG63              ,3,8,18.97,17.32,9.13,30.58
3503801,CSAR DRY FLT  SPRNG VEG       ,G1DG73              ,5,10,8.00,17.00,9.50,20.40
3505519,IAMS PAH INDR WT HAIRBALL     ,G1DG83              ,6,7,9.20,22.50,12.50,28.00
3502817,FFST ELG MDL PRMVR STYL       ,G1DH02              ,6,14,7.00,14.50,8.25,11.80
3501728,ABOUND HGH PTN SLMN CT FD     ,G1DH12              ,4,8,10.00,22.00,9.50,29.00
3505048,PRNA ONE SMRTBLD SMN TUNA     ,G1DH22              ,10,5,4.00,22.00,16.00,15.50
3505153,ABOUND SLMN EGG PMPKN         ,G1DH32              ,11,7,3.50,25.00,14.40,15.50
3502818,FRSK GRILLERS BLEND           ,G1DH53              ,12,5,3.50,22.00,15.00,16.25
3504113,PTPR KITTEN FORMULA FOOD      ,G1DH63              ,5,9,6.10,20.10,7.60,19.50
3505117,KIBBIT ORG BF CHKN DOG FD     ,G1DH73              ,9,7,3.46,20.22,12.61,16.50
3505170,BNFL HLTHY GRWTH PUPPY FD     ,G1DH83              ,5,13,7.25,15.50,9.25,14.60
3505518,IAMS PAH HAIRBALL CARE        ,G1DJ02              ,6,8,9.20,21.50,10.00,28.00
3504431,PURINA ONE WHOLE BO           ,G1DJ12              ,11,5,3.30,22.22,15.75,16.75
3504929,BNFL INCREDIBITES DOG FD      ,G1DJ22              ,13,5,3.25,22.00,14.75,14.20
3501296,RRAY NUTR LRG BRD DGFD        ,G1DJ32              ,8,4,6.00,24.25,18.00,30.23
3500654,IAMS PAH SNSTV STOMACH        ,G1DJ53              ,6,8,8.75,21.00,12.50,25.10
3501509,ABOUND SLMN WHTFSH TROUT      ,G1DJ63              ,6,9,7.00,24.00,9.00,25.00
3506769,PRNA1 CKN  TKY CAT FOOD       ,G1DJ73              ,5,13,9.50,15.00,12.00,22.00
3501513,ABO WLD BF VNSN LMB           ,G1DJ83              ,6,9,7.00,24.00,9.00,25.00
3502136,PRNA1 SENSITIVE SYSTMS CF     ,G1DK02              ,5,7,9.50,18.00,12.50,28.60
3500184,PRNA KITTEN CHOW              ,G1DK12              ,5,13,7.25,15.25,8.50,13.10
3501658,PRNA DOG CHOW LTL BTS CHK     ,G1DK22              ,5,13,7.25,15.25,8.50,13.20
3504265,PTPR INDOOR CAT FOOD          ,G1DK32              ,5,9,8.50,21.00,7.00,19.00
3500621,PRNA CAT CHOW NATURALS        ,G1DK53              ,5,13,7.25,15.25,8.50,13.10
3504157,PTPR SEAFOOD MEDLEY           ,G1DK63              ,5,9,8.50,21.00,7.00,19.00
3505492,BNFL ORIGINAL DOG FOOD        ,G1DK73              ,6,4,6.00,25.00,20.25,28.40
3500319,PRNA PUPPY CHOW HLTH MRSL     ,G1DK83              ,5,11,8.25,15.50,9.50,16.40
3503340,NAT RCP GF CHK SWTPOTPMP      ,G1DL02              ,6,12,9.00,16.00,8.00,16.60
3500222,FRSK GRAVY SWIRLER            ,G1DL12              ,5,13,6.25,15.25,8.50,13.10
3503478,NAT RCP GRAIN FREE SALMON     ,G1DL22              ,4,12,7.00,16.00,8.00,16.60
3500847,PRNA CAT CHOW NATURALS        ,G1DL32              ,9,7,3.50,20.00,13.50,13.20
3505576,MWMX TENDER CENTERS CT FD     ,G1DL53              ,6,13,6.00,15.00,7.50,12.60
3505695,RRAY NUTR PK OPN RNGE RCP     ,G1DL63              ,12,7,3.50,22.25,13.75,12.20
3505098,KIBBIT SMALL BREED DOG FD     ,G1DL73              ,4,15,6.50,15.00,7.50,14.70
3502660,FRST HVY DTY ODR BLK LTR      ,G1DL83              ,3,28,12.06,11.63,5.19,22.90
3501108,RRAY NUTR BF PEA BR RC DF     ,G1DM02              ,11,7,3.50,20.00,14.00,13.13
3500111,PTPR PUPPY FOOD               ,G1DM12              ,11,5,3.50,25.00,16.00,18.10
3504111,IAMS PAH ORIGINAL CHICKEN     ,G1DM22              ,7,11,7.25,16.50,10.00,14.80
3503670,FRSK GRAVY SWIRLER            ,G1DM32              ,12,5,4.00,25.60,15.00,16.25
3504785,MWMX INDOOR FORMULA           ,G1DM53              ,6,13,7.50,15.00,8.00,13.24
3505389,MWMX NIBBLES                  ,G1DM63              ,6,13,8.00,15.00,7.50,13.24
3503688,PRNA DOG CHOW DOG FOOD        ,G1DM73              ,12,5,3.50,22.00,15.50,18.75
3504525,PRNA1 SMTBL SNSTV SYS CAT     ,G1DM83              ,5,13,8.00,15.00,9.25,14.60
3504406,IAMS PAH KITTEN FOOD          ,G1DN02              ,7,14,7.25,16.50,10.00,14.80
3500640,MWMX 10 BB CHKN TUNA          ,G1DN12              ,6,13,8.00,15.00,7.50,13.50
3502899,PRNA ONE SMALL FORUMLA        ,G1DN22              ,5,5,9.00,20.00,12.00,30.20
3502768,PRNA1 SMTBL TR INS TKVSN      ,G1DN32              ,10,5,5.00,24.00,16.00,15.50
3503113,FRST ODR SHLD LITTER          ,G1DN53              ,4,15,13.81,12.63,9.31,25.61
3501541,PTPR SM BTS CHKN DG FD        ,G1DN63              ,5,9,7.00,9.50,7.00,21.66
3503415,FRST STP XTR CLMP LTR FBR     ,G1DN73              ,3,28,12.06,11.63,5.19,22.90
3500835,PRNA CAT CHOW COMPLETE        ,G1DN83              ,5,13,6.50,15.25,8.50,13.10
3504729,PRNA1 URNRY TRCT HLTH CAT     ,G1DP02              ,5,13,8.00,15.00,9.25,14.60
3503664,PRNA1 SMTBL LAMB  RICE        ,G1DP12              ,6,4,2.50,5.50,20.25,31.50
3500228,MWMX ORIGINAL CHOICE          ,G1DP22              ,6,13,7.70,14.00,7.50,13.20
3505100,PRNA1 SMTBL LRG BRD PUPPY     ,G1DP32              ,11,5,4.00,25.00,16.00,18.30
3503862,PRNA CAT CHOW GENTLE          ,G1DP53              ,5,13,6.50,15.25,8.50,13.10
3504414,FRSH STP CAT LTTR ODR SHD     ,G1DP63              ,3,28,12.06,11.63,5.19,22.90
3502776,PTPR CHUNK STYLE DOG FOOD     ,G1DP73              ,10,5,3.50,25.50,16.00,18.10
3504051,IAMS PAH INDR WT HAIRBALL     ,G1DP83              ,7,11,7.25,17.00,11.00,14.80
3504499,RRAY NUTR INDOOR COMPLETE     ,G1DQ02              ,6,15,7.00,15.50,8.00,12.60
3504564,KIBBLES N BITS TRIP           ,G1DQ12              ,9,7,3.50,20.75,13.75,14.20
3504461,FRSH STP CAT LTTR UNSCNTD     ,G1DQ22              ,3,28,12.06,11.63,5.19,22.90
3505277,PRNA1 SMTBL HLTHY KITTEN      ,G1DQ32              ,5,13,8.00,15.00,8.75,14.60
3503342,PDGR CHKN STK TENER BITES     ,G1DQ53              ,6,11,7.75,15.00,10.00,14.42
3505388,PRNA1 SMTBL HAIRBALL          ,G1DQ63              ,5,7,8.00,18.00,12.50,28.60
3501837,PRNA1 SMTBL DGSTV HLTH RC     ,G1DQ73              ,12,5,3.50,23.50,15.25,16.75
3503727,PDGR SMALL BREED DOG FOOD     ,G1DQ83              ,7,11,7.01,16.50,10.00,16.50
3500505,PURINA PUPPY CHW COMPLETE     ,G1DR22              ,12,5,3.25,21.50,14.25,15.20
3506064,BNFL ORIGINAL BEEF DOG FD     ,G1DR32              ,5,11,8.00,15.50,9.50,14.40
3505280,FRSK GRILLERS BLEND           ,G1DR53              ,5,13,7.25,15.25,8.50,13.10
3503916,IAMS PAH HAIRBALL CARE        ,G1DR63              ,7,11,7.25,16.50,10.00,14.80
3500329,TDCT LW INST ACT CLMP LTR     ,G1FA02              ,3,15,14.50,13.25,9.50,22.20
3502533,MWMX GRVY BRST CAT FD SAL     ,G1FA12              ,6,13,7.75,15.00,8.50,12.81
3503682,MEOW MIX TNDR CTR CAT FD      ,G1FA22              ,6,13,8.00,15.00,7.50,13.04
3504344,IAMS PAH SENIOR PLUS          ,G1FA32              ,7,11,7.25,16.50,10.00,14.80
3504646,NAT RCP FRZ DRD BLN DG FD     ,G1FA53              ,12,7,4.75,17.25,12.50,10.67
3504349,CSAR FLT MGN SPRNG VEG        ,G1FA63              ,7,13,6.50,17.00,7.50,11.16
3504492,FRSH STP CAT LITTER FBRZ      ,G1FA73              ,3,28,12.06,11.63,5.19,21.90
3502643,PTPR SCNTD LTWT CAT LTR       ,G1FA83              ,3,13,13.50,14.00,9.00,19.20
3500861,PRNA CAT CHOW INDOOR          ,G1FB02              ,5,13,6.50,15.25,8.50,13.10
3500220,MWMX TC SLMNCHKN CAT FD       ,G1FB12              ,6,13,7.70,14.00,7.50,12.60
3502788,IAMS PROHEALTH ADUL           ,G1FB22              ,6,10,7.99,17.01,9.49,21.07
3500773,PRNA1 SMTBL SALMON  TUNA      ,G1FB32              ,11,5,4.00,20.00,13.50,16.50
3503671,PDGR SM BRD STK  VEG DF       ,G1FB63              ,7,11,7.01,16.50,10.00,16.50
3501783,TMTS TMPN TUNACHKN CT FD      ,G1FB73              ,6,13,7.48,14.02,8.82,13.23
3504098,NUTRO CHKN BRWN RICESWTP      ,G1FB83              ,5,11,9.25,15.00,9.00,16.20
3505602,RRAY NUTR CHICKEN  RICE       ,G1FC02              ,6,15,7.70,17.00,7.00,12.70
3516886,TDCT 24/7 NON-CLMP LITTER     ,G1FC12              ,6,10,8.50,16.00,11.50,38.40
3501455,TIDY CATS CLM LTR BHM SS      ,G1FC22              ,3,15,14.00,13.25,9.50,43.00
3517066,FRST CLAY CAT LITTER          ,G1FC32              ,9,7,5.00,20.30,13.00,22.10
3502665,PTPR CHR FRGR FR CT LTTR      ,G1FC53              ,4,13,13.90,14.65,9.57,42.10
3501405,TDCT CLMPNG LTTR W/GLADE      ,G1FC63              ,3,16,14.70,9.50,12.00,37.10
3501403,TDCT LT WGHT CLMPN LTTR       ,G1FC73              ,3,16,14.75,9.50,12.00,21.00
3501439,TDCT LT WGHT CLMPN LTTR       ,G1FC83              ,3,16,14.75,9.50,12.00,21.00
3502755,TDCT 4-IN-1 STRENGTH LTTR     ,G1FD02              ,3,16,14.75,9.50,12.00,37.10
3501294,TDCT INST ACT CLMP LITTER     ,G1FD12              ,3,16,14.70,9.50,12.00,37.10
3501326,TDCT TIDY FEET LOW TRCKNG     ,G1FD22              ,3,15,14.00,13.25,9.50,43.00
3502930,PTPR SCNTD CAT LITTER         ,G1FD32              ,4,13,13.90,14.65,9.57,42.10
3503717,AHMR SLIDE NSO CAT LITTER     ,G1FD53              ,5,10,10.63,13.50,10.50,45.40
3502052,TDCT CLMPNG LTTR W/GLADE      ,G1FD63              ,3,15,14.00,13.20,9.50,43.00
3501810,TDCT FREECLN UNSCNT LTTR      ,G1FD83              ,3,15,14.00,13.25,9.50,43.00
3506999,AHMR UNSCNT MLTI CAT LTTR     ,G1FF02              ,3,15,11.80,12.50,10.50,43.70
3502900,PTPR UNSCNTD CAT LITTER       ,G1FF12              ,4,13,13.90,14.65,9.57,42.10
3503753,PRNA1 SMTBL INDOOR ADVNTG     ,G1FF22              ,5,7,9.50,18.00,12.50,28.60
3514646,TDCT 24/7 CLUMPING LITTER     ,G1FF32              ,3,15,16.00,13.25,9.50,43.40
3503121,IAMS ADVANCED CHICK           ,G1FF53              ,6,10,7.48,18.74,9.49,18.78
3501150,AHMR SLIDE MULT CAT LITTR     ,G1FF63              ,5,10,10.63,13.50,10.50,45.40
3500764,AHMR CLMPSEAL CAT LITTER      ,G1FF73              ,3,24,13.06,11.94,5.88,29.70
3505244,TDCT NON CLMPN CLAY LTTR      ,G1FF83              ,8,5,5.50,23.00,16.30,48.20
3502521,AHMR MULTI CAT CLUMP LTTR     ,G1FG02              ,3,15,11.80,12.50,10.50,43.70
3502133,AHMR DBL DUTY CLUMP LITTR     ,G1FG12              ,3,15,11.80,12.50,10.50,43.70
3517144,TDCT 24/7 NON-CLMP LITTER     ,G1FG22              ,14,7,4.00,20.00,13.00,20.50
3500131,TDCT 4-IN-1 STRENGTH LTTR     ,G1FG32              ,3,15,14.00,13.25,9.50,43.00
3500210,TDCT 24/7 CLUMPING LITTER     ,G1FG53              ,3,16,14.70,9.50,12.00,37.10
3502693,AHMR MULTI CAT CLUMP LTTR     ,G1FG63              ,3,19,13.69,11.75,7.00,41.50
3502207,KRO WILD BIRD SEED            ,G1FG73              ,6,9,9.50,16.00,12.00,40.80
3514648,TDCT INST ACT CLMP LITTER     ,G1FG83              ,3,15,14.30,13.10,9.60,43.40
3502458,NATSG PREM WILD BIRD SEED     ,G1FH02              ,5,9,11.50,15.75,12.75,40.00
3501757,AHMR DBL DUTY CLUMP LITTR     ,G1FH12              ,3,19,13.70,7.00,11.80,42.00
3505669,TDCT TIDY CARE PET LITTER     ,G1FH22              ,6,6,9.45,18.70,13.00,33.50
3502004,TDCT LW 24/7 CLMP LITTER      ,G1FH32              ,3,15,14.50,13.20,9.50,22.20
3502185,AHMR SLIDE NSO CAT LITTER     ,G1FH63              ,3,15,11.80,12.50,10.50,41.70
3504568,IAMS PAH CHKN WHL GRN DF      ,G1FH73              ,6,10,7.99,17.01,9.49,21.07
3500697,AHMR CS MULTI-CAT LITTER      ,G1FH83              ,3,15,11.80,10.50,12.50,40.50
3517251,SCPW MULTI CAT LITTER         ,G1FJ02              ,3,14,10.50,13.20,10.50,46.00
3502799,PTPR FRGR FR SCPBL CT LTR     ,G1FJ12              ,3,20,11.12,11.11,7.12,35.90
3506281,ABOUND NTRL CLMPG CAT LTR     ,G1FJ22              ,5,9,12.00,17.00,11.00,27.10
3502392,NATSG PREM WILD BIRD SEED     ,G1FJ32              ,5,9,11.50,15.50,12.75,40.00
3500931,TDCT LW FREECLN UNSC LTR      ,G1FJ53              ,3,15,14.50,13.25,9.50,20.60
3502102,KRO WILD BIRD SEED            ,G1FJ63              ,6,9,10.00,15.50,13.00,40.80
3502676,NATSG WILDLIFE MIX            ,G1FJ73              ,5,9,10.00,16.00,13.00,40.00
3502345,NATSG NO WASTE BIRD SEED      ,G1FJ83              ,5,15,10.25,16.00,7.88,16.00
3516745,MSTM BRGRCHS DOG FD 36CT      ,G1FK02              ,5,18,9.00,11.20,8.60,15.30
3502490,AHMR SCOOP CLUMP CAT LTTR     ,G1FK12              ,3,15,11.80,12.50,10.50,43.70
3502224,NATSG CARDINAL SONGBIRD       ,G1FK22              ,5,15,10.00,15.62,7.38,13.00
3505867,SMRTWY NON CLMP CLY LTTR      ,G1FK32              ,10,7,3.50,19.25,13.63,20.08
3502331,NATSG FRUIT NUT  BERRY        ,G1FK53              ,5,15,10.00,16.00,8.00,16.00
3506800,TDCT LW CLMP LTTR W/GLADE     ,G1FK73              ,3,15,14.50,13.25,9.50,22.20
3501878,KRO BLCK SUNFLOWER SEED       ,G1FK83              ,5,9,11.75,15.50,15.50,31.50
3504056,AHMR HARDBALL CAT LITTER      ,G1FL02              ,3,9,12.25,13.81,12.69,29.20
3502459,REVEAL TUNA FILLET SALAMN     ,G1FL12              ,9,39,5.20,8.40,5.40,5.50
3502634,AHMR ESSN NAT CLUMP LTR       ,G1FL22              ,5,15,8.50,12.75,9.50,18.30
3504249,AHMR HARDBALL CAT LITTER      ,G1FL32              ,3,24,13.06,11.94,5.88,13.00
3505076,PRNA1 SMTBL BEEF  RICE        ,G1FL53              ,11,5,4.00,22.50,15.25,16.75
3502855,PTPR SCNTD MLT CAT LITTER     ,G1FL63              ,3,20,11.12,11.11,7.12,35.90
3503145,IAMS PAH SMRT PUPPY LGBRD     ,G1FL73              ,12,7,3.50,22.00,14.50,15.40
3506255,PRNA1 SMTBL CHICKEN  TKY      ,G1FL83              ,11,5,4.00,23.50,16.00,16.50
3505251,MSTM RSE N SHNE DGFD 12CT     ,G1FM02              ,4,18,11.75,14.25,6.25,20.00
3501348,FRST CRYSTAL CAT LITTER       ,G1FM12              ,3,8,12.49,19.04,11.95,34.30
3500339,MWMX GRAVY BRSTS CAT FOOD     ,G1FM22              ,6,13,7.36,15.53,12.06,12.64
3502645,PTPR UNSCNTD LTWT CAT LTR     ,G1FM32              ,3,13,13.50,14.00,9.00,19.20
3504352,NUTRO SML BRD ADLT CHKN B     ,G1FM53              ,12,7,3.00,19.00,15.00,13.20
3504726,PRNA1 SMTBL INDOOR ADV CT     ,G1FM63              ,5,13,8.00,15.00,9.25,14.60
3500826,AHMR CS SLD CLMPNG LTTR       ,G1FM73              ,3,24,13.06,11.94,5.88,29.70
3505423,9LVS DLY ESS CAT FOOD         ,G1FN02              ,8,7,3.50,20.00,13.30,12.40
3500732,REVEAL GF CHICKEN BREAST      ,G1FN04              ,2,39,4.00,10.90,5.50,5.51
3500955,FFST MDLY SHRD CT FD VP       ,G1FN12              ,9,22,3.10,10.70,8.00,5.70
3505577,AHMR DBL DUTY DEOD LITTER     ,G1FN14              ,4,30,9.30,7.44,7.38,13.00
3505114,KIBBLES N BITS BSTRO BEEF     ,G1FN22              ,4,15,6.50,15.00,7.50,14.60
3501921,FFST GRLD CLCTN SEAFOOD       ,G1FN24              ,4,45,7.60,5.20,7.85,6.66
3517255,SCPW FRESH SCENT CAT LTTR     ,G1FN32              ,3,14,10.50,13.30,10.50,46.00
3502593,NATSG SUNFLOWER HEARTS        ,G1FN34              ,3,15,10.19,15.63,7.88,16.00
3506173,MSTM STEAK FLVR DGFD 12CT     ,G1FN53              ,3,18,12.00,14.25,6.25,20.00
3502663,NATSG WILD FINCH SEED         ,G1FN55              ,3,15,10.25,16.00,7.75,16.00
3501019,FFST PTTS GRVY CT FD VP       ,G1FN63              ,7,36,3.75,6.50,7.85,2.78
3505015,MILOS KIT BF SSG SLC W/RC     ,G1FN65              ,3,15,9.63,14.31,7.81,4.40
3503547,PRNA TNDR CRNCH LMB TRKY      ,G1FN73              ,10,5,3.75,23.00,15.50,16.25
3506611,TMTS MIXUPS BCKYRD CKOUT      ,G1FN75              ,4,20,7.50,10.38,8.75,5.30
3504445,FRSK EXTRA GRVY TUNA PATE     ,G1FN83              ,7,14,3.25,13.75,10.40,9.40
3502979,FRSK CLS PATE LVR  CHKN       ,G1FN85              ,7,14,3.25,13.75,10.40,9.40
3505817,FFST DLTS GRLD CT FD VP       ,G1FP02              ,4,45,6.15,5.20,7.85,5.53
3502426,FFST FLKD TROUT FEAST         ,G1FP04              ,9,22,3.00,10.75,8.00,5.30
3502563,FRST MLT-CT CLMP LTR W/FB     ,G1FP12              ,3,28,12.10,11.70,5.50,26.30
3503763,BNFL CHPD BLENDS LAMB         ,G1FP14              ,8,20,4.20,11.20,7.80,5.80
3505511,AHMR  CL LITTER FRVR FRSH     ,G1FP22              ,3,15,11.80,12.50,10.50,43.80
3504206,BNFL MDLYS DOG FOOD VP        ,G1FP24              ,4,45,7.60,5.20,7.85,6.60
3503163,FFST GRLD TURKEY FEAST        ,G1FP34              ,9,22,3.00,10.75,8.00,5.30
3503181,FFST FLKD FISH  SHRIMP        ,G1FP55              ,9,22,3.00,10.75,8.00,5.30
3519386,AHMR CAT LTR DEODRZR PWDR     ,G1FP63              ,5,18,7.50,12.50,8.00,16.20
3503294,FRSK SVRY SHRD SALMON         ,G1FP65              ,7,14,3.25,13.75,10.40,9.40
3503095,TDCT CLMP LTTR PRFRMNCE       ,G1FP73              ,2,15,14.00,13.25,9.50,43.00
3597079,TMTS HB LBSTR N BF CAT FD     ,G1FP75              ,4,16,8.63,12.92,8.32,5.14
3506195,MSTM BRGRCHS DOG FD 12CT      ,G1FP83              ,3,18,11.75,14.25,6.25,20.00
3504919,FFST OCEAN FISH  SALMON       ,G1FP85              ,6,14,5.00,14.50,8.00,12.40
3506067,BNFL HLTHY WEIGHT DOG FD      ,G1FQ02              ,5,11,6.00,15.50,9.50,14.40
3590354,MWMX IRRS SOFT CHICKEN        ,G1FQ04              ,4,40,6.88,7.88,6.00,2.05
3596732,TMTS CRMY PR SLMN CAT FOD     ,G1FQ12              ,6,45,5.55,7.60,3.94,2.43
3503382,FRSK SVRY SHRD TRKY  CHS      ,G1FQ14              ,7,14,3.25,13.75,10.40,9.40
3503032,TDCT CLMP LTTR PRFRMNCE       ,G1FQ22              ,2,15,14.00,13.25,9.50,43.00
3506028,FRSK SCESTNS BF GRDN SCE      ,G1FQ24              ,7,14,3.25,13.75,10.40,9.40
3505108,KIBBLES N BITS ORG SAV BF     ,G1FQ32              ,5,4,5.50,25.00,20.00,45.40
3506984,FFST FLT MGN SFD  SHRIMP      ,G1FQ34              ,4,20,6.90,11.75,7.75,4.70
3500478,FRISKIES SURFIN  TURFIN       ,G1FQ53              ,5,13,6.25,15.25,8.50,13.10
3500757,IAMS PAH LAMB  RICE           ,G1FQ55              ,8,17,4.10,12.00,9.00,11.60
3597372,TMTS CREAMY PURE CAT FOOD     ,G1FQ75              ,5,35,6.50,5.83,6.81,3.72
3590355,MWMX IRRS SOFT SALMON         ,G1FQ83              ,5,40,6.88,7.88,6.00,2.05
3505708,BNFL MAINLINE LF VP CF        ,G1FQ85              ,7,14,3.25,13.75,10.40,9.60
3501040,FRST EXTR CLMP LTR W/FBRZ     ,G1FR22              ,4,13,7.75,14.00,9.50,38.50
3595983,MWMX GRVY BRST TRT CHK FL     ,G1FR24              ,5,40,6.88,7.88,6.00,1.90
3505644,BNFL FRSH PRPD CLS LAMB       ,G1FR32              ,9,40,3.90,7.20,6.20,3.90
3500093,FFST BRTH TUNA ANCH WFSH      ,G1FR34              ,5,48,5.75,6.25,3.75,2.00
3501163,AHMR SLIDE MULT CAT LITTR     ,G1FR53              ,3,15,11.80,12.50,10.50,41.70
3500143,FFST BRTH CRMY CHKN VEG       ,G1FR55              ,5,48,3.75,6.25,5.75,2.00
3504145,PTPR CHCKN LRG DG DTL CHW     ,G1FR63              ,4,13,8.50,9.38,13.50,13.46
3500027,FRSK CLS PATE CNTRY STYLE     ,G1FR65              ,7,14,3.25,13.75,10.38,9.40
3500110,PDGR CC CNTRY STW DOG FD      ,G1GA02              ,8,16,4.25,12.38,9.13,11.40
3502500,FFST DLTS CHKN  CHDR CHS      ,G1GA04              ,9,22,3.00,10.75,8.00,5.30
3504119,PRNA BGGN BCN  CH STRP        ,G1GA12              ,4,9,9.15,16.00,13.60,9.36
3501590,SHBA PRF PRTNS SEAFD CIG      ,G1GA14              ,8,20,4.50,15.00,8.00,5.30
3506577,MLKB FLVR DOG SNCKS SM/MD     ,G1GA22              ,3,15,9.38,15.88,7.13,10.80
3504187,PRNA BGGN BACON STRP          ,G1GA24              ,4,9,9.15,16.00,13.60,9.36
3504240,FRSK TRKY CHKN CT FD VP       ,G1GA32              ,5,21,6.85,7.40,13.70,15.75
3504989,MILOS KIT CHCKN MEATBALLS     ,G1GA34              ,3,15,9.63,14.31,7.81,4.40
3503851,PDGR CHPD GR CKNBF DGFD       ,G1GA53              ,4,15,8.38,12.37,9.13,23.17
3596199,TMTS LCKABL PUREE VP 24CT     ,G1GA55              ,6,35,6.50,5.83,6.81,4.00
3500193,PDGR CC BEEF DOG FOOD         ,G1GA63              ,7,14,5.75,14.00,10.25,20.50
3504194,BNFL INCREDIBITES DGFD        ,G1GA65              ,4,45,7.60,5.20,7.85,6.60
3503063,SHBA  GRILLED CHICKEN         ,G1GA73              ,8,20,4.06,12.64,7.80,4.95
3503008,FFST CLSC COD SOLE SHRIMP     ,G1GA75              ,9,22,3.00,10.75,8.00,5.30
3504180,FRSK SHREDS CT FD VP          ,G1GA83              ,5,21,6.85,7.40,13.70,15.75
3501190,PRNA1 SMTBL TB NTR CS GD      ,G1GA85              ,8,17,4.15,11.90,9.00,11.73
3500001,PDGR CC IN GRAVY DGFD VP      ,G1GB02              ,8,16,4.25,12.38,9.13,11.50
3517002,TMTS SEAFOOD MEDLEY TREAT     ,G1GB04              ,4,25,7.50,9.50,8.20,2.80
3505654,BNFL STK FLVR GRN BNS         ,G1GB12              ,10,22,3.15,10.50,7.50,4.95
3509752,FRSK PATE CT FD VP            ,G1GB14              ,4,23,7.00,10.50,6.00,8.90
3516802,CSAR TRKY RCP DOG FOOD        ,G1GB22              ,8,20,3.70,7.80,12.50,6.50
3501038,PDGR CHPD GRND DNR VP         ,G1GB24              ,8,16,4.25,12.38,9.13,11.50
3503897,SHBA PRF PRTNS KTTN SLMN      ,G1GB32              ,8,20,4.06,12.64,7.80,4.96
3516720,FFST CLSC SEAFOOD FEAST       ,G1GB34              ,9,22,3.00,11.00,8.00,5.30
3596292,FRSK PARTY MIX                ,G1GB53              ,4,34,8.00,9.85,5.45,5.00
3598877,TMTS SUPER VALUE CHICKEN      ,G1GB55              ,4,22,8.31,13.43,5.83,4.60
3503106,SHBA GRILLED SALMON           ,G1GB63              ,8,20,4.06,12.64,7.80,4.95
3502474,PRNA1 SMTBL CHKN  BRN RC      ,G1GB65              ,8,17,4.10,9.00,11.80,11.70
3502460,PRNA1 SMTBL BEEF  BRN RC      ,G1GB73              ,8,17,4.10,9.00,11.80,11.70
3504621,FFST BRTH TUNA SHRMP WFSH     ,G1GB75              ,2,48,3.90,6.40,5.90,2.00
3504657,TMTS TEMPTING TUNA MEGA       ,G1GB83              ,4,16,8.60,12.90,8.30,5.10
3502771,FFST GEMS OCN FSH CTFD        ,G1GB85              ,9,28,4.00,11.50,5.50,3.00
3592808,TMTS MGA BLSFUL CATNIP        ,G1GC02              ,4,16,8.63,8.32,12.92,5.14
3512348,FFST GRLD BEEF FEAST          ,G1GC04              ,9,22,3.00,10.63,8.00,5.20
3500221,PDGR MT GR DN W/CHPD CHKN     ,G1GC12              ,8,16,4.50,12.38,9.13,11.40
3502938,FFST GRLD LIVER  CHICKEN      ,G1GC14              ,9,22,3.00,10.75,8.00,5.30
3500150,PDGR GR CHKN BEEF DGFD VP     ,G1GC22              ,8,16,4.25,12.38,9.13,11.50
3500909,FRSK CLS PATE CPTN CHOICE     ,G1GC24              ,7,14,3.25,13.75,10.38,9.40
3502493,PDGR MT GR DN W/FILET MGN     ,G1GC32              ,8,16,4.00,12.50,9.00,11.40
3590364,FRSK PRTY MIX CAL CRNCH       ,G1GC34              ,4,30,8.65,11.60,5.60,3.03
3503424,FRSK PRM FILETS CT FD VP      ,G1GC53              ,5,21,6.85,7.40,13.70,15.75
3501937,FULL MN ESSNTL CHKN STKS      ,G1GC55              ,3,16,9.50,11.31,9.63,8.00
3504592,TMTS CREAMY DAIRY MEGA        ,G1GC63              ,3,16,8.60,12.90,8.30,5.20
3503002,FULL MN EST CHKN JKY TNDS     ,G1GC65              ,3,16,9.50,12.13,7.19,8.00
3500026,FRSK CHUNKY X-GRAVY VP        ,G1GC73              ,4,23,6.00,10.50,7.00,9.40
3500373,BEGGIN STRIPS BACON  CHS      ,G1GC75              ,4,9,6.50,15.60,12.80,7.80
3503072,PRNA1 SMTBL LAMB  LGR RC      ,G1GC83              ,8,17,4.15,11.90,9.00,11.73
3504114,FRSK SFD CHKN PATE VP         ,G1GC85              ,4,21,6.85,7.40,13.70,15.75
3500155,PDGR MT GR DN W/CHPD BEEF     ,G1GD02              ,8,16,4.25,12.38,9.13,11.40
3501578,BNFL INCREDIBITES DF VP       ,G1GD04              ,6,31,4.70,10.75,5.50,5.45
3506926,PRNA1 SMTBL TRKY VENISON      ,G1GD12              ,8,17,4.15,11.90,9.00,11.70
3501320,SHBA PRF PRTNS SEAFD PATE     ,G1GD14              ,4,36,8.25,8.25,6.50,5.40
3506927,PRNA1 SMTBL CHK DUCK CUTS     ,G1GD22              ,9,17,4.15,11.90,9.00,11.70
3503242,PDGR CHPD GRND DINNR VRTY     ,G1GD24              ,6,25,5.68,11.00,6.50,7.23
3504427,TMTS BLISSFUL CATNIP          ,G1GD32              ,4,25,7.56,8.11,9.45,3.00
3504598,TMTS MIXUPS SURF DLT MEGA     ,G1GD34              ,3,16,8.60,12.90,8.30,5.10
3503333,FRSK SVRY SHRD BEEF           ,G1GD53              ,7,14,3.25,13.75,10.38,9.40
3503565,FRSK LIL SOUPS SALMON         ,G1GD55              ,13,45,3.15,9.00,4.00,1.10
3500154,FRSK SHREDS CT FD VP          ,G1GD63              ,4,23,7.00,10.50,6.20,8.80
3503014,FFST GEMS TURKEY CATFOOD      ,G1GD65              ,10,28,4.00,11.50,5.50,3.00
3505369,MLKB BRSHNG CHW SM/M 25CT     ,G1GD73              ,3,17,11.13,12.06,9.38,7.60
3500964,FFST MDLY FLRNTN CT FD VP     ,G1GD75              ,9,22,3.20,10.70,8.00,5.10
3595000,TMTS MIXUPS SRFRS DLT VP      ,G1GD83              ,3,20,6.75,10.38,8.75,5.31
3503485,SHBA PRF PRTNS CHKN CUTS      ,G1GD85              ,8,20,4.06,12.64,7.80,4.98
3501028,PRNA1 SMTBL BB NTR TC GY      ,G1GF02              ,8,17,4.15,11.90,9.00,11.73
3506635,SHBA PRF PRTNS TRKY PATE      ,G1GF04              ,8,20,4.00,12.25,7.75,5.00
3504976,FRSK TSTY TRSR TURKEY CHS     ,G1GF12              ,7,14,3.00,13.70,10.40,9.40
3503639,SHBA PRF PRTNS SLMN CUTS      ,G1GF14              ,8,20,4.06,12.64,7.80,4.98
3503080,PURINA ONE TRUE INS           ,G1GF22              ,8,17,4.15,11.90,9.00,11.73
3503585,FRSK MTY PRM FLTS VP          ,G1GF24              ,4,23,6.00,6.90,10.35,9.40
3506311,SHBA PRF PRTNS TUNA CUTS      ,G1GF32              ,8,20,4.06,12.63,7.81,4.90
3506032,FFST FLKD TUNA FEAST          ,G1GF34              ,9,22,3.00,10.75,8.00,5.30
3502404,PDGR CHPD CHICKEN DOG FD      ,G1GF53              ,6,14,5.20,13.74,10.24,18.80
3506026,FFST GRVY LVR WFSH TUNA       ,G1GF55              ,9,22,3.00,10.75,8.00,5.30
3503253,FFST ELG MDL SHR WLD SLMN     ,G1GF63              ,9,22,3.00,11.00,8.00,5.30
3503587,FFST SALMON GRVY PT FD        ,G1GF65              ,8,28,4.00,11.50,5.50,3.00
3505071,FFST SVRY CHICKN  TURKEY      ,G1GF73              ,6,14,7.00,14.50,8.00,12.40
3502947,FFST GRVY LVR BEEF PATE       ,G1GF75              ,9,22,3.00,10.75,8.00,5.30
3505641,PRNA1 TRUE INST BF SLMN       ,G1GF83              ,8,17,4.15,11.90,9.00,11.73
3506051,FFST GRLD CHICKEN FEAST       ,G1GF85              ,9,22,3.00,10.75,8.00,5.30
3505354,PDGR CC DOG FOOD VP           ,G1GG02              ,6,20,5.60,11.80,7.60,8.95
3503189,PUPRNI BEEF FLAVOR SNACKS     ,G1GG04              ,3,20,8.50,11.50,7.75,3.40
3500234,FRSK INDOOR DELIGHTS          ,G1GG12              ,5,13,7.25,15.25,8.50,13.10
3506052,FFST GRLD TUNA FEAST          ,G1GG14              ,9,22,3.00,10.75,8.00,5.30
3502111,CSAR HM DLGTS CKN  VGTBL      ,G1GG22              ,8,20,4.00,12.25,7.65,6.20
3500481,PRNA CAT CHOW NTRL INDOOR     ,G1GG24              ,5,13,7.25,15.25,8.50,13.20
3502159,FFST GRVY LVR CT FD VP        ,G1GG32              ,4,45,7.60,5.20,7.80,6.70
3506570,WLCK CRUNCHY  YUMMY TUNA      ,G1GG34              ,3,32,7.25,11.50,4.55,2.20
3500041,MLKB DOG BISCUITS MED         ,G1GG53              ,3,15,9.38,15.88,7.13,10.80
3502994,CSAR PRIME RIB DOG FOOD       ,G1GG55              ,8,20,4.31,7.88,12.63,6.22
3590076,WHSK TMPT BYC MX CF           ,G1GG63              ,4,22,8.31,13.43,5.83,4.65
3594136,TMTS CAT TREATS SHRIMP        ,G1GG65              ,4,25,7.56,9.38,8.06,2.95
3500102,PDGR MT GR DN CKN  RICE       ,G1GG73              ,6,16,4.25,12.38,9.13,11.40
3516791,FRSK MTY BTS BEEF GRAVY       ,G1GG75              ,7,14,3.30,14.00,10.00,9.70
3505344,PDGR CHPPD GRND DGFD VP       ,G1GG83              ,6,20,5.60,11.80,7.60,8.95
3500007,BNFL PPD MLS DGFD VP          ,G1GG85              ,5,22,6.65,10.65,7.65,9.10
3502477,TMTS MIXUPS CATNIP FEVER      ,G1GH02              ,4,25,7.50,7.70,9.00,3.20
3502217,BNFL LOAF W/ CHCK CRRTS       ,G1GH04              ,12,22,3.15,10.50,7.50,4.95
3516713,FFST CLSC TNDR LIVER CHKN     ,G1GH12              ,9,22,3.00,11.00,8.10,5.30
3504570,FFST BRTH CLSC SALMON VEG     ,G1GH14              ,8,48,3.90,6.40,5.90,2.00
3502695,FRSK PARTY PACKD CTL CTFD     ,G1GH22              ,5,13,7.25,15.25,8.50,12.50
3504118,FFST CHICKEN GRVY PT FD       ,G1GH24              ,8,28,4.00,11.50,5.50,3.00
3505166,SHBA CHICKEN ALFREDO          ,G1GH32              ,8,20,4.06,12.63,7.81,4.96
3516989,MLKB MARO SNACKS              ,G1GH34              ,5,16,7.00,11.20,10.50,9.70
3503790,FRSK LIL SOUPS SHRIMP         ,G1GH53              ,6,45,3.15,9.00,4.00,1.10
3509751,FRSK PRM FLT CHKN GRAVY       ,G1GH55              ,7,14,3.00,13.70,10.30,8.80
3504669,MLKB SFT  CHWY CHCKN SNK      ,G1GH63              ,4,16,8.00,11.80,10.00,4.90
3501116,FFST GRLD SEAFOOD FEAST       ,G1GH65              ,9,22,3.00,10.70,8.00,5.30
3503613,BNFL CHPD BLENDS DGFD VP      ,G1GH73              ,4,22,6.50,10.50,7.75,8.60
3503584,FRSK SVRY SHRD OCFSH TUNA     ,G1GH75              ,7,14,3.25,13.75,10.40,9.40
3503647,MLKB GRAVY BISCUITS SM/MD     ,G1GH83              ,3,20,9.38,14.38,6.75,8.72
3503503,FRSK SVRY SHRD CHICKEN        ,G1GH85              ,7,14,3.25,13.75,10.40,9.40
3516708,MLKB FLVR DOG SNCKS SM/MD     ,G1GJ02              ,3,9,9.50,15.50,17.00,26.50
3503205,BUSY BONE CHWNLA S/M 2CT      ,G1GJ04              ,2,30,7.70,7.50,7.50,4.40
3503168,MWMX SVRY MRSL SEAFD FAVS     ,G1GJ12              ,5,15,7.10,13.50,8.70,11.90
3506055,MLKB DIPPED PEANUT BUTTER     ,G1GJ14              ,3,18,9.08,12.11,8.06,3.75
3504500,PRNA1 TRU INST DOG FD VP      ,G1GJ22              ,7,17,5.00,11.85,8.90,11.42
3501435,FRSK SLCT INDR SEAFD RICE     ,G1GJ24              ,7,14,3.25,13.75,10.40,9.40
3516757,FFST CLSC OCEAN WFSH TUNA     ,G1GJ32              ,9,22,3.00,10.70,8.20,4.90
3502725,MLKB MINI FLAVOR SNACKS       ,G1GJ34              ,4,29,8.25,10.19,6.19,7.00
3503364,MEOW MIX TENDER FAVORITES     ,G1GJ53              ,5,16,6.90,11.70,8.35,10.00
3506044,FULL MN NT DG TRTS CH JRK     ,G1GJ55              ,3,16,10.13,12.13,8.31,3.50
3503869,PDGR MT GR DN BF BCN CHS      ,G1GJ63              ,7,16,4.25,12.38,9.13,11.46
3595182,TMTS SEAFOOD SUPER VALUE      ,G1GJ65              ,4,22,8.31,13.43,5.83,4.60
3505415,PDGR CHPD GR CHICKEN DGFD     ,G1GJ73              ,5,43,5.69,7.75,5.50,3.92
3501696,FRSK TSTY TRSR OCN WHTFSH     ,G1GJ75              ,7,14,3.25,13.75,10.40,9.40
3511838,FFST CHUNKY CHICKEN FEAST     ,G1GJ83              ,9,22,3.00,10.75,8.13,5.40
3501911,FRSK SVRY SHRD TRKY GBLTS     ,G1GJ85              ,7,14,3.75,14.20,10.40,9.40
3501237,PRNA1 SMTBL VRTY PK 6CT       ,G1GK02              ,8,17,4.00,11.85,8.90,11.60
3502204,FRSK PRM FLT SALMON BEEF      ,G1GK04              ,7,14,3.25,13.75,10.38,9.40
3501988,CSAR DUCK DOG FOOD            ,G1GK12              ,8,20,4.02,12.20,7.87,6.22
3502767,PRNA1 PLUS WHOLE BODY CF      ,G1GK14              ,4,11,8.25,15.50,9.50,14.40
3504667,MLKB TRAIL MIX BF SWTPOT      ,G1GK22              ,4,28,7.50,9.20,6.90,4.20
3501043,WHSK CAT MILK                 ,G1GK24              ,7,18,4.33,15.95,6.50,11.50
3503560,BNFL PPD MLS BF/CH/LMB VP     ,G1GK32              ,4,22,6.50,10.50,7.75,8.60
3503949,MLKB CMFRT CHW DOG TREAT      ,G1GK34              ,3,27,9.13,10.56,6.31,3.18
3503695,BNFL CHPD BLENDS BEEF         ,G1GK53              ,8,20,4.20,11.20,7.80,5.80
3502210,FRSK PRM FLT CHKN  TUNA       ,G1GK55              ,7,14,3.00,13.60,10.25,9.40
3503531,PRNA TNDR CUT IN GRVY         ,G1GK63              ,8,17,4.15,11.90,9.00,11.73
3506047,PRNA BUSY STF D DOG TRTS      ,G1GK65              ,3,20,11.40,11.85,8.10,12.10
3502429,FRSK FL SALMON CATFOOD        ,G1GK73              ,7,14,3.25,13.75,10.40,9.40
3594230,WLCK CRNCHYYUMY CHKNSFD       ,G1GK75              ,3,32,7.25,11.50,4.55,2.20
3503012,CSAR SVRY DLTS HM EGG CHS     ,G1GK83              ,8,20,4.06,7.80,12.64,6.22
3503051,FRSK SVRY SHRD WFSH SARD      ,G1GK85              ,7,14,3.25,13.75,10.40,9.40
3504911,SHBA PRF PRTNS PLTRY PATE     ,G1GL02              ,8,20,4.00,12.75,8.00,5.40
3502043,FFST PTTS GRLD CHKN ENTRE     ,G1GL04              ,7,30,4.25,7.45,7.45,2.65
3504161,FRSK SCESTNS TRKY  GBLTS      ,G1GL12              ,7,14,3.25,13.75,10.40,9.40
3504272,FRSK SLCT INDR CLASC CHKN     ,G1GL14              ,7,14,3.25,13.75,10.40,9.40
3511818,CSAR PRTHS STK DOG FD         ,G1GL22              ,8,20,4.00,12.20,7.50,6.00
3503161,FFST GRLD SALMON  SHRIMP      ,G1GL24              ,7,22,3.00,10.75,8.00,5.30
3500060,FRSK CLS PATE CHKN TUNA       ,G1GL32              ,7,14,3.25,13.75,10.38,9.40
3505983,FRSK PRM FLT BEEF             ,G1GL34              ,7,14,3.25,13.75,10.40,9.40
3516837,FRSK CLS PATE TRKY  GBLT      ,G1GL53              ,7,14,3.30,13.90,10.30,9.50
3504139,FRSK MTY BTS CHICKEN GRVY     ,G1GL55              ,7,14,3.25,13.75,10.40,9.40
3504534,BUSY BONE TWISTED DG CHW      ,G1GL63              ,3,20,9.00,11.90,7.65,7.50
3501087,FFST GRVY LVRS OC WF  TN      ,G1GL65              ,9,22,3.00,10.75,8.00,5.30
3516636,FFST SEAFD PATE CT FD VP      ,G1GL73              ,4,45,6.10,7.80,5.10,5.30
3503614,FRSK CLS PATE SALMON DNNR     ,G1GL75              ,7,14,3.25,13.75,10.40,9.40
3502750,FRSK TSTY TRSR CHKN CHS       ,G1GL83              ,7,14,3.25,13.75,10.40,9.40
3590753,FRSK PRTY MIX GRVYLCS TRK     ,G1GL85              ,4,30,8.65,11.60,5.60,3.03
3501754,BNFL CHPD BLENDS CHKN         ,G1GM02              ,6,28,4.65,11.25,5.65,5.40
3504137,FFST KTN TNDR CHK CAT FD      ,G1GM04              ,9,22,3.00,10.75,8.00,5.30
3503697,PDGR DNTSTX WITH CHKN DT      ,G1GM12              ,3,12,10.13,13.00,10.31,7.30
3503643,PUPRNI PRIME RIB FLV SNKS     ,G1GM14              ,4,20,7.97,11.59,7.59,3.90
3506637,SHBA PRF PRTNS SLMN PATE      ,G1GM22              ,8,20,4.00,12.25,8.00,5.00
3503459,FRSK CHKN LOVERS CT FD VP     ,G1GM24              ,5,21,6.85,6.00,13.70,12.93
3503756,BNFL CHPD BLENDS CHICKEN      ,G1GM32              ,6,20,4.45,11.20,7.80,5.80
3503276,CSAR SVRY DLTS DGFD VP        ,G1GM34              ,4,36,8.00,13.25,4.38,6.50
3504567,CSAR CHKNLVR RCP DOG FD       ,G1GM53              ,8,20,4.00,12.60,7.80,6.20
3503867,SHBA PRF PRTNS SEAFD CIG      ,G1GM55              ,4,36,6.50,8.27,8.07,5.11
3506305,CSAR SN GRLD STEAK  EGGS      ,G1GM63              ,8,20,4.02,12.20,7.87,6.80
3504273,FRSK INDOOR CT FD VP          ,G1GM65              ,4,23,6.90,6.00,10.35,9.40
3503490,PDGR DRIZZLERS VRTY POUCH     ,G1GM73              ,4,39,7.13,4.88,8.62,4.60
3503698,PEDIGREE DENTASTIX LRG        ,G1GM75              ,3,12,10.13,13.00,10.31,8.29
3500091,FRSK POULTRY CT FD VP         ,G1GM83              ,5,21,6.85,6.00,13.70,12.90
3502869,BNFL PPD MLS RC  LMB STW      ,G1GM85              ,7,20,4.50,10.50,8.00,5.90
3504086,FFST PLTRY SLCD CT FD VP      ,G1GN02              ,4,45,6.15,5.20,7.85,5.53
3502000,FULL MN SVRY STCK DOG TRT     ,G1GN04              ,3,16,10.50,11.31,9.63,7.25
3504816,MLKB BRSHNG CHW MINI 14CT     ,G1GN12              ,3,27,9.20,10.40,6.25,3.10
3504250,FRSK SCESTNS SALMN  TUNA      ,G1GN14              ,7,14,3.25,13.75,10.40,9.40
3503041,IAMS PAH PTE CHKNRC DGFD      ,G1GN22              ,9,17,4.00,12.00,9.00,11.60
3504287,FRSK SLCT INDR CHKN TRKY      ,G1GN24              ,7,14,3.25,13.75,10.40,9.40
3590337,TMTS SEAFOOD MEDLEY MEGA      ,G1GN32              ,4,16,8.31,12.91,8.23,5.18
3504436,PDGR CC FLT MIGNON DOG FD     ,G1GN34              ,6,43,5.69,7.75,5.50,3.92
3516675,CSAR BEEF RCP DOG FOOD        ,G1GN53              ,8,20,3.80,12.50,7.80,6.50
3517014,TMTS SAVORY SALMON TREATS     ,G1GN55              ,4,25,7.50,9.40,8.10,3.20
3505182,CSAR HM DLGTS CHKN BF VP      ,G1GN63              ,8,20,4.38,13.25,8.00,6.60
3503202,IAMS PAH CHK WHL GRN DGFD     ,G1GN65              ,6,16,4.25,12.38,9.13,11.38
3510042,FFST KITTEN TNDR TRKY FST     ,G1GN73              ,9,22,3.00,10.70,8.00,5.30
3503092,PRNA BUSY PET SNACK           ,G1GN75              ,3,20,9.00,11.90,7.65,7.50
3502760,FRSK MTY BTS CHICKEN CTFD     ,G1GN83              ,9,17,4.15,11.90,9.00,11.73
3505032,MILK-BONE 4.5 OUNCE PEANU     ,G1GN85              ,4,35,8.75,10.00,5.40,2.75
3504490,PRNA1 GRVY TNDR CUTS VP       ,G1GP02              ,6,17,5.00,11.85,8.90,11.60
3502737,FULL MN EST BEEF JKY TNDS     ,G1GP04              ,3,16,9.50,12.13,7.19,7.25
3502425,BNFL PPD MLS BF  CKN MDL      ,G1GP12              ,8,20,4.60,10.90,7.80,5.80
3500109,PDGR CC BEEF DOG FOOD         ,G1GP14              ,6,16,4.25,12.38,9.13,11.40
3503713,PDGR HIGH PRO BF CH TK VP     ,G1GP22              ,6,20,5.60,11.80,7.70,8.80
3505081,FFST TUNA GRVY PT FD          ,G1GP24              ,8,28,4.00,11.50,5.50,3.00
3505460,BEGGIN STRIPS BACON TREAT     ,G1GP32              ,3,20,10.00,11.60,7.00,3.40
3505824,FFST SEAFD PATE CT FD VP      ,G1GP34              ,9,22,3.15,10.75,8.00,5.65
3590340,TEMPTATIONS MGA SHRMP CF      ,G1GP53              ,4,16,8.62,12.91,8.31,4.41
3505645,BNFL LOAF W/ BEEF  PEAS       ,G1GP55              ,11,22,3.15,10.50,7.50,4.95
3594580,TMTS CRMY PURREE CK           ,G1GP63              ,6,45,5.55,7.60,3.94,2.43
3502003,CSAR SN GRLD BACON  EGGS      ,G1GP73              ,8,20,4.02,12.20,7.87,6.22
3503038,FFST PTTS OCN WFSH            ,G1GP75              ,7,30,4.25,7.45,7.45,2.65
3502780,FRSK MTY BTS OCN FISH         ,G1GP83              ,9,17,4.15,11.90,9.00,11.73
3597242,WHSK TRKYU FLVR CAT FOOD      ,G1GP85              ,4,16,8.00,13.00,8.50,4.41
3500012,BNFL CHPD BLENDS DGFD VP      ,G1GQ02              ,5,22,6.50,10.65,7.65,9.10
3503000,FRSK GI CHICKEN VEGS CTFD     ,G1GQ04              ,7,14,3.25,13.75,10.40,9.40
3503882,CSAR LAMB RCP DOG FOOD        ,G1GQ12              ,8,20,4.00,12.60,7.80,6.20
3502198,FFST GRVY LVR CHKN  BEEF      ,G1GQ14              ,9,22,3.25,11.00,8.25,5.30
3506279,TMTS MIXUPS CATNIP FEVER      ,G1GQ22              ,4,20,7.50,8.75,10.38,4.80
3500298,FFST CLSC BEEF  CHICKEN       ,G1GQ24              ,9,22,3.00,10.75,8.00,5.30
3504682,PRNA1 SMTBL LAMB  LGR RC      ,G1GQ32              ,9,17,3.90,11.90,9.00,11.70
3503981,MLKB DOG BISCUITS LARGE       ,G1GQ34              ,4,18,9.38,12.88,8.25,9.57
3503453,CSAR ROT CHKN SPRG VEG        ,G1GQ53              ,5,13,6.50,17.00,7.50,11.16
3505007,PRNA1 SMTBL CHKN  BRN RC      ,G1GQ55              ,8,17,4.00,12.25,9.00,11.70
3505435,FFST GRVY LVR TRKY FEAST      ,G1GQ63              ,9,22,3.00,10.75,8.00,5.30
3506634,SHBA PRF PRTNS CHKN PATE      ,G1GQ65              ,8,20,4.00,12.25,7.50,5.00
3595786,WHSK TMPTATNS LBSTR FLV       ,G1GQ73              ,4,16,8.63,12.92,8.32,5.16
3505637,SHBA PRF PRTNS PLTRY CIG      ,G1GQ75              ,8,20,4.38,13.25,8.00,5.36
3505672,BENEFUL MAINLINE IN           ,G1GQ83              ,7,14,3.25,13.75,10.40,9.60
3505619,PRNA BUSY TWISTD TINY         ,G1GR22              ,4,20,8.00,11.65,5.50,3.00
3506925,PRNA1 SMTBL TRKY VENISON      ,G1GR24              ,8,17,4.15,11.90,9.00,11.70
3502858,BNFL PPD MLS SIMMERD BEEF     ,G1GR32              ,6,20,4.50,10.50,7.80,5.90
3506607,FFST MDL PATE CHKN PRM        ,G1GR34              ,9,22,3.00,10.75,8.00,5.30
3500667,PRNA1 SMTBL BB NTR TC GY      ,G1GR53              ,8,17,4.15,11.90,9.00,11.73
3503165,FRSK CLS PATE OCNFSH TUNA     ,G1GR55              ,7,14,3.25,13.75,10.38,9.40
3501793,FFST GRLD OCEAN WFSH TUNA     ,G1GR63              ,9,22,3.00,10.70,8.00,4.90
3505211,SHBA PRP PRTN CUT GRVY CF     ,G1GR65              ,8,20,4.06,12.64,7.80,4.98
3503318,PRNA GRVY TNDR CUTS VP        ,G1HA02              ,8,17,4.15,12.00,9.00,11.65
3501431,TMTS TASTY CHICKEN VAL PK     ,G1HA04              ,4,20,7.50,10.30,8.70,5.30
3501333,CSAR GRMT FLTS DOG FD VP      ,G1HA12              ,8,20,4.50,12.50,8.00,6.70
3504765,PDGR DRIZZLERS LAMP POUCH     ,G1HA14              ,3,50,7.40,6.14,10.00,6.00
3500238,PDGR CK FL BCN BF DF          ,G1HA22              ,6,20,5.60,11.90,7.70,8.95
3501157,FFST GRVY LVRS PATE CLLCT     ,G1HA24              ,4,45,6.15,5.20,7.85,5.53
3503734,FFST GRVY LVR GRLD CHKN       ,G1HA32              ,9,22,3.00,10.70,8.00,5.00
3503211,PUPRNI LEAN BEEF DOG SNKS     ,G1HA34              ,4,20,7.75,11.50,7.50,3.90
3506344,CSAR BEEF DOG FOOD VP         ,G1HA53              ,5,36,6.50,8.25,8.06,6.28
3504986,MILOS KIT CHCKN JRKY STRP     ,G1HA55              ,3,15,9.63,14.31,7.81,3.80
3501736,BUSY RLLHD SML/MED 3CT        ,G1HA63              ,3,30,7.50,7.70,7.20,4.20
3517004,TMTS HEARTY BEEF TREATS       ,G1HA65              ,4,25,8.10,9.40,7.50,3.20
3500270,PRNA1 SMTBL TVCD TC GRY       ,G1HA73              ,8,17,4.00,11.85,8.90,11.42
3598942,FRSK PRTY MIX ORIGINAL        ,G1HA75              ,4,30,8.65,11.60,5.60,3.00
3504127,PTPR MNT SML DG DTL CHW       ,G1HA83              ,7,20,5.00,7.75,11.00,2.79
3504178,FRSK SEL INDR OCN WHTFISH     ,G1HA85              ,7,14,3.25,13.75,10.40,9.40
3501931,REVEAL TNA FLT GRVY CC        ,G1HB02              ,5,39,5.20,8.40,5.40,5.51
3502997,CSAR SVRY DLTS FLT MIGNON     ,G1HB04              ,8,20,4.06,7.80,12.64,6.22
3516623,FFST SLCD CHKN HRTS  LVR      ,G1HB12              ,9,22,3.00,10.70,8.00,5.00
3503861,CSAR ANG BFCHS DOG FD         ,G1HB14              ,8,20,4.00,12.60,7.80,6.20
3595107,FRSK LIL LCKABLS CHKN 4CT     ,G1HB22              ,4,26,8.10,9.60,6.80,5.41
3500751,FFST KITTEN PATE VP           ,G1HB24              ,4,45,6.15,5.20,7.85,5.53
3505013,CSAR ROTSR CHICKEN DOG FD     ,G1HB32              ,8,20,4.00,12.60,7.80,6.20
3505525,CSAR HM DLGTS DGFD VP         ,G1HB34              ,4,36,8.25,8.25,8.06,6.28
3505616,BUSY BONE W/MEAT MINI         ,G1HB53              ,4,20,8.65,11.50,6.75,6.30
3517019,TMTS TASTY CHICKEN TREATS     ,G1HB55              ,4,25,7.50,9.40,8.10,3.20
3502857,FRSK FL CHICKEN CATFOOD       ,G1HB63              ,7,14,3.25,13.75,10.40,9.40
3596227,FRSK PARTY MIX                ,G1HB65              ,4,34,8.00,9.85,5.45,5.00
3509747,FRSK MTY BTS CT FD VP         ,G1HB73              ,4,23,7.00,10.50,6.20,8.80
3505049,PRNA BGGN FLVR STX            ,G1HB75              ,3,20,9.00,11.65,7.65,3.41
3590350,TMTS CREAMY PURE CAT FOOD     ,G1HB83              ,5,35,6.50,5.83,6.81,3.63
3590351,TMTS CRMY DAIRY VLU PK        ,G1HB85              ,4,20,7.48,10.35,8.74,5.34
3500684,REVEAL GF TUNA FLT W CRAB     ,G1HC02              ,8,39,4.00,10.90,5.50,5.50
3500322,FFST PTTS BF CRT GRVY         ,G1HC04              ,7,30,4.25,7.45,7.45,2.65
3502447,SHBA PRF PRTNS PATE           ,G1HC12              ,4,36,8.07,8.27,6.50,4.96
3504033,FRSK PRM FLT TURKEY           ,G1HC22              ,7,14,3.25,13.75,10.40,9.40
3505407,FRSK TSTY TRSRS CT FD VP      ,G1HC24              ,4,23,6.90,6.00,10.35,9.40
3516756,FFST CLSC TNDR BEEF FEAST     ,G1HC32              ,9,22,3.10,11.00,7.80,5.50
3590341,PURINA FRISKIES PET SNACK     ,G1HC34              ,5,30,7.40,12.80,4.75,5.10
3500424,REVEAL IN BROTH VRTY PCK      ,G1HC53              ,4,28,8.20,11.20,5.60,11.40
3596071,FRSK PRTY MIX BCHSD CRNCH     ,G1HC55              ,3,32,7.25,11.50,4.55,2.81
3594997,TMTS SEAFOOD MDLY VAL PK      ,G1HC63              ,4,20,7.50,10.38,8.75,6.46
3581578,FRSK PARTY MIX GRVY           ,G1HC65              ,2,30,7.40,12.80,4.75,5.10
3504716,PDGR MT GR DN TRKY  BCN       ,G1HC73              ,8,16,4.00,12.00,9.13,11.40
3502357,PUPRNI PRM RIB FLAVR SNKS     ,G1HC75              ,3,16,8.23,11.51,9.81,6.50
3500780,REVEAL FISH SLCTN MLTIPCK     ,G1HC83              ,3,28,8.20,11.20,5.60,11.41
3596983,TMTS MIXUPS BCKYRD CKOUT      ,G1HC85              ,4,16,8.62,12.91,8.31,4.41
3502954,FFST SEAFD PATE CT FD VP      ,G1HD02              ,4,45,7.60,5.20,7.85,6.66
3516840,FRSK CLS PATE MIXED GRILL     ,G1HD04              ,7,14,3.30,13.90,10.30,9.70
3501718,BUSY BONE MINI DOG 4CT        ,G1HD12              ,3,20,8.40,11.20,8.30,4.30
3503050,CSAR CKN  SRLN DG FD VP       ,G1HD22              ,8,20,4.00,12.50,8.00,6.40
3501717,BNFL CHPD BLENDS BEEF 3CT     ,G1HD24              ,6,28,4.65,11.25,5.65,5.40
3504245,FRSK OCN DLGHT CT FD VP       ,G1HD32              ,5,21,6.85,7.40,13.70,15.75
3503451,TMTS TANTALIZING TURKEY       ,G1HD34              ,4,25,7.50,9.40,7.90,3.20
3506003,IAMS PAH CHCK RIC SAUC DF     ,G1HD53              ,8,16,4.13,12.44,9.13,13.30
3504101,FRSK CLS PATE PLTRY PLTTR     ,G1HD55              ,7,14,3.25,13.75,10.40,9.40
3501653,BNFL CHPD BLENDS SALMON       ,G1HD63              ,7,20,4.65,10.95,7.85,5.80
3590333,TMTS MIXUP CNV FVR CAT FD     ,G1HD65              ,4,22,8.31,13.43,5.83,4.65
3506535,BEGGIN LTTLS BACON FLAVOR     ,G1HD73              ,4,20,7.65,11.60,9.85,3.40
3502166,FFST GRVY LVR SALMON SOLE     ,G1HD75              ,9,22,3.00,10.75,8.00,5.30
3503256,FFST ELG MDL SHR YLWFN TN     ,G1HD83              ,9,22,3.00,11.00,8.00,5.30
3504435,BNFL CHPD BLENDS TURKEY       ,G1HD85              ,8,20,4.65,10.95,7.85,5.80
3500336,FFST PTTS TRKY SWT PT GRV     ,G1HF02              ,7,30,4.25,7.45,7.45,2.65
3505671,BNFL FRSH PRPD STW CHKN       ,G1HF04              ,9,40,3.90,7.20,6.20,3.90
3502350,PUPRNI TRIPLE STEAK           ,G1HF12              ,3,16,8.24,11.52,9.82,6.50
3506094,CSAR GRLD CHKN FLVR DG FD     ,G1HF14              ,7,50,4.69,3.11,5.35,2.92
3503240,FFST CLSC SALMON SHRIMP       ,G1HF22              ,9,22,3.00,10.50,8.00,5.30
3505089,FFST SEAFD GRLD CT FD VP      ,G1HF24              ,4,45,6.15,6.15,7.85,5.50
3502878,FFST CLSC BEEF  LIVER         ,G1HF32              ,9,22,3.00,10.70,8.00,5.30
3505653,SHBA PRF PRTNS CUTS VP        ,G1HF34              ,4,36,8.06,8.25,6.50,5.09
3500035,CSAR CHKN  FLT MGN WT DF      ,G1HF53              ,7,50,4.69,3.11,5.35,2.92
3596145,FRSK LIL LCKABLS WHT FSH      ,G1HF55              ,4,26,8.10,9.60,6.80,5.41
3503101,FRSK SVRY SHRD CHK SALMON     ,G1HF63              ,7,14,3.25,13.75,10.40,9.40
3509741,FFST PLTRY BF GRLD VP         ,G1HF65              ,4,45,6.10,7.80,5.10,5.50
3506343,PRNA1 SMTBL BF SLMN DGFD      ,G1HF73              ,8,17,4.15,11.90,9.00,11.73
3500967,FFST ELG MDL CHKN  RICE       ,G1HF75              ,9,22,3.00,10.80,8.00,5.00
3502950,FRSK MTY BTS GOURMET GRL      ,G1HF83              ,7,14,3.25,13.75,10.40,9.40
3502323,PUPRNI ORIGINAL BEEF MINI     ,G1HF85              ,2,16,8.24,11.52,9.82,6.60
3500660,IAMS PAH CHNK W/ BEEF VEG     ,G1HG02              ,8,16,4.25,12.38,9.13,11.20
3506706,CSAR WET DOG FOOD VP          ,G1HG04              ,4,36,8.27,8.07,6.50,6.30
3505311,SHBA PRF PRTN SEAFD PATE      ,G1HG12              ,8,20,3.90,13.25,8.00,5.36
3504020,FFST GRVY LVR BEEF FEAST      ,G1HG14              ,9,22,3.00,10.70,8.00,5.30
3515509,FRSK PRTY MIX ORIGINAL        ,G1HG22              ,4,32,7.00,11.50,4.50,2.00
3500118,FFST BRTH CRMY SALMON VEG     ,G1HG24              ,2,48,4.00,6.50,5.75,2.00
3503404,TMTS TEMPTING TUNA TREATS     ,G1HG32              ,4,25,7.50,9.40,7.90,3.10
3503495,FFST PTTS SRD SLMN ENTRE      ,G1HG34              ,7,30,4.25,7.45,7.45,2.65
3504177,FFST CLSC TRKY  GIBLT         ,G1HG53              ,9,22,3.00,10.75,8.00,5.30
3500123,PDGR CC IN GRAVY VRTY PCK     ,G1HG55              ,6,25,5.68,11.00,6.50,7.23
3506589,MLKB DOG BISCUITS SMALL       ,G1HG63              ,3,15,9.38,15.88,7.13,10.80
3501041,MLKB DOG BISCUITS LARGE       ,G1HG65              ,3,18,9.80,12.80,7.00,7.40
3502173,FFST GRVY LVR CKN HRT LVR     ,G1HG73              ,9,22,3.00,10.75,8.00,5.30
3503737,BEGGIN STRIPS BACON PBTTR     ,G1HG75              ,4,20,9.00,11.50,7.50,3.40
3511819,CSAR GRILLED CHICKEN DGFD     ,G1HG83              ,8,20,4.00,12.20,7.70,6.00
3504000,MEOW MIX PATE TOPPERS SEA     ,G1HG85              ,5,15,6.94,13.39,8.59,10.34
3505258,BEGGIN STRIPS BACN  BEEF      ,G1HH02              ,5,9,6.65,15.65,12.75,7.80
3503704,PEDIGREE DENTASTIX LRG        ,G1HH04              ,3,12,10.13,13.00,10.31,9.13
3505274,BUSY BONE TINY TREATS         ,G1HH12              ,4,20,9.00,11.90,7.65,5.00
3503252,FFST ELG MDL SALMN FLRNT      ,G1HH14              ,9,22,3.00,11.00,8.00,5.30
3503650,MLKB MARO SNKS PNT BTR        ,G1HH22              ,4,24,8.50,11.94,6.44,6.24
3596129,FFST LD CHICKEN MOUSSE        ,G1HH24              ,6,54,5.20,9.25,3.60,1.57
3504074,FFST GMS CHKN  BF CLLCTN      ,G1HH32              ,11,28,4.00,5.50,11.50,3.00
3502337,PUPRNI BEEF FLAVOR SNACKS     ,G1HH34              ,3,16,8.24,11.52,9.82,6.60
3596021,WHSK TMPTATNS LBSTR BF        ,G1HH53              ,4,20,7.48,10.35,8.74,4.92
3596114,FFST LD CHKN MOUSSE           ,G1HH55              ,6,54,5.20,9.25,3.60,1.57
3505419,PDGR BEEF BCN CHS DGFD        ,G1HH63              ,6,43,5.69,7.75,5.50,3.92
3516868,CSAR FILET MIGNON DGFD        ,G1HH65              ,8,20,4.00,12.20,7.50,5.90
3501908,FFST GRVY LVRS CK FST GRV     ,G1HH73              ,9,22,3.00,10.75,8.00,5.30
3500020,CSAR RTSRIE CHKN FL DG FD     ,G1HH75              ,8,50,4.69,3.11,5.35,2.92
3503616,SHBA PRF PRTNS KTTN PATE      ,G1HH83              ,8,20,4.37,13.27,7.99,5.00
3510054,FFST KITTEN TNDR OCN WFSH     ,G1HH85              ,9,22,3.00,10.70,8.00,5.30
3502984,FFST PLTRY BF PATE VP         ,G1HJ02              ,4,45,7.60,5.20,7.85,6.66
3505664,BNFL LOAF W/ CHKN PEAS        ,G1HJ04              ,9,22,3.15,10.50,7.50,4.95
3595203,WHSK TMPT SLMN SPR VALUE      ,G1HJ12              ,3,22,8.31,13.43,5.83,4.60
3516721,FFST CLSC SVRY SALMON FST     ,G1HJ14              ,9,22,3.00,10.80,8.00,5.30
3502981,FFST CHKN PATE CT FD VP       ,G1HJ22              ,9,22,3.15,10.75,8.00,5.65
3504174,FRSK CHKN SVRY GRVY CT FD     ,G1HJ24              ,7,14,3.25,13.75,10.40,9.40
3506048,MLKB SFT CHWY CHCKN DG FD     ,G1HJ32              ,4,36,7.63,9.63,5.00,4.04
3505614,BUSY BONE TWSTD SM/MED        ,G1HJ34              ,3,20,9.00,11.90,7.65,7.50
3502978,FRSK GI SHRMP VEGS CTFD       ,G1HJ53              ,7,14,3.25,13.75,10.40,9.40
3594135,TMTS SAVORY SALMON            ,G1HJ55              ,4,20,7.50,10.25,8.75,4.87
3594575,TMTS CLSSC SFT CAT TREATS     ,G1HJ63              ,3,25,7.56,9.38,8.06,2.95
3505727,FFST BEEF GRVY PT FD          ,G1HJ65              ,6,28,4.00,11.50,5.50,3.00
3504196,FRSK TSTYTR VP 12CT           ,G1HJ73              ,7,14,3.25,13.75,10.40,9.60
3503019,CSAR CHKN  BEEF PUPPY FD      ,G1HJ75              ,8,20,4.06,7.80,12.64,6.22
3511894,PDGR CHPD BEEF DOG FOOD       ,G1HJ83              ,7,14,5.00,13.70,10.20,17.70
3503465,FFST PLTRY BF PATE VP         ,G1HJ85              ,4,45,5.20,6.10,7.80,5.50
3503520,PDGR BEEF BCN CHS DOG FD      ,G1HK02              ,6,14,5.12,13.62,10.35,18.71
3595993,FRSK LIL LICK CHK TUN VP      ,G1HK04              ,5,32,6.70,8.45,5.90,4.25
3595347,TMTS CREAMY PURRRREE TUNA     ,G1HK12              ,6,45,5.55,7.60,3.94,2.56
3503254,BNFL MDLYS ROMANA STYL DF     ,G1HK14              ,6,28,4.60,11.20,5.60,5.40
3503680,CANINE CO CHK FLVR NUGETS     ,G1HK22              ,4,28,7.95,11.33,5.64,2.22
3502721,BUSY BONE SML/MED DOG 2CT     ,G1HK24              ,2,52,7.40,10.00,3.70,3.20
3503071,CSAR BRKFST  DNR DGFD VP      ,G1HK32              ,8,20,3.50,13.25,8.00,6.60
3500688,REVEAL CKN SLCTN MULTIPCK     ,G1HK34              ,4,28,4.20,11.00,11.00,11.41
3504303,CSAR SVRY DLTS DOG FD VP      ,G1HK53              ,8,20,4.50,13.25,8.00,6.60
3503452,TMTS TASTY CHICKEN MEGA       ,G1HK55              ,3,16,8.60,12.90,8.30,5.10
3502807,CSAR FILET MIGNON DGFD        ,G1HK63              ,4,36,7.75,6.75,8.06,6.28
3505658,BNFL STEWS TURKEY DINNER      ,G1HK65              ,9,40,3.90,7.20,6.20,3.90
3592401,TMTS TEMPTING TUNA            ,G1HK73              ,5,20,7.50,10.38,8.75,4.87
3506715,BNFL MDLYS TSCN ROMNA VP      ,G1HK75              ,6,31,4.70,10.75,5.50,5.50
3502537,FFST GRVY LVR CT FD VP        ,G1HK83              ,4,45,5.20,7.85,6.15,5.50
3505656,BNFL FRSH PRPD CLS TRKY       ,G1HK85              ,9,40,3.90,7.20,6.20,3.90
3505463,BEGGIN STRIPS BACON  CHS      ,G1HL02              ,5,20,9.00,11.60,9.80,3.40
3590553,TMTS TST CHKN FLV UVS CAT     ,G1HL12              ,6,11,7.76,15.00,10.00,12.83
3503255,FFST ELG MDL YLLWFN TUNA      ,G1HL22              ,9,22,3.00,11.00,8.00,5.30
3505575,PRNA FNCY FEAST SC CAT FD     ,G1HL24              ,9,22,3.15,10.75,8.00,5.65
3505976,PRNA DNTLF TRTS SM/MD DOG     ,G1HL32              ,3,20,11.40,11.85,8.10,5.83
3502986,FRSK PRTY MIX BCHSD CRNCH     ,G1HL53              ,3,30,7.40,12.80,4.75,5.10
3505128,PTPR SMALL FIVE FLV           ,G1HL55              ,4,30,9.00,7.50,8.00,5.30
3503500,FRSK SEAFD PATE CT FD VP      ,G1HL63              ,5,21,6.00,13.70,6.75,12.93
3506046,PRNA BUSY STF D DOG TRTS      ,G1HL65              ,4,20,9.20,11.90,7.15,5.60
3502032,SHBA SLCTNS FLTS CK SH        ,G1HL73              ,12,42,3.50,6.10,6.50,1.38
3505126,PTPR MDM PBUTTER FLV          ,G1HL83              ,5,30,9.00,7.50,8.00,5.30
3501192,CANINE CO HOT TACO MNS BF     ,G1HM02              ,5,28,7.95,11.33,5.64,2.23
3505819,FRSK FISHLICIOUS CT FD VP     ,G1HM12              ,7,21,6.85,6.00,13.70,12.93
3506262,TMTS MIXUPS CATNIP FEVER      ,G1HM22              ,5,16,8.63,8.32,12.92,5.10
3501939,SHBA SLCTNS FLTS CK           ,G1HM32              ,12,42,3.50,6.10,6.50,1.38
3597067,TMTS SAFD MDLY FLV CAT FD     ,G1HM53              ,6,11,7.76,15.00,10.00,12.83
3501823,MLKB CRNCHY TRT CANISTER      ,G1HM63              ,5,24,8.81,12.38,6.38,6.20
3503744,PDGR DNTSTX REAL CHICKEN      ,G1HM73              ,6,24,7.24,11.69,5.87,2.76
3504544,PDGR DRZLR BEEF               ,G1HM83              ,4,26,7.40,6.14,10.00,6.00
3502864,BNFL PPD MLS BEEF STEW        ,G1HN02              ,8,20,4.50,10.50,7.80,5.60
3503081,FULL MN CHKN STRPS DG TRT     ,G1HN12              ,4,16,10.13,12.13,8.31,3.50
3501290,MWMX PLTRY  BF VARIETY        ,G1HN22              ,6,15,6.94,13.39,8.59,10.34
3502362,BNFL FRSH PRPD CLS CHKN       ,G1HN32              ,9,40,3.90,7.20,6.20,3.90
3500893,FRSK PLTRY PATE CT FD VP      ,G1HN53              ,7,21,6.85,6.00,13.70,12.93
3505038,MILK-BONE 4.5 OUNCE PEANU     ,G1HN63              ,5,35,8.75,10.00,5.40,2.75
3590352,TEMPTATIONS SHRIMPY SHRIM     ,G1HN73              ,6,20,7.48,10.35,8.74,5.28
3504008,TMTS MIXUPS SURFERS DLT       ,G1HN83              ,6,25,7.60,9.40,8.00,3.10
3598198,TMTS SAVORY SALMON MEGA       ,G1HP02              ,5,16,8.63,12.92,8.32,4.96
3502127,MLKB LARGE DOG BISCUITS       ,G1HP12              ,4,22,10.80,8.00,11.70,10.80
3596932,TMTS MIXUPS BCKYRD CKOUT      ,G1HP22              ,6,25,7.56,9.38,8.06,2.95
3501705,BEGGIN STRIPS BACON TREAT     ,G1HP32              ,7,9,6.50,15.60,12.80,7.80
3503663,PEDIGREE DENTASTIX LRG        ,G1HP53              ,4,12,10.13,13.00,10.31,9.11
3502596,CANINE CO CHICKN DOG SNCK     ,G1HP63              ,5,16,8.63,11.76,6.00,5.20
3594207,TMTS KITTEN CHKNDRY TRT       ,G1HP73              ,5,16,8.10,12.80,8.60,5.04
3502576,CANINE CO BEEF DOG SNACK      ,G1HP83              ,6,16,7.95,10.60,10.27,4.20
3516763,FFST CLSC CHICKEN FEAST       ,G1HQ02              ,11,22,3.00,11.00,8.10,5.30
3505975,PRNA DNTLF TRTS LARGE DOG     ,G1HQ12              ,4,20,11.40,11.85,8.10,6.50
3504283,FRSK SCESTNS CHICKEN          ,G1HQ22              ,7,14,3.25,13.75,10.40,9.40
3503049,CSAR FLT MGN  PRTHS VP        ,G1HQ32              ,8,20,4.00,12.50,7.80,6.80
3502512,CANINE CO BACON DOG SNACK     ,G1HQ53              ,6,16,7.95,11.27,9.70,3.90
3504783,PDGR CHCKEN DRZLR             ,G1HQ63              ,5,26,7.40,6.14,10.00,6.00
3505055,CANINE CARRY OUTS BEEF        ,G1HQ73              ,7,12,6.84,13.64,11.64,9.41
3501316,CANINE CO HOT DOG MINIS       ,G1HQ83              ,6,28,7.95,11.33,5.64,2.23
3501741,SHBA SLCTNS FLTS CK TNA       ,G1HR22              ,12,42,3.50,6.10,6.50,1.38
3505181,FFST GMS SLM  TNA CLLCTN      ,G1HR32              ,11,28,4.00,5.50,11.50,3.00
3516150,MTECH -20 WINDSHIELD WS F     ,G1LA73              ,5,7,12.00,17.60,12.70,51.60
3598612,DURAFLM EXT TM FIRELG         ,G1LA83              ,6,9,8.00,15.50,13.10,38.00
3592128,STO UNFILTERED OLIVE OIL      ,G1LB02              ,3,45,11.25,7.50,5.00,11.80
3545174,KNGFD LIGHTER FLUID           ,G1LB12              ,3,15,12.00,15.50,7.50,23.05
3530682,WESTERN MESQ SMOKIN CHIPS     ,G1LB53              ,4,13,11.50,18.25,7.19,13.50
3520403,LUAN PURE PEANUT OIL          ,G1LB63              ,5,9,10.60,10.60,16.75,34.14
3520803,KRO CHARCOAL LGHTR FLUID      ,G1LB73              ,4,13,9.80,15.80,8.80,23.00
3501859,KRO PURE PEANUT OIL           ,G1LB83              ,3,20,11.50,9.75,9.75,24.00
3545702,KGFD LIGHTER FLUID            ,G1LC02              ,3,11,14.00,9.80,11.50,22.10
3591898,FIRESIDE SPRME LOGS 2HR       ,G1LC12              ,7,16,7.27,12.48,9.86,18.50
3599069,FIRESIDE SUPRME LOGS 4HRS     ,G1LC32              ,6,12,8.20,11.90,14.10,28.80
3593929,DURAFLM FIRESTART CUBES       ,G1LC53              ,5,16,10.60,5.10,12.84,12.50
3595720,PNMTN STARTER LOG WRAPD       ,G1LC63              ,5,24,7.18,11.44,5.63,5.20
3522110,LUAN PURE PEANUT OIL          ,G1LD02              ,4,12,12.40,12.00,12.75,30.15
3590031,KRO FIRESTARTERS              ,G1LD12              ,9,25,5.50,9.75,6.80,7.10
3506546,CRISCO BTTR  ALL VG SHRTN     ,G1LD73              ,3,10,11.97,15.88,10.75,38.66
3506540,CRISCO ALL VEG SHORTENING     ,G1LD83              ,3,10,11.97,15.88,10.75,38.50
3505127,KRO ALL VEGETABLE SHORTNG     ,G1LF02              ,5,10,12.00,16.50,11.00,38.40
3520380,KRO PURE VEGETABLE OIL        ,G1LF22              ,5,12,12.50,12.50,11.50,33.40
3501934,KRO CORN OIL                  ,G1LF32              ,5,12,12.00,12.50,11.50,33.40
3503016,KRO PURE PEANUT OIL           ,G1LF53              ,3,12,12.50,12.00,12.00,32.20
3520381,KRO PURE CANOLA OIL           ,G1LF63              ,5,12,12.50,13.00,11.50,31.10
3520366,KRO PURE CANOLA OIL           ,G1LF83              ,5,15,12.00,12.50,9.50,28.50
3520367,KRO PURE VEGETABLE OIL        ,G1LG02              ,5,15,12.00,13.00,9.50,28.50
3500915,KRO PURE SUNFLOWER OIL        ,G1LG12              ,5,15,11.50,12.50,9.13,27.56
3592482,KRO EXTRA VRGN OLIVE OIL      ,G1LG22              ,4,19,10.75,7.60,12.00,27.40
3597373,CRPLL XTR VRGIN OLIVE OIL     ,G1LG32              ,5,15,10.82,14.45,7.32,27.40
3506516,CRISCO PURE VEGETABLE OIL     ,G1LG53              ,3,18,11.31,12.94,9.38,26.50
3506492,CRISCO PURE CANOLA OIL        ,G1LG63              ,3,18,11.31,12.94,9.38,26.50
3520376,KRO PURE CANOLA OIL           ,G1LG73              ,6,12,9.00,12.50,12.00,25.30
3520375,KRO PURE VEGETABLE OIL        ,G1LG83              ,6,12,9.00,12.50,12.00,25.30
3530090,KFD BRIQ 1/8LB 120 BAG        ,G1LH12              ,8,15,4.88,16.50,9.00,8.32
3502009,BRTL EXTRA VRGN OLIVE OIL     ,G1LH22              ,5,20,10.90,11.90,7.90,19.40
3590974,KRO EXTR VIRGIN OLIVE OIL     ,G1LH53              ,5,20,12.60,11.85,7.83,19.60
3595338,BRTL CLSSC 100% OLIVE OIL     ,G1LH73              ,5,20,11.04,12.08,8.04,19.20
3502974,BRTL EXTRA LIGHT OLV OIL      ,G1LH83              ,5,20,10.95,11.97,7.99,19.40
3506538,CRISCO AL VEG SHRTNG STCK     ,G1LJ02              ,6,9,5.19,16.38,12.69,17.20
3506541,CRISCO BUTTER SHRTNG STCK     ,G1LJ12              ,6,9,5.19,16.38,12.69,17.15
3505453,BRTL EXTRA LIGHT OLV OIL      ,G1LJ22              ,5,18,8.88,10.80,8.00,13.80
3503665,BRTL 100% X VRGN OLV OIL      ,G1LJ32              ,4,59,9.29,6.46,4.37,2.72
3591808,KRO 100% PURE OLIVE OIL       ,G1LJ53              ,3,27,10.50,10.25,6.75,13.50
3505591,CRISCO PURE VEGETABLE OIL     ,G1LJ63              ,4,18,9.63,11.00,8.38,13.00
3506509,CRISCO VEGETABLE OIL          ,G1LJ73              ,3,12,12.38,13.56,11.94,32.87
3505505,BRTL XTRA VRGN OLIVE OIL      ,G1LJ83              ,6,18,9.00,10.80,8.00,13.70
3592140,STO XTRA VIRGIN OLIVE OIL     ,G1LK22              ,4,45,11.25,7.50,5.00,11.80
3500208,KRO CORN OIL                  ,G1LK32              ,4,12,11.81,15.50,8.56,30.81
3502020,SMRTWY VEGETABLE OIL          ,G1LK53              ,5,12,9.00,14.81,9.81,25.60
3506545,CRISCO PURE CANOLA OIL        ,G1LK63              ,3,12,12.38,13.56,11.94,32.87
3502249,KRO AEROSOL SHRP CHDR CHS     ,G1LM02              ,4,30,8.00,6.50,8.75,8.40
3585819,CRPLL  ORG EX-VRG OLV OIL     ,G1LM12              ,3,32,8.98,9.06,6.10,11.91
3506626,PAM BAKING COOKING SPRAY      ,G1LM14              ,3,26,8.63,9.63,7.31,6.03
3590122,AIR WICK PLUG FRESH           ,G1LM22              ,5,19,6.81,10.94,8.54,4.40
3520334,PAM ORIG COOKING SPRAY        ,G1LM24              ,3,26,10.00,9.75,7.13,8.90
3504017,LYSOL BTHRM FMR MNG HIBIS     ,G1LM32              ,3,9,11.63,16.13,12.69,29.01
3520335,PAM ORIG COOKING SPRAY        ,G1LM34              ,4,26,8.60,9.60,7.20,6.90
3505950,BRTL XTR VRG OLV OIL SPRY     ,G1LM53              ,4,59,9.29,6.46,4.37,2.72
3506620,PAM AVOCADO OIL SPRAY         ,G1LM55              ,3,53,8.50,7.19,4.88,3.11
3595950,KRO XTRA VIRGIN OLIVE OIL     ,G1LM63              ,3,10,10.55,17.20,9.50,34.50
3520337,PAM OLIVE OIL CKNG SPRAY      ,G1LM65              ,4,26,8.70,9.50,7.20,6.10
3505754,JHNGRDN BCNUP BACN FAT        ,G1LM73              ,7,9,4.38,16.44,10.81,10.70
3590192,AIR WICK PLUG WARM            ,G1LM75              ,5,19,6.81,10.95,8.54,4.40
3500145,PAM OLIVE OIL CKING SPRAY     ,G1LM83              ,3,26,10.00,9.63,7.31,7.60
3590451,ARWK CLMNG SEABRZ OL RFL      ,G1LM85              ,6,31,6.16,10.42,5.36,2.75
3591423,KRO 100% PURE OLIVE OIL       ,G1LN02              ,4,42,8.70,8.10,5.50,6.90
3590475,ARWK NECTARINE WATERM OIL     ,G1LN04              ,6,31,6.16,10.42,5.36,2.75
3520339,PAM BUTTER FLV CKNG SPRAY     ,G1LN14              ,4,26,8.50,9.50,7.50,6.50
3595629,CRPLL ITAL VRGN OLIVE OIL     ,G1LN22              ,4,32,8.98,9.06,6.10,11.91
3590719,AIR WICK PLUG SEA S           ,G1LN24              ,5,19,6.81,10.94,8.54,4.40
3590746,ARWK PLG IN OILS RFLS 2CT     ,G1LN32              ,6,31,6.25,10.44,5.31,2.65
3597086,FBRZ PLG RFRSHRNRGZ ORNG      ,G1LN34              ,5,32,6.77,8.50,6.38,4.40
3595518,LYSOL MRN BRZ DSNFCT SPRY     ,G1LN53              ,2,17,10.31,11.50,8.63,18.15
3516061,LYSOL CRISP LN DSINF SPRY     ,G1LN63              ,3,17,10.30,11.50,8.60,19.30
3596670,AIR WICK PLUG SUMME           ,G1LN65              ,5,19,6.81,10.94,8.54,4.40
3598155,LYSOL SP WTRFL DSINF SPRY     ,G1LN73              ,3,17,10.30,11.50,8.60,19.30
3505587,OLD ENG LEMON AERO            ,G1LN83              ,3,28,9.60,9.50,7.20,13.32
3590811,AIR WICK PLUG LAVEN           ,G1LP02              ,5,19,6.81,10.94,8.54,4.40
3596796,AIR WICK PLUG MIXED           ,G1LP04              ,5,19,6.81,10.94,8.54,4.40
3592747,LYSOL LMN BRZ DSINF SPRY      ,G1LP12              ,3,17,10.30,11.50,8.60,19.30
3597316,AIR WICK PLUG EVERY           ,G1LP24              ,5,19,6.81,10.94,8.54,4.40
3517314,LYSOL CRSP LIN DSNFCT SPR     ,G1LP32              ,4,21,8.50,11.00,8.20,12.70
3597790,AIR WICK PLUG LUSH            ,G1LP34              ,5,19,6.81,10.94,8.54,4.40
3590522,STAR EXTR VIRGIN OLIV OIL     ,G1LP53              ,3,25,9.80,6.50,9.80,16.60
3596252,FBRZ AIR FRSHNR DWNY SCNT     ,G1LP63              ,3,45,10.63,7.76,5.39,4.70
3597827,AIR WICK PLUG BLUE            ,G1LP65              ,5,19,6.81,10.94,8.54,4.40
3594987,FBRZ X-STRNGTH REFILL         ,G1LP73              ,4,30,9.02,10.24,5.87,9.50
3516884,LYSOL WTRFL DSNFCT SPRAY      ,G1LP83              ,4,21,8.50,11.00,8.10,12.50
3594162,FBRZ LT PLG BAMBOO            ,G1LP85              ,4,21,7.28,13.27,6.61,2.60
3592035,FBRZ AIR EFFCT LN  SKY        ,G1LQ02              ,3,45,10.63,7.75,5.38,4.60
3592041,FEBREZE AIR TWIN OCEAN        ,G1LQ04              ,3,45,10.63,7.76,5.39,4.70
3597915,AIR WICK PLUG APPLE           ,G1LQ12              ,5,19,6.81,10.94,8.54,4.40
3594879,LYSOL AS COTTON BLOSSOM       ,G1LQ14              ,4,39,8.88,8.44,5.69,5.29
3590799,STAR EXTRA VRGN OLIVE OIL     ,G1LQ22              ,4,31,8.40,8.60,5.70,10.50
3585554,FEBREZE AIR OCEAN             ,G1LQ24              ,3,45,10.63,7.76,5.39,4.70
3505456,BRTL EXTRA VRGN OLIVE OIL     ,G1LQ32              ,3,31,9.30,9.00,6.10,10.20
3591336,FBRZ PLG CLM LVB OIL REFL     ,G1LQ34              ,5,32,6.77,8.50,6.38,4.40
3595626,CRPLL EXT VRGN OLIVE OIL      ,G1LQ53              ,3,32,8.98,9.06,6.10,11.91
3591492,FEBREZE AIR WARM OC           ,G1LQ55              ,3,45,10.63,7.76,5.39,4.41
3590540,LYSOL LGHT BRZ AIR SANTZR     ,G1LQ63              ,4,39,8.88,8.44,5.69,5.29
3593899,FBRZ AIR EFFCT LN  SKY        ,G1LQ65              ,3,45,10.63,7.75,5.38,4.70
3596499,CLRX PURE CLN BRZ SPRAY       ,G1LQ73              ,3,45,10.00,7.56,5.25,4.13
3596612,CLRX PURE NTTM CALM SPRAY     ,G1LQ75              ,3,45,10.00,7.56,5.25,4.13
3594120,FBRZ AIR EFFCT DWNY FRESH     ,G1LQ85              ,3,45,10.63,7.75,5.38,4.60
3594443,LYSOL AIR SNTZR MTN SPRNG     ,G1LR02              ,4,39,8.88,8.44,5.69,5.29
3594285,UNSTPBL FRESH AEROSOL         ,G1LR12              ,3,45,10.63,7.75,5.38,4.60
3594327,FEBREZE AIR OCEAN             ,G1LR14              ,3,45,10.63,7.76,5.39,4.60
3503130,ESOF LMN FM FREE OVEN CLN     ,G1LR32              ,4,37,8.20,8.20,5.60,7.30
3594747,FBREZE PLG TRPLE RFL GAIN     ,G1LR34              ,5,20,6.77,8.66,8.58,6.50
3594484,FBRZ AIR EFFCT GAIN SCNT      ,G1LR53              ,3,45,10.63,7.75,5.38,4.60
3591335,FBRZ PLG CLM PRP OIL REFL     ,G1LR55              ,5,32,6.77,8.50,6.38,4.40
3595043,FEBREZE AIR TWIN OCEAN        ,G1LR65              ,3,45,10.63,7.76,5.39,4.70
3503384,LYSOL DISINFECTING            ,G1LR73              ,3,17,10.31,11.50,8.63,19.25
3500381,FAULTLESS PRM STRCH SPRAY     ,G1LR83              ,3,39,10.00,8.24,5.50,9.00
3594486,FBRZ AIR EFFCT MEDTRN LAV     ,G1LS04              ,3,45,10.63,7.75,5.38,4.60
3596851,FBRZ SMSP OCN AR FRSHNR       ,G1LS12              ,7,32,5.20,9.29,6.06,0.92
3594166,FBRZ PLG SNGL WRMR ONLY       ,G1LS14              ,4,42,7.28,6.85,6.61,1.00
3503158,ESOF HVY DTY OVEN CLEANER     ,G1LS22              ,4,37,8.20,8.20,5.60,7.30
3595142,FBRZ SMSP OG AR FRSHN 2CT     ,G1LS24              ,4,28,7.00,10.40,6.40,1.54
3598807,FBRZ AIR FRSHNR DWNY SCNT     ,G1LS32              ,3,45,10.63,7.76,5.39,4.70
3594058,FRBZ FBRC UNSTOP FRESH        ,G1LS34              ,3,24,10.08,9.80,7.24,8.00
3500996,PNSL ORG PINE MLT SRF CLN     ,G1LS53              ,4,15,9.50,15.63,7.81,22.50
3597558,FBRZ PLG BRY BRM SS 2CT       ,G1LS55              ,5,32,6.77,8.50,6.38,4.40
3594507,FBRZ RMNC  DESIRE AR MST      ,G1LS63              ,3,45,10.63,7.76,5.39,4.60
3596518,FBRZ AIR GN ISLD FRSH         ,G1LS65              ,3,45,10.63,7.76,5.39,4.70
3590778,LYSOL AIR WHITE GAR           ,G1LS73              ,4,39,8.88,8.44,5.69,5.29
3590795,LYSOL AIR WATERMELO           ,G1LS83              ,4,39,8.88,8.44,5.69,5.29
3594160,FBRZ AIR EFCT LIN SKY 2CT     ,G1LT02              ,3,45,10.63,7.76,5.39,4.70
3596360,FBRZ LXE AIR MIST RN FRST     ,G1LT04              ,3,45,10.63,7.76,5.39,4.60
3597283,FBRZ AIR TWN PK BORA          ,G1LT12              ,3,45,10.63,7.76,5.39,4.70
3597382,FBRZ GAIN MNLGHT BRZ 2CT      ,G1LT14              ,5,32,6.77,8.50,6.38,4.40
3598101,FBRZ TWN PK GAIN              ,G1LT22              ,3,45,10.63,7.76,5.39,4.70
3594509,HBRZ AIR HEAVY DUTY CRISP     ,G1LT32              ,3,45,10.63,7.75,5.38,4.60
3598355,FBRZ AIR EFFCT MDTN LVNDR     ,G1LT53              ,3,45,10.63,7.76,5.39,4.70
3598938,FBRZ AIR TWN PK BORA          ,G1LT55              ,3,45,10.63,7.76,5.39,4.70
3594167,FBRZ PLG WRMR W/LNEN REFL     ,G1LT63              ,4,21,7.28,13.27,6.61,2.63
3596142,FBRZ TWN PK HAWAIIAN ALHA     ,G1LT65              ,3,45,10.63,7.76,5.39,4.70
3590143,FBRZ PLG BORA BORA WATERS     ,G1LT73              ,5,32,6.77,8.50,6.38,4.40
3596508,FBRZ AIR GN ISLD FRSH         ,G1LT75              ,3,45,10.63,7.76,5.39,4.70
3591330,LYSOL LVNDR SCNT AR SNTZR     ,G1LT83              ,4,39,8.88,8.44,5.69,5.29
3596494,FBRZ VNLLA SUED SPRY          ,G1LT85              ,3,45,10.63,7.76,5.39,4.60
3590543,LYSOL CA AIRSS-W LIN 10OZ     ,G1LU02              ,4,39,8.88,8.44,5.69,5.29
3592033,FBRZ AIR FRSHNR MOUNTAIN      ,G1LU04              ,3,45,10.63,7.76,5.39,4.60
3595836,FBRZ DNY CLM LVB AR FRHNR     ,G1LU12              ,3,45,10.63,7.76,5.39,4.60
3596332,FBRZ NTCBL MDTR LV RF 2CT     ,G1LU14              ,5,32,6.77,8.50,6.38,4.40
3585559,LYSOL CRSP LINEN SPRY 2CT     ,G1LU32              ,3,24,10.75,11.50,6.13,12.50
3501027,DIXIE ULTR 20 OUNCE BOWLS     ,G1LU34              ,4,12,7.88,15.25,8.50,5.50
3591309,FBRZ FRSH SPR JPN CHR BLS     ,G1LU53              ,3,45,10.63,7.76,5.39,4.65
3598930,FBRZ FRSH SPR JPN CHR BLS     ,G1LU55              ,3,45,10.63,7.76,5.39,4.60
3590541,LYSOL CA AIR SS SF 10OZ       ,G1LU63              ,4,39,8.88,8.44,5.69,5.29
3596829,FBRZ FBRC RFRHR ORNG SPRY     ,G1LU65              ,3,28,10.83,10.32,6.42,7.33
3596527,FERZ FAB REF OCEAN            ,G1LU73              ,4,25,10.08,9.80,7.24,8.00
3598897,FBRZ TROP BLND SPRY           ,G1LU75              ,3,45,10.63,7.76,5.39,4.60
3598359,FBRZ AIR HVY DUTY PET         ,G1LU85              ,3,45,10.63,7.76,5.39,4.70
3595049,BRTL EXT SMOTH OLIVE OIL      ,G1LV53              ,4,18,9.20,10.40,8.80,13.42
3595148,FBRZ SMSP HA AR FRSHN 2CT     ,G1LV55              ,5,23,7.00,10.40,6.40,1.54
3596329,FBRZ NTCBL HW ALOHA 2CT       ,G1LV63              ,4,32,6.77,8.50,6.38,4.40
3594476,FBRZ SOOTHE  RSTR AR MST      ,G1LV65              ,3,45,10.63,7.76,5.39,4.60
3530342,KFD EASY LIGHT                ,G1MA83              ,4,10,9.00,19.00,11.00,25.80
3530276,MATCH LIGHT BRIQUETS          ,G1MB02              ,8,15,4.75,18.00,8.75,8.30
3530363,KFD CRFTSMK WOOD PELLETS      ,G1MB12              ,8,8,4.00,17.00,13.00,20.15
3530343,KFD CRFTSMK HICK PELLETS      ,G1MB22              ,8,8,4.00,17.00,13.00,20.15
3530362,DURAFLAME CHAR LOGS BAG       ,G1MB53              ,7,10,5.00,17.50,9.75,14.00
3530361,KFD CRFTSMK MESQ PELLETS      ,G1MB63              ,8,8,4.00,17.00,13.00,20.15
3530131,KGFD ORG CHARCL TWN PK        ,G1MB73              ,4,8,8.75,19.00,11.00,24.96
3530196,KGFD ORIG CHARCL BRQTS        ,G1MJ63              ,6,8,5.25,22.50,11.75,16.55
3590691,PM XL FIRESTART 6CT           ,G1MK12              ,6,26,6.00,5.30,12.60,6.20
3530418,TMBLWDS NAT FIRE STRTRS       ,G1MK83              ,4,14,6.00,17.00,7.00,6.14
3530322,KGFD ML CHARCOAL 12LBS        ,G1MM02              ,8,10,4.75,17.50,9.75,12.49
3531016,KGFD ORIG MESQT CHARCL        ,G1MM12              ,8,6,6.75,22.50,11.75,16.55
3520802,KRO CHARCL LGHTR FLD          ,G1MM22              ,4,15,11.50,13.50,8.00,21.00
3530234,KRO CHARCOAL BRIQUETS         ,G1MM53              ,8,7,5.00,22.00,11.00,16.00
3501637,HFTY FOAM PLATES 8 7/8IN      ,G1MM63              ,2,10,21.00,18.30,9.30,6.50
3502595,SMRTWY CHAROLA TRAY           ,G1MM73              ,6,5,9.25,25.75,13.75,3.80
3530519,KGFD ORIG HCKRY CHARCL        ,G1MN02              ,6,8,5.50,22.50,11.75,16.55
3535254,WESTERN APL SMOKED CHIPS      ,G1MN12              ,4,13,10.25,18.25,7.20,9.40
3530715,KGFD ORIG APPLWD CHARCOAL     ,G1MN22              ,8,6,6.75,22.50,11.75,16.55
3530022,KGFD ORIG APPLWD CHARCL       ,G1MN32              ,9,10,6.00,19.50,8.75,8.32
3530196,KGFD ORIG CHARCL BRQTS        ,G1MN63              ,6,8,5.25,22.50,11.75,16.55
3530616,BB OAK LUMP CHARCOAL 10LB     ,G1MN73              ,7,10,7.00,19.00,11.00,10.00
3530544,SMPL TRTH LUMP CHRCL          ,G1MN83              ,8,8,7.00,23.50,13.50,9.00
3530579,BB MESQUITE CHARCOAL 8LB      ,G1MP02              ,8,10,7.00,15.00,10.00,8.00
3530294,KRO MESQUITE BRIQUETS         ,G1MP12              ,9,10,4.50,18.00,8.00,8.10
3530292,KRO CHARCOAL BRIQUETS         ,G1MP22              ,9,10,4.50,18.00,8.00,8.10
3530578,BB OAK CHARCOAL BRIQUETS      ,G1MP32              ,7,13,5.00,15.00,10.00,8.80
3530272,COWBOY HARDWOOD BRIQUETS      ,G1MP63              ,5,5,8.50,16.50,21.00,33.99
3530056,KGFD ORIG MESQUITE CHARCL     ,G1MP73              ,9,10,5.00,21.00,9.50,8.32
3530297,KRO INST LIGHT CHARCOAL       ,G1MP83              ,10,15,4.50,17.00,6.50,6.50
3530684,WESTERN HKRY SMOKIN CHIPS     ,G1MQ02              ,4,13,11.00,18.50,7.13,13.50
3501259,CHINET LARGE BOWL 16 OZ       ,G1MQ12              ,6,9,7.75,13.19,14.53,9.15
3530123,KRO INST LIGHT CHARCOAL       ,G1MQ22              ,6,8,6.00,22.00,11.00,20.00
3530384,PIT BOSS PELLET HICKORY       ,G1MQ53              ,14,7,3.50,21.00,14.00,20.00
3530464,ROYAL OAK LUMP CHARCOAL       ,G1MQ63              ,8,5,6.00,27.00,15.00,16.20
3530139,TMBLWDS NAT FIRE STRTRS       ,G1MQ73              ,4,14,9.50,17.50,7.00,18.40
3530429,WESTERN APPLE BBQ COOKING     ,G1MQ83              ,4,26,9.75,9.38,7.50,6.75
3530490,WSTRN HCKRY BBQ CKG CHNKS     ,G1MR02              ,4,26,9.75,9.38,7.50,6.75
3531112,ROYAL OAK LUMP CHARCOAL       ,G1MR12              ,8,8,5.50,24.00,11.00,8.50
3530397,PIT BOSS PELLETS CMPTTN       ,G1MR22              ,14,7,3.50,21.00,14.00,20.00
3530161,WESTERN MESQUITE BBQ COOK     ,G1MR32              ,4,26,9.75,9.38,7.50,6.75
3500453,DIXIE ULTRA BOWL              ,G1MR53              ,4,12,7.88,10.00,15.00,8.05
3505068,KRO DES BOWL 50 CT            ,G1MS02              ,7,10,7.38,14.75,11.00,12.00
3530309,KRO INST LIGHT CHARCOAL       ,G1MS12              ,9,10,6.00,17.00,10.00,12.00
3500202,DIXIE 10 OUNCE BOWL           ,G1MS22              ,5,12,6.75,12.75,10.25,5.61
3503387,HFTY FLAT FOAM PLATES         ,G1MS32              ,2,10,21.88,18.31,9.31,6.40
3505019,DIXIE ULTA PLTTR              ,G1MS73              ,3,15,10.69,13.38,9.75,8.06
3500363,KRO 9IN FOAM PLATE            ,G1MS83              ,3,8,20.00,23.30,9.17,7.20
3530355,CWBY STHRN STYLE LUMP CHA     ,G1MT22              ,9,8,5.50,18.00,11.00,8.70
3598492,8H HEAVY WHITE MEAT TRAY      ,G1MT53              ,3,3,17.10,31.50,21.50,13.40
3502669,KRO FOAM PLATE                ,G1MT73              ,3,8,17.71,20.47,9.17,6.30
3597028,4D WHT SUPERMARKET TRAY       ,G1MU63              ,4,3,14.50,30.25,18.78,8.57
3598494,PCTV 25PZ WHITE MEAT TRAY     ,G1MU73              ,4,3,15.00,30.50,16.25,8.30
3512493,#2 WHT SUPERMARKET TRAY       ,G1MU83              ,4,3,12.00,34.00,17.00,6.00
3505024,CHNT WHT CMPRTMT TRY          ,G1MV53              ,4,10,11.13,17.44,9.38,11.45
3505227,KRO SHREDDED SAUERKRAUT       ,G4AB02              ,5,17,9.00,12.30,9.30,27.00
3503102,KRO GARDN VRTY SWEET PEAS     ,G4AB12              ,5,17,9.00,12.00,9.00,27.30
3503948,LSUR YOUNG SML EARLY PEAS     ,G4AB22              ,5,17,9.00,12.00,9.00,26.30
3506053,KRO MIXED VEGETABLES          ,G4AB32              ,5,17,9.20,12.30,9.30,27.00
3528394,ALLN CUT ITALN GRN BEANS      ,G4AC02              ,5,17,9.00,12.60,9.50,29.00
3500726,KRO DCD TOM NKD               ,G4AC12              ,6,17,9.00,12.00,9.00,25.60
3506054,KRO NS MIXED VEGETABLES       ,G4AC22              ,5,17,9.20,12.30,9.30,27.00
3503879,DELMNT MIXED VEGETABLES       ,G4AC32              ,6,17,4.50,12.30,9.10,13.20
3503283,KRO LIMA BEANS                ,G4AD02              ,5,17,9.00,18.00,6.00,27.00
3500901,KRO TOMATO SAUCE              ,G4AD12              ,6,17,9.00,12.00,9.00,26.20
3503125,KRO SLICED WHITE POTATOES     ,G4AD22              ,5,17,9.00,12.00,9.00,27.00
3505201,SMRTWY GREEN PEAS             ,G4AD32              ,4,17,9.13,12.25,9.25,26.00
3500055,KRO SLICED BEETS              ,G4AG02              ,10,17,4.50,12.00,9.25,13.50
3502849,KRO WHITE  GOLD CORN          ,G4AG12              ,5,17,9.13,12.25,9.25,26.00
3505700,KRO COUNTRY BAKED BEANS       ,G4AG22              ,8,14,5.88,17.75,14.38,24.00
3502769,KRO NS CUT GREEN BEANS        ,G4AG32              ,5,17,9.13,12.25,9.25,26.00
3586267,STO DICED TOMATOES            ,G4AH02              ,6,10,5.00,16.19,12.13,25.00
3500744,KRO CRUSHED TOMATOES          ,G4AH12              ,7,10,4.78,16.24,12.12,24.60
3521999,BUSH BAKED BEANS W/ONION      ,G4AH22              ,7,14,5.75,13.80,10.30,22.60
3597644,TR ORGNCS WHL PEELD TMTOS     ,G4AH32              ,5,16,4.81,12.38,8.31,12.12
3500644,KRO WHL KRNL SPRSWT CORN      ,G4AJ02              ,5,17,9.13,12.25,9.25,26.00
3502026,KRO HOT SPICY CHILI BEANS     ,G4AJ12              ,10,17,4.63,12.00,9.25,13.67
3500094,DELMNT WHOLE KERNEL CORN      ,G4AJ22              ,11,7,4.78,18.64,12.51,27.30
3502846,KRO NS SWEET GOLDEN CORN      ,G4AJ32              ,5,17,9.13,12.25,9.25,26.00
3503122,KRO SLICED CARROTS            ,G4AK02              ,5,17,9.00,12.00,9.00,24.10
3502956,KRO CHILI MILD BEANS          ,G4AK12              ,10,17,4.50,12.00,9.00,12.00
3503117,KRO SWEET PEAS  CARROTS       ,G4AK22              ,5,17,9.00,12.00,9.00,26.50
3502926,DELMNT SWEET PEAS             ,G4AK32              ,8,22,3.80,11.10,8.30,8.00
3506652,ROTEL DCD MLD GRN CHL TOM     ,G4AL02              ,12,10,4.13,16.25,10.94,20.20
3506918,PRSL PLD WH PLM TOM W/BSL     ,G4AL12              ,7,10,5.00,16.10,12.10,25.00
3500487,KRO PETITE DICED TOMATOES     ,G4AL22              ,6,17,9.00,12.00,9.00,25.60
3505396,KRO DRK RD KIDNEY BNS NSA     ,G4AL32              ,10,17,4.50,12.13,9.13,13.30
3502606,KRO CRUSHED TOMATOES          ,G4AM02              ,6,17,9.00,12.00,9.00,25.60
3500233,KRO STWD TOM NKD              ,G4AM12              ,6,17,9.00,12.00,9.00,25.60
3505726,BUSHS BLUEY BAKED BEANS       ,G4AM22              ,12,17,4.50,12.13,9.13,13.60
3501138,KRO ITALN DICED TOMATOES      ,G4AM32              ,6,17,9.00,12.00,9.00,25.30
3501197,KRO NS DICED TOMATOES         ,G4AN02              ,3,17,9.00,12.00,9.00,25.60
3505281,TRAP CREOLE OKRA GUMBO        ,G4AN04              ,7,17,4.50,12.00,9.00,14.00
3506096,ALLN BLUE LAKE GRN BEANS      ,G4AN12              ,5,10,6.25,16.80,12.25,33.50
3500553,KRO PETITE DICED TOMATOES     ,G4AN22              ,7,10,4.78,16.24,12.12,24.60
3505494,KRO LT RED KIDNEY BEANS       ,G4AN24              ,7,17,4.50,12.25,9.00,13.30
3577694,ALLN CUT ITALN GRN BEANS      ,G4AN32              ,5,7,7.00,22.29,12.30,46.00
3504109,DELMNT ITALIAN GRN BEANS      ,G4AN34              ,7,17,4.56,12.13,9.13,13.00
3504615,DELMNT PEAS  CARROTS          ,G4AP04              ,6,17,4.56,12.13,9.13,13.20
3506058,DELMNT NS LEAF SPINACH        ,G4AP14              ,7,17,4.56,12.38,9.13,12.10
3502798,KRO NS FR STYL GRN BEANS      ,G4AP22              ,4,17,9.13,12.25,9.25,26.00
3500578,STO DICED TOMATOES NSA        ,G4AP24              ,8,17,4.50,12.00,9.00,13.00
3500672,KRO DICED POTATOES            ,G4AP32              ,4,17,9.13,12.25,9.25,26.00
3505168,DELMNT STHWST CORN  PEPR      ,G4AP34              ,8,17,4.50,12.10,9.10,13.20
3503175,DELMNT NS CUT GRN BEANS       ,G4AQ02              ,4,17,9.00,11.20,9.10,26.00
3500879,DELMNT GOLD  WHITE CORN       ,G4AQ04              ,6,17,4.50,12.00,9.00,13.50
3501248,KRO WHOLE PEELED TOMATOES     ,G4AQ12              ,4,17,9.00,12.00,9.00,25.60
3506057,DELMNT WHOLE LEAF SPINACH     ,G4AQ14              ,7,17,4.56,12.38,9.13,12.10
3505794,KRO BLACK BEANS               ,G4AQ22              ,7,17,4.50,12.00,9.00,13.60
3501922,GLORY RS MIXED GREENS         ,G4AQ24              ,7,17,4.50,12.06,9.06,13.11
3502064,KRO VEGTARIAN BAKED BEANS     ,G4AQ32              ,6,14,5.81,13.50,10.13,24.00
3598051,STO CUT GREEN BEANS           ,G4AQ34              ,8,17,4.50,12.00,9.25,13.00
3501851,VCMP PORK AND BEANS           ,G4AR02              ,5,14,5.88,13.75,10.38,23.50
3506079,DELMNT FRSH CT GRN BNS        ,G4AR04              ,7,17,4.56,12.38,9.13,13.00
3500991,KRO BFET GRN BEAN CUP 2PK     ,G4AR12              ,10,14,3.29,13.57,10.10,6.50
3505776,KRO PINTO BEANS 4CT           ,G4AR22              ,8,8,4.50,12.00,18.00,27.00
3505790,KRO GREAT NORTHERN BEANS      ,G4AR24              ,8,17,4.50,12.00,9.00,13.40
3504062,SSAM YELLOW CUT YAMS          ,G4AR32              ,8,10,4.50,16.50,12.50,27.00
3503146,DELMNT WHOLE NEW POTATOES     ,G4AR34              ,6,17,4.50,12.50,9.50,13.40
3500254,BUSH RS PINTO BEANS           ,G4AS02              ,7,17,4.50,12.10,9.10,13.80
3506765,PRSL JRRD PLM HRTS IN BRN     ,G4AS12              ,7,26,4.50,10.50,7.00,9.65
3504829,RNCH STYL PINTO BEANS         ,G4AS22              ,5,15,4.50,12.50,9.10,13.10
3502999,TRAP BLACKEYE PEAS W/BACN     ,G4AS24              ,8,17,4.50,9.00,9.00,13.31
3505723,KRO NS GRDN TNDR SPINACH      ,G4AS34              ,7,17,4.50,12.06,9.06,12.89
3501070,BUSH GRLLN STEAKHOUSE BNS     ,G4AT02              ,7,14,4.60,13.70,10.20,19.70
3501069,BUSH GRLLN STHRN BBQ BEAN     ,G4AT12              ,6,14,4.60,13.70,10.20,19.70
3500059,BRCE CUT YAMS IN LT SYRUP     ,G4AT22              ,8,17,4.50,12.00,9.25,14.40
3500557,KRO CLSC CRM MSHROOM SOUP     ,G4AT32              ,6,14,5.81,13.50,10.13,22.60
3500615,GLORY HONEY DIPPD CARROTS     ,G4AT34              ,7,17,4.50,12.06,9.06,14.00
3501200,KRO WHOLE BEETS               ,G4BB02              ,8,17,4.50,12.00,9.25,13.50
3500349,KRO DRK RD KIDNEY BNS NSA     ,G4BB04              ,7,17,4.50,12.00,9.00,13.60
3500975,DELMNT 50%LS GREEN BEANS      ,G4BB12              ,8,17,4.50,12.10,9.10,13.00
3596718,MRGL ORGANIC TOMATO           ,G4BB14              ,10,10,3.12,16.06,10.87,14.32
3502126,CNTD TOMATO PASTE             ,G4BB22              ,8,20,4.25,8.75,10.88,16.00
3501759,HNTS STEWED TOMATOES          ,G4BB24              ,4,16,4.50,12.20,9.10,12.70
3502963,KRO FIRE RSTD DCD TOMATOS     ,G4BB32              ,7,17,4.50,12.25,9.13,13.00
3506078,DELMNT WHTGLD SWT CRN         ,G4BB34              ,9,15,3.63,13.00,9.87,10.20
3503110,KRO NS GARDEN SWEET PEAS      ,G4BB53              ,5,17,9.00,12.00,9.00,27.00
3500601,KRO CUT GREEN BEANS           ,G4BB63              ,5,17,9.13,12.25,9.25,26.00
3500604,KRO WHL KRN GLDN CORN         ,G4BB73              ,5,17,9.13,12.25,9.25,26.00
3502965,DELMNT WHL KRNL GLDN CORN     ,G4BB83              ,6,17,9.00,12.00,9.00,26.90
3500489,CMIA MRNTED ARTCHK HEARTS     ,G4BC02              ,8,11,4.25,13.75,10.38,18.50
3500338,GRNGNT MEXICORN               ,G4BC04              ,10,15,3.61,12.83,9.68,10.50
3502061,BUSH BLACK BEANS              ,G4BC12              ,8,17,4.50,12.10,9.10,13.00
3505792,KRO BLACK BEANS NSA           ,G4BC22              ,7,17,4.63,12.00,9.25,13.70
3503899,CAMP SPAGHETTIO PRINCESS      ,G4BC24              ,8,15,4.31,12.75,9.50,13.80
3506656,ROTEL DCD GRN CHL TOMATO      ,G4BC32              ,9,10,4.50,10.75,8.25,15.00
3503065,DELMNT DICED NEW POTATOES     ,G4BC34              ,4,17,4.50,12.20,9.10,13.00
3502992,DELMNT CUT GREEN BEANS        ,G4BC53              ,6,17,9.00,12.00,9.00,26.00
3505202,SMRTWY WHL KRNL CORN          ,G4BC63              ,5,17,9.13,12.25,9.25,26.00
3500584,KRO FS GREEN BEANS            ,G4BC73              ,5,17,9.13,12.25,9.25,26.00
3502990,DELMNT NS WHL KRNL CORN       ,G4BC83              ,6,17,9.00,12.00,9.00,26.90
3502967,DELMNT WHOLE KRNL WHT CRN     ,G4BD02              ,6,17,4.50,12.00,9.00,13.00
3501330,REDGLD CRUSHED TOMATOES       ,G4BD04              ,6,17,4.50,12.00,9.00,14.00
3501281,KRO NSA PET DCD TOMATOES      ,G4BD12              ,4,17,9.00,12.00,9.00,25.60
3582832,STO CRUSHED TOMATOES NSA      ,G4BD14              ,6,17,4.50,12.25,9.13,13.00
3505718,KRO COUNTRY BAKED BEANS       ,G4BD22              ,7,17,4.63,12.13,9.00,13.40
3500475,KRO PINTO BEANS               ,G4BD24              ,7,17,4.50,12.00,9.00,13.60
3505206,SMRTWY CUT GREEN BEANS        ,G4BD32              ,4,17,9.13,12.25,9.25,26.00
3502627,HNTS FIRE ROASTED T           ,G4BD34              ,3,16,4.57,12.19,9.13,12.79
3504063,SSAM CUT YAMS                 ,G4BD53              ,6,10,6.30,16.20,12.10,37.00
3505782,KRO SWEET SPCY BKD BEANS      ,G4BD63              ,8,14,5.81,13.50,10.13,24.00
3503126,KRO WHOLE WHITE POTATOES      ,G4BD73              ,5,17,9.00,12.00,9.00,27.00
3500670,DM FIESTA CORN                ,G4BD83              ,12,17,4.56,12.13,9.13,13.25
3504522,VCMP BEANEE WEENEE            ,G4BF02              ,10,9,3.20,16.00,11.00,14.60
3503484,BUSH MPL CRD BCN BKD BEAN     ,G4BF12              ,10,14,3.60,13.75,10.25,13.80
3501232,REDGLD STEWED TOMATOES        ,G4BF14              ,4,17,4.50,12.00,9.00,13.00
3507649,HNTS PETITE DICED TOMATO      ,G4BF22              ,7,16,4.50,12.00,9.00,12.10
3503772,REDGLD PET DC GRN CHL TOM     ,G4BF24              ,7,17,4.50,12.00,9.00,13.00
3501907,BUSH GOLDEN HOMINY            ,G4BF32              ,6,17,4.50,12.10,9.10,13.40
3505927,HNTS NS PETITE DICED TMTO     ,G4BF34              ,7,16,4.56,12.25,9.13,12.70
3503955,DELMNT SWEET PEAS             ,G4BF53              ,5,17,9.00,12.00,9.00,26.50
3501530,KRO CUT YAMS IN SYRUP         ,G4BF73              ,5,10,6.75,16.00,12.00,37.00
3502896,KRO CUT XTR GRN BEANS         ,G4BF83              ,5,17,9.13,12.25,9.25,26.00
3500095,KRO NS TOMATO SAUCE           ,G4BG02              ,11,10,3.16,16.28,10.79,14.80
3502067,BUSH SEASONED BLACK BEANS     ,G4BG04              ,6,17,4.50,12.10,9.10,13.00
3500305,GRNGNT WHITE SHOEPEG CORN     ,G4BG12              ,10,15,3.61,12.83,9.68,10.50
3504795,REDGLD DICED TOMATOES         ,G4BG14              ,6,17,4.10,12.10,9.10,13.00
3501215,KRO TOMATO PASTE              ,G4BG22              ,7,10,4.29,16.34,10.72,21.30
3503599,REDGLD DCD CHILI RDY TOM      ,G4BG24              ,7,17,4.50,12.00,9.00,13.00
3500933,ROTEL DCD HOT HABNERO TOM     ,G4BG32              ,8,20,4.40,11.20,8.30,9.50
3505788,KRO RED BEANS                 ,G4BG34              ,7,17,4.50,12.00,9.00,13.20
3591104,STO NS CRUSHED TOMATOES       ,G4BG53              ,6,10,5.20,16.10,12.10,26.00
3501986,DELMNT SLC CRRTS HOT HNY      ,G4BG73              ,12,17,4.56,12.38,9.13,12.88
3501773,DELMNT FS GREEN BEANS         ,G4BG83              ,11,7,4.78,18.64,12.51,26.20
3502581,VEGALL MIXED VEGETABLES       ,G4BH02              ,7,10,4.75,16.25,12.81,24.90
3501919,BUSH WHITE HOMINY             ,G4BH04              ,7,17,4.50,12.10,9.10,13.40
3501740,HNTS SAN MRZNO WHL TOMS       ,G4BH12              ,7,8,4.79,16.44,12.31,23.86
3503933,DELMNT FIRE ROASTED CORN      ,G4BH14              ,6,17,4.56,12.13,9.13,12.90
3504588,KRO HICKORY BAKED BEANS       ,G4BH22              ,7,17,4.63,12.13,9.00,13.10
3598033,STO TOMATO SAUCE              ,G4BH24              ,6,17,4.50,12.00,9.00,14.00
3504572,VCMP PORK AND BEANS           ,G4BH32              ,4,16,8.75,18.00,12.00,26.00
3504400,HNTS DCD FR RST TOM W/GRL     ,G4BH34              ,6,16,4.50,12.20,9.10,12.60
3504566,KRO SUPR SWT GLD CORN 4CT     ,G4BH53              ,10,8,4.50,18.00,12.25,26.00
3503447,HNTS CRUSHED TOMATOES         ,G4BH63              ,7,8,4.80,16.30,12.30,24.50
3500355,BUSH RS BLACK BEANS           ,G4BH73              ,12,17,4.50,12.10,9.10,13.80
3503439,DELMNT NS SWEET PEAS          ,G4BH83              ,12,17,5.00,12.20,9.10,13.50
3592304,STO FIRE RSTD TOMATOES        ,G4BJ02              ,6,17,4.50,12.25,9.13,13.00
3504410,REDGLD PETITE DCD TOMATOS     ,G4BJ04              ,6,17,4.80,12.20,9.20,13.00
3502056,BUSH CANNELLINI BEANS         ,G4BJ12              ,8,17,4.50,12.10,9.10,13.40
3592302,STO DICED TOMATOES            ,G4BJ14              ,7,17,4.50,12.25,9.13,13.00
3506089,PRSL MARINATED ARTICHOKES     ,G4BJ22              ,6,34,5.12,8.46,5.71,8.60
3500156,KRO QTR ARTICHOKE HEARTS      ,G4BJ24              ,7,34,4.64,5.83,9.01,6.60
3503455,DELMNT SLICED CARROTS         ,G4BJ32              ,3,17,9.00,12.00,9.00,26.00
3501975,BUSH DARK RED KIDNEY BEAN     ,G4BJ34              ,8,17,4.50,12.10,9.10,13.80
3505793,KRO DARK RED KIDNEY BEANS     ,G4BJ53              ,10,17,4.50,12.00,9.00,13.60
3504579,KRO WH KRN SW GLD CRN 4CT     ,G4BJ63              ,10,8,4.50,18.00,12.25,26.00
3505774,KRO DRK RD KIDNEY BNS 4CT     ,G4BJ73              ,10,8,4.50,12.00,18.00,27.00
3504323,HNTS DICED TOMATOES           ,G4BJ83              ,7,8,4.50,18.00,12.00,24.50
3500558,PNPT HT  SP BOILED PNUTS      ,G4BK02              ,10,10,5.00,16.50,12.25,23.60
3505777,KRO BLACK BEANS 4CT           ,G4BK12              ,10,8,4.50,12.00,18.00,27.00
3597054,STO CANNED YAMS               ,G4BK22              ,10,17,4.50,12.00,9.00,13.50
3502772,KRO CUT ITAL GREEN BEANS      ,G4BK32              ,10,17,4.50,12.25,9.25,11.87
3504725,OEP VEGETRN REFRIED BEANS     ,G4BK53              ,6,17,4.50,12.00,9.00,15.00
3503741,KRO PTITE DCD TMTOES 4PK      ,G4BK63              ,9,8,4.56,17.37,11.62,25.00
3503788,KRO DICED TOMATOES 4PK        ,G4BK73              ,9,8,4.56,17.37,11.62,25.00
3503178,DELMNT WHOLE GREEN BEANS      ,G4BK83              ,12,17,4.50,12.10,9.10,13.00
3504602,KRO FS GREEN BEANS 4CT        ,G4BL02              ,10,8,4.50,18.00,12.25,26.00
3504894,BUSH MILD KDNY CHILI BEAN     ,G4BL12              ,12,17,4.50,12.13,9.13,13.80
3501989,KRO MIXED CHILI BEAN          ,G4BL22              ,10,17,4.46,12.07,9.04,13.50
3501899,GLORY RS COLLARD GREENS       ,G4BL32              ,10,17,4.50,12.06,9.06,13.11
3502903,KRO WHOLE GREEN BEANS         ,G4BL53              ,5,17,9.13,12.25,9.25,26.00
3521993,BUSH ORIGINAL BAKED BEANS     ,G4BL63              ,7,14,6.00,14.00,10.30,22.70
3500425,DELMNT 50%LS FRC GRN BEAN     ,G4BL73              ,12,17,4.56,12.13,9.13,12.79
3501146,KRO NS SLICED BEETS           ,G4BL83              ,10,17,4.50,12.00,9.25,13.50
3500101,KRO BLACKEYED PEAS            ,G4BM02              ,10,17,4.50,12.13,9.13,13.20
3505728,BUSH PINTO BEANS              ,G4BM12              ,7,14,5.80,13.75,10.25,23.30
3500767,KRO SLICED PICKLED BEETS      ,G4BM22              ,10,17,4.50,12.00,9.25,13.50
3504389,BUSH HOMESTYL BAKED BEANS     ,G4BM32              ,7,14,6.00,13.50,10.50,24.70
3500392,DELMNT MEXICAN STR CORN       ,G4BM53              ,12,17,4.56,12.38,9.13,12.66
3502803,KRO CUT WAX BEANS             ,G4BM63              ,10,17,4.50,12.25,9.25,10.87
3500004,ALLN CUT ITALN GRN BEANS      ,G4BM73              ,10,10,4.50,16.00,12.00,27.00
3502011,BUSH PINTO BEANS              ,G4BM83              ,8,17,4.50,12.10,9.10,13.80
3500550,KRO DICED TOMATOES            ,G4BN53              ,10,10,4.78,16.24,12.12,24.60
3502617,SW PET CUT GARLC DCD TOM      ,G4BN63              ,12,17,4.56,12.38,9.13,13.00
3500705,KRO NSA TOMATO SAUCE          ,G4BN73              ,6,17,9.00,12.00,9.00,26.20
3504248,HNTS TOMATO PASTE             ,G4BN83              ,8,9,4.00,16.00,10.50,21.50
3504832,RNCH STYL JALAPENO BEANS      ,G4BP02              ,8,15,4.25,12.50,9.10,13.10
3503914,CAMP SPAGHETTIO FUN SHAPE     ,G4BP04              ,8,15,4.31,12.75,9.50,13.80
3501273,DELMNT FR STYL GRN BEANS      ,G4BP12              ,7,20,4.80,12.50,8.20,12.00
3500645,ROTEL FIRE RSTD DC TOMATO     ,G4BP14              ,8,20,4.13,11.13,8.31,9.70
3504284,HNTS TOMATO SAUCE             ,G4BP22              ,6,8,5.00,16.00,12.00,23.20
3501074,KRO TOMATO SAUCE              ,G4BP24              ,10,10,3.16,16.28,10.79,14.80
3504300,HNTS DICED TOMATO W/BGO       ,G4BP32              ,7,16,4.80,12.10,9.10,13.00
3500700,BUSH ORIGINAL BAKED BEANS     ,G4BP34              ,10,21,3.00,10.70,8.10,7.50
3506095,ALLN BLUE LAKE GRN BEANS      ,G4BP53              ,7,10,6.00,15.67,12.25,33.50
3505633,KRO TOMATO SAUCE 4PK          ,G4BP73              ,9,8,4.56,17.37,11.62,25.55
3500495,KRO DICED TOM W/JALAPENOS     ,G4BP83              ,6,17,9.00,12.00,9.00,25.60
3501938,BUSH GARBANZO BEANS           ,G4BQ02              ,8,17,4.50,12.10,9.10,13.80
3500017,KRO WHOLE PEELED TOMATOES     ,G4BQ12              ,7,10,4.78,16.24,12.12,24.60
3503524,KRO FIRE RSTD SALSA TOMS      ,G4BQ14              ,7,17,4.50,12.20,9.10,12.70
3504266,HNTS NS TOMATO SAUCE          ,G4BQ22              ,5,9,6.30,16.20,10.70,29.00
3506762,PRSL JARRED BABY CORN         ,G4BQ32              ,7,13,4.84,10.43,13.62,16.00
3500907,KRO ITLN STY TOMATO PASTE     ,G4BQ34              ,9,16,3.59,13.06,8.81,11.00
3504378,STO FLOUR                     ,G4BQ53              ,6,10,8.50,16.00,12.00,40.50
3515487,GMDL ALL PURPOSE FLOUR        ,G4BQ63              ,8,8,5.70,18.10,12.30,37.00
3501645,KRO ALL PURPOSE FLOUR         ,G4BQ73              ,12,8,4.00,23.00,14.00,25.50
3504412,BUSH VEGETARN BAKED BEANS     ,G4BQ83              ,7,14,6.00,13.50,10.00,24.40
3501750,KRO CUT YAMS IN SYRUP         ,G4BR02              ,7,10,4.75,16.50,12.00,27.00
3505621,RSTA LF AUTH BLACK BEANS      ,G4BR04              ,4,16,4.56,12.25,9.13,13.64
3503003,TRAP JLPN BLKEYE PEASBCN      ,G4BR12              ,8,17,4.50,9.00,9.00,14.00
3500765,HNTS TOMATO PASTE             ,G4BR14              ,9,16,3.50,13.10,8.80,10.80
3503111,KRO SMALL EARLY PEAS          ,G4BR22              ,4,17,9.00,12.00,9.00,27.00
3501807,HNTS CRUSHED TOMATOES         ,G4BR24              ,7,16,4.57,12.31,9.13,12.80
3501897,BUSH BLACKEYE PEAS            ,G4BR32              ,8,17,4.50,12.10,9.10,13.60
3500588,KRO TOMATO PASTE              ,G4BR34              ,10,16,3.50,13.19,8.81,11.10
3500135,PONR FLOUR                    ,G4BR63              ,12,7,4.00,20.00,13.00,25.30
3501830,BUSH MIXED CHILI BEANS        ,G4BR73              ,12,17,4.50,12.10,9.13,13.40
3505701,KRO ORIGINAL BAKED BEANS      ,G4BR83              ,8,14,5.88,17.75,14.38,24.00
3503370,POPY LEAF SPINACH             ,G4BS02              ,4,17,9.00,12.00,9.00,23.10
3504979,SW STEWED TOMATOES            ,G4BS04              ,7,17,4.56,12.38,9.13,12.75
3500423,RANCH STYLE BEANS             ,G4BS12              ,6,14,5.88,13.75,10.56,21.98
3503750,DELMNT SUMMER CRISP CORN      ,G4BS14              ,9,15,3.60,13.00,9.80,10.20
3500406,HNTS RESEALBLE TOMATO SCE     ,G4BS22              ,4,30,8.13,7.88,7.63,13.40
3597586,TR ORGNCS CRUSHD TOMATOES     ,G4BS24              ,5,16,4.81,12.38,8.31,12.13
3501480,HNTS MNWCH BOLD SLPY JOE      ,G4BS32              ,7,16,4.50,12.50,9.50,13.40
3506069,DELMNT WHT SHEPG SWT CRN      ,G4BS34              ,9,15,3.63,13.00,9.87,10.20
3500435,GLORY SKILLET CORN            ,G4BS53              ,10,17,4.50,12.06,9.06,14.00
3502069,BUSH GRLLN HOT HNY BEANS      ,G4BS63              ,10,14,4.63,13.75,10.25,19.20
3500087,KRO PORK  BEANS               ,G4BS73              ,10,17,4.50,12.13,9.13,13.60
3501383,PLBRY ALL PURPOSE FLOUR       ,G4BS83              ,6,10,8.50,16.00,11.50,41.20
3504596,KRO CUT GREEN BEANS 4CT       ,G4BT02              ,10,8,4.50,18.00,12.25,26.00
3501945,DELMNT DCD POTATO CJN STY     ,G4BT12              ,12,17,4.56,12.38,9.13,13.04
3503076,DELMNT CUT GREEN BEANS        ,G4BT22              ,10,20,5.00,12.30,8.30,12.70
3504104,BUSH ORIGINAL BAKED BEANS     ,G4BT32              ,6,16,7.00,17.00,13.00,23.20
3501196,KRO SHOESTRING BEETS          ,G4BT53              ,10,17,4.50,12.00,9.25,13.30
3503157,KRO PURE CANE SUGAR           ,G4BT63              ,6,10,7.00,19.68,9.12,41.27
3504268,HNTS TOMATO SAUCE             ,G4BT73              ,11,8,4.50,18.30,12.30,26.50
3500248,DELMNT SWEET PEAS             ,G4BT83              ,11,7,4.78,18.64,12.51,26.90
3500015,KRO TOMATO PUREE              ,G4BU02              ,10,10,4.78,16.24,12.12,24.60
3502856,KRO CRM STYLE GOLDEN CORN     ,G4BU12              ,5,17,9.13,12.25,9.25,26.00
3502989,DELMNT CRM STYLE SWT CORN     ,G4BU22              ,6,17,9.00,12.00,9.00,25.80
3500223,KRO CUT GREEN BEANS           ,G4BU32              ,7,8,7.44,18.81,12.63,43.00
3504096,BUSH PINTO BEANS              ,G4BU53              ,6,16,7.00,13.00,8.56,22.30
3501678,PLBRY UNBLEACHED FLOUR        ,G4BU63              ,6,10,8.50,16.00,11.50,41.26
3503808,BUSH CNTRY STYL BKD BEANS     ,G4BU73              ,12,14,3.50,13.70,10.20,13.80
3502741,KRO ALL PURPOSE FLOUR         ,G4BU83              ,8,8,6.50,17.50,12.00,41.00
3502629,SMRTWY GRANULATED SUGAR       ,G4BV02              ,14,7,3.00,21.00,13.25,25.20
3504257,HNTS TOMATO SAUCE             ,G4BV12              ,8,9,6.00,16.20,11.00,29.00
3586320,STO NS GREEN BEANS            ,G4BV22              ,10,17,4.50,12.00,9.25,13.00
3504458,KRO ORIGINAL BAKED BEANS      ,G4BV32              ,8,17,4.63,12.13,9.00,13.10
3502309,BUSH MILD CLASSIC HMSTYLE     ,G4BV53              ,12,14,3.50,13.75,10.25,13.50
3504817,RNCH STYL BEANS               ,G4BV63              ,10,15,4.50,12.50,9.10,13.10
3501821,PLBRY BREAD FLOUR             ,G4BV73              ,6,10,8.50,16.00,11.50,41.26
3502747,KRO ALL PURPOSE FLOUR         ,G4BV83              ,6,10,8.50,16.40,11.60,41.00
3505029,BUSH MILD WHIT CHILI BEAN     ,G4BW02              ,8,17,6.00,12.13,9.13,13.80
3502099,DELMLNT WHL GRN BNS TRYKI     ,G4BW12              ,12,17,4.56,12.38,9.13,12.74
3504828,RNCH STYL JALPNO PINTO BN     ,G4BW22              ,10,15,4.40,14.20,9.00,12.25
3504316,BUSH MPL CRD BCN BKD BEAN     ,G4BW32              ,7,14,6.00,14.00,10.30,23.70
3582834,STO PETITE DCD TOMATOES       ,G4BW53              ,7,17,4.50,12.25,9.13,13.00
3520184,IMPR SUGAR                    ,G4BW63              ,9,7,5.00,20.00,16.00,40.60
3503913,BUSH BR SGR HCKRY BKD BNS     ,G4BW73              ,7,14,6.25,13.75,10.25,24.30
3520195,IMPR XTRA FINE GRAN SUGAR     ,G4BW83              ,6,10,8.00,20.00,9.50,40.60
3501936,BUSH MILD CHILI BEANS         ,G4BX02              ,7,17,4.50,12.10,9.10,13.80
3502937,DELMNT NS CUT GRN BEANS       ,G4BX04              ,2,22,3.50,11.00,8.30,7.80
3500387,BUSH BEST BBQ BKD BEANS       ,G4BX12              ,5,14,6.75,13.75,10.25,23.90
3500103,HNTS BSL GRL ORE TMTO PST     ,G4BX14              ,9,16,3.50,13.10,8.80,10.80
3500756,KRO CHILI RDY DCD TOMATO      ,G4BX22              ,3,17,9.00,12.00,9.00,25.60
3500768,OEP SPY JLPN CHDR TAC SHT     ,G4BX24              ,4,18,6.50,13.15,7.43,3.10
3504470,BUSH ZERO SGR AD BKD BNS      ,G4BX32              ,6,14,5.80,13.75,10.25,23.40
3502933,DELMNT NS WHL KRNL CORN       ,G4BX34              ,4,22,3.50,11.10,8.30,8.30
3503805,BUSH ORIGINAL BAKED BEANS     ,G4BX53              ,12,14,3.50,13.70,10.20,13.80
3505353,SW ITLN RECIPE STWD TMTO      ,G4BX63              ,12,17,5.00,12.00,9.00,13.50
3505702,KRO HICKORY BAKED BEANS       ,G4BX73              ,8,14,5.88,17.75,14.38,24.00
3502701,SMRTWY GRANULATED SUGAR       ,G4BX83              ,5,14,8.50,17.00,6.50,41.00
3500562,PNPT BOILED PEANUTS           ,G4BY22              ,10,10,5.00,16.50,12.25,23.60
3502804,KRO WHL KERNEL WHITE CORN     ,G4BY32              ,10,17,4.50,12.25,9.25,12.43
3502991,DELMNT FR STYL GRN BEANS      ,G4BY53              ,3,17,9.00,12.00,9.00,26.00
3505791,KRO LT RED KIDNEY BEANS       ,G4BY63              ,10,17,4.63,12.00,9.25,13.70
3501616,HNTS NS DICED TOMATOES        ,G4BY73              ,8,16,4.50,12.20,9.10,12.60
3500283,MOLV MJST MDM SKB DIL PKL     ,G4CA02              ,5,20,5.59,13.25,7.70,15.50
3591051,LACHY BEAN SPROUTS            ,G4CA04              ,7,21,4.56,12.38,6.25,8.10
3502018,BUSH MED TEXAS CHLI STRTR     ,G4CA12              ,10,14,3.60,13.75,10.25,13.50
3502431,DELMNT CUT GREEN BEANS        ,G4CA14              ,7,7,4.78,18.64,12.51,26.20
3510182,KKMN TERIYAKI SAUCE           ,G4CA22              ,3,14,9.80,12.60,9.50,25.50
3594959,STO FILTERED EVOO             ,G4CA32              ,3,36,11.54,8.50,5.55,16.07
3500585,KRO TOMATO SAUCE              ,G4CA53              ,7,10,4.78,16.24,12.12,25.10
3505972,DELMNT NS SWEET PEAS          ,G4CA55              ,4,22,3.38,11.06,8.25,8.00
3510181,KKMN SOY SAUCE                ,G4CA63              ,3,14,9.50,12.50,9.30,24.70
3520782,BRCE CUT YAMS IN SYRUP        ,G4CA73              ,7,10,4.70,16.00,13.00,26.00
3503806,BUSH VEGETARN BAKED BEANS     ,G4CA75              ,10,14,3.50,13.70,10.20,13.80
3598041,STO TOMATO PASTE              ,G4CA85              ,8,16,3.38,13.25,9.13,12.00
3506385,KRO MEDIUM PICANTE SAUCE      ,G4CB02              ,5,15,7.00,12.00,9.00,19.80
3502854,KRO CORN  PEPPERS             ,G4CB04              ,9,15,3.50,12.63,9.50,11.00
3504259,HNTS BSL GRL ORE TMTO SCE     ,G4CB14              ,10,9,3.30,16.00,11.00,13.90
3504392,REDGLD DICED TMTO W/BGO       ,G4CB24              ,7,17,4.10,12.10,9.10,13.00
3504616,REDGLD TOMATO SAUCE           ,G4CB32              ,8,17,4.10,12.10,9.10,13.60
3506085,PRSL MRNTD ARTICHOKE HRTS     ,G4CB34              ,5,17,3.10,11.60,8.50,10.00
3504466,BUSH ZERO SGR AD BKD BNS      ,G4CB55              ,6,14,3.60,13.75,10.25,13.60
3501957,ROTEL DCD SSN CHL FXN TOM     ,G4CB63              ,6,20,4.06,11.13,8.31,9.50
3505141,KRO BTTRMILK FIELDS RANCH     ,G4CB65              ,4,32,8.50,8.60,6.20,7.30
3501091,DELMNT MUSHROOM SLICES        ,G4CB73              ,7,18,4.96,11.06,8.19,12.02
3502146,CNTD CRUSHED TOMATOES         ,G4CB83              ,5,16,4.81,12.13,8.56,12.20
3501055,BUSH GRLN BRBN BR SGR BNS     ,G4CC02              ,8,14,4.60,13.70,10.20,19.70
3504925,CNTD ROMA TOMATO PASTE        ,G4CC04              ,9,31,3.50,9.38,6.75,5.48
3506941,HNTS DICED TOMATOES           ,G4CC12              ,6,8,5.00,16.50,12.00,24.00
3502922,DELMNT SLICED CARROTS         ,G4CC14              ,7,22,3.50,11.30,8.30,8.00
3500961,ROTEL DCD MEX LIM CLN TOM     ,G4CC22              ,8,20,4.10,11.20,8.30,9.50
3505926,ROTEL NSA DCD GRN CHL TOM     ,G4CC24              ,8,20,4.13,11.13,8.31,8.90
3504601,DELMNT CUT GREEN BEANS        ,G4CC32              ,3,22,3.30,11.00,8.00,7.80
3500651,RNCH STYL BEANS HEATEAT       ,G4CC34              ,5,11,2.88,14.38,10.75,6.50
3598415,LEEKK SRIRACHA MAYONNAISE     ,G4CC55              ,3,40,9.96,8.07,5.70,6.50
3594921,KKMN RICE SWT SOY SAUCE       ,G4CC63              ,4,50,8.38,7.47,5.04,7.50
3501012,KRO BFFET CARROTS CUP 2PK     ,G4CC65              ,10,14,3.29,13.57,10.10,6.50
3502934,DELMNT WHOLE KERNEL CORN      ,G4CC73              ,7,22,3.40,10.90,8.30,8.00
3503941,LSUR YOUNG SML EARLY PEAS     ,G4CC75              ,5,21,3.50,11.00,8.30,7.70
3506206,KRO ARTICHOKE HRTS 8-10CT     ,G4CC83              ,7,34,4.70,9.00,6.30,6.80
3591862,TNGL CRMY MUSHROOM PASTA      ,G4CC85              ,9,8,3.23,17.72,11.93,2.43
3512719,MRTN PLAIN SALT               ,G4CD02              ,4,14,11.40,14.00,10.50,42.70
3512726,MRTN IODIZED SALT             ,G4CD12              ,4,14,11.20,13.50,10.50,42.60
3500805,IMPR POWDERED SUGAR           ,G4CD22              ,6,8,8.25,18.25,10.50,25.00
3520178,IMPR PURE CN DK BROWN SGR     ,G4CD32              ,7,10,6.00,19.00,10.00,24.50
3504819,FLRD ORGNC RAW CANE SGR       ,G4CD53              ,7,10,7.77,19.45,9.51,25.50
3505346,SW MXCN RECIPE STWD TMTO      ,G4CD63              ,12,17,4.63,12.00,9.00,13.00
3501792,SWAN DOWN CAKE FLOUR          ,G4CD73              ,5,12,9.00,13.00,10.50,17.50
3500144,KRO DARK BROWN SUGAR          ,G4CD83              ,10,7,4.75,18.00,12.75,25.00
3505307,BUSH CNTRY STYL BKD BEANS     ,G4CF02              ,7,14,6.00,13.70,10.20,24.70
3502005,BUSH GREAT NORTHERN BEANS     ,G4CF22              ,12,17,4.50,12.10,9.10,13.60
3501974,GMDL WHOLE WHEAT FLOUR        ,G4CF32              ,7,9,7.50,16.50,11.00,40.80
3515493,GMDL ALL PURPOSE FLOUR        ,G4CF53              ,7,9,9.00,14.50,11.00,38.30
3598038,STO SEASONED BLACK BEANS      ,G4CF63              ,10,17,5.00,12.13,9.13,13.50
3502729,SMRTWY GRANULATED SUGAR       ,G4CF73              ,6,10,7.75,19.50,8.75,41.00
3515498,GMDL UNBLEACHED FLOUR         ,G4CF83              ,7,9,7.00,17.10,12.00,38.30
3515497,GMDL BETTER 4 BREAD FLOUR     ,G4CG02              ,7,9,7.00,16.70,11.70,38.20
3502682,IMPR XTRA FINE GRAN SUGAR     ,G4CG12              ,5,14,4.50,20.00,15.50,40.00
3515494,GMDL SELF RISING FLOUR        ,G4CG22              ,7,9,7.00,16.00,12.00,38.00
3502729,SMRTWY GRANULATED SUGAR       ,G4CG32              ,6,10,7.75,19.50,8.75,41.00
3502730,KRO ALL PURPOSE FLOUR         ,G4CG53              ,9,10,6.00,17.50,8.70,24.50
3500201,DELMNT HMSTYLE SAUERKRAUT     ,G4CG63              ,7,13,5.68,13.50,9.06,18.14
3502786,KRO SELF RISING FLOUR         ,G4CG73              ,6,10,7.20,15.50,11.00,40.50
3504345,HNTS WHOLE TOMATOES           ,G4CG83              ,7,8,4.70,16.40,12.30,25.10
3505513,KRO LSNA HOT SAUCE KTCHP      ,G4CH02              ,6,16,7.31,9.06,10.81,17.00
3502037,GMDL ALL PRPS RSL FLOUR       ,G4CH12              ,3,20,11.75,11.50,7.50,19.50
3506117,SEASONING BOMBS BIRRIA        ,G4CH32              ,7,32,6.00,10.00,6.00,2.45
3506197,PRSL MARTINI OLIVE            ,G4CH53              ,6,21,6.30,10.24,7.48,15.00
3525202,WHT WNG FLOUR TORTILLA        ,G4CH63              ,7,12,7.70,12.50,11.70,25.10
3506851,WHTLLY SELF RISING FLOUR      ,G4CH73              ,6,10,8.50,16.00,11.76,40.70
3500432,KRO SPINACH                   ,G4CH83              ,8,17,4.50,12.00,9.06,12.89
3508210,KRO UNBLEACHED FLOUR          ,G4CJ02              ,6,10,10.00,16.00,11.50,38.80
3506111,SEASONING BOMBS POZOLE VE     ,G4CJ12              ,7,32,6.00,10.00,6.00,2.45
3506283,KRO WHITE WHL WHEAT FLOUR     ,G4CJ22              ,6,10,8.00,16.00,11.00,40.60
3506261,KRO WHOLE WHEAT FLOUR         ,G4CJ32              ,6,10,8.00,16.00,11.00,40.60
3520175,IMPR BROWN SUGAR POLY         ,G4CJ53              ,7,10,5.75,18.75,9.75,24.50
3502961,DELLRS MARSHMALLOWS           ,G4CJ55              ,3,10,10.70,16.10,10.20,12.10
3500002,RSTA VEGETRN REFRD BEANS      ,G4CJ65              ,7,16,4.50,12.20,9.10,13.80
3506373,PLMG YELLOW CORN MEAL         ,G4CJ73              ,5,10,6.50,17.50,9.00,25.00
3500064,RSTA NF CHLME RFRD BEANS      ,G4CJ85              ,6,16,4.50,12.20,9.10,13.80
3500508,GMDL ALL PURPOSE FLOUR        ,G4CK02              ,8,8,6.20,19.50,12.00,40.00
3591050,LACHY SOY SAUCE               ,G4CK12              ,5,17,8.00,11.25,8.75,17.00
3503886,LSUR SWT PEAS W/MSHR ONI      ,G4CK22              ,6,17,4.50,12.00,9.00,12.90
3505470,HEINZ TOMATO KETCHUP          ,G4CK32              ,6,12,7.80,12.40,11.30,26.00
3506384,KRO MILD PICANTE SAUCE        ,G4CK53              ,5,15,6.75,11.75,9.00,19.20
3505761,RICO PRM CHDR CHS SAUCE       ,G4CK55              ,7,15,4.56,12.13,8.88,13.10
3500382,KRO ITALN STEWED TOMATOES     ,G4CK63              ,3,17,9.00,12.00,9.00,25.60
3598532,KRO SOY SAUCE                 ,G4CK65              ,4,31,8.00,8.67,6.75,10.40
3591863,TANGLE CRMY MSHRM             ,G4CK73              ,2,9,10.04,13.19,12.80,18.85
3503812,KRO CRMY AG CHPT ST TC SC     ,G4CK75              ,4,61,6.88,6.25,4.19,3.70
3500560,VLSC SWEET RELISH             ,G4CK83              ,8,17,4.30,12.30,9.00,13.00
3598800,KRO LESS SODIUM SOY SAUCE     ,G4CK85              ,4,31,8.00,8.67,6.75,10.20
3500542,RICO GOURMT NACHO CHS SCE     ,G4CL22              ,9,15,4.70,12.50,9.20,14.00
3503678,KRO WHL JLPNO W CRT ONION     ,G4CL32              ,9,10,4.72,16.14,12.20,24.97
3510192,KKMN TERIYAKI SAUCE           ,G4CL53              ,4,24,7.50,9.50,8.50,14.50
3501349,REDGLD TOMATO PASTE           ,G4CL55              ,10,16,3.37,13.75,9.00,12.00
3591058,PFCHNG SWT CHLY SCE W/HNY     ,G4CL63              ,2,45,7.88,8.00,5.31,8.70
3505841,KNOR GRNLTD CHKN BOUILLON     ,G4CL65              ,4,16,7.69,12.61,8.32,13.20
3510134,OEP MLD RED ENCHILADA SCE     ,G4CM02              ,7,14,4.50,13.70,10.50,15.90
3591062,THAIKT COCONUT CREAM          ,G4CM04              ,4,32,5.25,9.31,6.31,6.20
3510095,GARCIA MILD SALSA             ,G4CM12              ,6,14,5.50,13.00,10.00,20.00
3500072,RSTA SPCY JALPNO RFRD BNS     ,G4CM14              ,6,16,4.50,12.20,9.10,13.80
3503103,OEP STKD QSO CRNCH TCDNRK     ,G4CM73              ,3,16,12.75,11.06,9.56,7.83
3501614,KRO FAJITA SEASONING MIX      ,G4CM75              ,5,70,6.50,6.00,4.50,1.20
3500088,MCCO MAYONNAISE WITH LIME     ,G4CM83              ,7,15,5.28,12.32,9.25,12.00
3504720,OEP FF REFRIED BEANS          ,G4CM85              ,7,17,4.50,12.30,9.00,14.00
3505477,KRO CRMY SRRNO ST TCO SC      ,G4CN02              ,4,56,6.88,6.25,4.19,3.70
3577250,TRAP CUT OKRA  TOMATOES       ,G4CN04              ,5,17,4.50,12.00,9.00,14.00
3596440,KRO TERIYAKI SAUCE            ,G4CN12              ,4,59,8.00,6.75,4.50,4.90
3591064,STO RICE VINEGAR              ,G4CN14              ,4,38,8.75,7.80,5.20,10.00
3505565,HEINZ NO SG ADD TOM KTCHP     ,G4CN22              ,4,40,6.50,9.50,5.00,5.80
3591093,KRO LITE COCONUT MILK         ,G4CN24              ,7,34,4.75,9.05,6.00,7.10
3510183,KKMN STIR FRY SAUCE           ,G4CN32              ,4,22,7.80,10.10,7.60,13.90
3591027,KRO SLCD WATER CHESTNUTS      ,G4CN34              ,7,23,4.88,10.43,7.08,8.20
3591480,KKMN LS SOY SAUCE             ,G4CN53              ,3,24,8.25,9.63,7.19,16.70
3505404,OEP TRADTNL REFRIED BEANS     ,G4CN55              ,7,17,4.50,12.00,9.00,13.00
3504290,PEARLS GRLC STF QUEEN OLV     ,G4CN63              ,5,45,6.13,7.69,5.19,7.50
3504482,KRO ORIGINAL BBQ SAUCE        ,G4CN65              ,4,20,8.00,11.38,7.75,15.10
3504833,RSTA WHOLE BLACK BEANS        ,G4CN73              ,5,15,4.50,12.50,9.10,13.10
3591149,LACHY CHOW MEIN NOODLES       ,G4CN75              ,6,8,4.88,16.63,12.75,6.30
3504474,505 SW MD THCKCHNKY SLS       ,G4CN83              ,5,17,6.75,11.80,9.10,21.00
3505899,RSTA SMOOTH REFRIED BEANS     ,G4CN85              ,6,16,4.56,12.50,9.13,13.60
3597234,KKMN LITE SOY SAUCE           ,G4CP02              ,4,20,9.19,9.88,9.38,19.52
3591060,THAIKT COCONUT MILK           ,G4CP04              ,6,17,5.00,12.00,9.25,12.60
3505429,OEP SPCY QSC BLN MD SCE       ,G4CP12              ,4,45,7.00,8.62,4.50,5.40
3500008,OEP SOFT TACO DINNER KIT      ,G4CP22              ,3,15,10.00,15.90,11.50,12.00
3503443,KRO MEDIUM TACO SAUCE         ,G4CP24              ,4,26,8.00,9.44,7.19,10.24
3505066,KRO TOMATILLO SALSA VERDE     ,G4CP32              ,7,22,4.34,10.81,7.13,9.70
3504727,RSTA TRDITNL MCRWVL BEANS     ,G4CP34              ,3,28,8.00,11.00,5.75,8.04
3591056,PFCHNG TERIYAKI SCE           ,G4CP53              ,2,45,7.06,8.88,6.00,8.51
3500172,KRO REGULAR TACO SSN MIX      ,G4CP55              ,5,38,6.50,6.00,4.50,2.00
3505734,PEARLS PTD OLVS CSTLVTRN      ,G4CP63              ,6,38,6.13,7.88,5.11,7.90
3550178,RICO AGED CHEDDR CHSE SCE     ,G4CP65              ,6,15,4.70,12.50,9.20,14.00
3501611,KRO GUACAMOLE SSNG MIX        ,G4CP73              ,5,70,6.13,5.31,4.38,1.20
3505835,KNOR GRNLTD CHKN BOUILLON     ,G4CP75              ,6,22,5.13,10.46,7.73,7.00
3502955,KRO HAMBURGER DILL CHIPS      ,G4CP83              ,6,10,5.63,15.16,11.22,29.20
3501691,ORTG DICED HOT GRN CHILES     ,G4CP85              ,5,22,4.30,11.00,8.20,8.60
3598374,KRO LESS SODIUM SOY SAUCE     ,G4CQ02              ,3,24,8.75,10.33,7.70,15.30
3500057,OEP LS TACO SEASONING MIX     ,G4CQ04              ,4,40,5.80,9.70,4.70,2.50
3504537,KNOR CHKN BOULLON CB 24CT     ,G4CQ12              ,6,15,6.60,15.00,7.50,22.90
3501030,ORTG DICED GREEN CHILES       ,G4CQ14              ,8,22,4.25,8.38,5.63,4.50
3517366,VLSC SWEET PICKLES            ,G4CQ22              ,7,14,5.25,13.38,10.01,20.53
3500820,TABASCO SRIRACHA SAUCE        ,G4CQ24              ,5,40,7.25,9.25,4.63,6.40
3500151,OEP MLD TACO SEASONING MX     ,G4CQ32              ,4,40,5.80,9.70,4.70,2.50
3500464,OEP MED ENCHILADA SAUCE       ,G4CQ34              ,6,20,4.50,11.00,8.30,9.60
3505676,KRO RSS STUF MANZ GRN OLV     ,G4CQ53              ,5,22,6.89,10.04,6.61,13.80
3510099,OEP MLD RED ENCHILADA SCE     ,G4CQ55              ,8,20,4.30,10.90,8.50,9.40
3596293,STO KALAMATA OLIVES           ,G4CQ63              ,6,31,4.96,9.06,5.91,6.50
3505838,KNOR FIDEOS SOUP MIX          ,G4CQ65              ,4,28,7.95,11.10,5.75,3.30
3510106,PACE CHUNKY HOT SALSA         ,G4CQ73              ,4,15,6.10,12.80,9.50,21.00
3500229,KRO LW SODIUM TACO SSN MX     ,G4CQ75              ,5,70,6.50,6.00,4.50,0.90
3503957,NSTL NIDO DRY MILK            ,G4CQ83              ,4,7,8.00,18.85,12.60,25.80
3591052,LACHY SWEETSOUR MARINADE      ,G4CQ85              ,3,45,7.88,8.00,5.31,8.92
3500796,MOLV KOSH DLL SNCK CRNCHR     ,G4CR02              ,6,14,5.00,13.00,10.00,21.00
3502054,PEARLS PTTD KALAMATA OLV      ,G4CR04              ,5,38,6.13,7.88,5.11,7.80
3510123,PACE MEDIUM PICANTE SAUCE     ,G4CR12              ,5,15,6.10,12.80,9.50,19.90
3598403,KRO SWEET CHILI SAUCE         ,G4CR22              ,4,45,7.75,7.75,5.25,8.00
3586240,KRO RSTED SEAWEED SNCK        ,G4CR24              ,4,15,7.50,15.50,8.30,1.40
3554875,PRSL PITT CSTLVTRNO OLIVE     ,G4CR32              ,7,34,4.96,9.06,5.91,6.90
3500005,OEP TACO SEASONG MIX          ,G4CR34              ,5,40,5.90,9.80,4.80,2.50
3500379,PRSL CITRUS CAPERS            ,G4CR53              ,6,45,5.28,7.09,5.31,6.90
3500809,ORTG CHZIT TCO SHL DN KIT     ,G4CR55              ,7,10,5.81,18.00,8.25,4.35
3502589,BST MD WHOLE DILL PICKLES     ,G4CR63              ,3,12,10.50,15.50,10.50,42.70
3500117,2 SISTERS ORIGINAL SALSA      ,G4CR65              ,7,25,4.63,10.38,7.00,9.80
3502408,MOLV KOSHER DILL PICKLES      ,G4CR73              ,3,12,10.25,15.00,11.00,45.00
3505857,MCCO LS TACO SEASONING MX     ,G4CR75              ,6,60,6.25,4.38,5.25,1.00
3504179,BEST MAID PICKLE JUICE        ,G4CR83              ,3,12,10.50,12.40,12.40,39.00
3503690,KRO CALIF FRENCH DRESSING     ,G4CR85              ,4,32,8.69,8.25,5.81,7.77
3505053,PRSL RSTRANT STYLE SALSA      ,G4CS02              ,5,10,6.25,13.88,10.38,27.20
3510178,KKMN THICK TERIYAKI BASTE     ,G4CS04              ,4,22,7.70,10.00,7.70,13.70
3500056,VLSC FRNK RH KSHR WHL DIL     ,G4CS12              ,6,28,5.31,10.38,6.88,10.00
3598481,THAIKT CCNT MLK LTE ASPTC     ,G4CS14              ,3,28,8.70,9.68,6.81,10.43
3505877,MCCO ORIG TACO SEASNG MIX     ,G4CS22              ,4,60,8.50,6.00,5.50,1.90
3598500,THAIKT COCONUT ASPTC MILK     ,G4CS24              ,3,28,8.70,9.68,6.81,10.43
3500537,VLSC HAMBURGER DILL CHIPS     ,G4CS32              ,6,8,5.56,18.39,13.39,36.15
3597303,STO GREEN OLIVES              ,G4CS34              ,6,32,4.96,9.06,5.91,6.50
3500579,BST MD SLC BRGR DILL PCKL     ,G4CS53              ,5,9,6.50,16.80,12.50,36.50
3501886,PEARLS SPEC JAL STF QN OL     ,G4CS55              ,5,38,6.13,7.69,5.19,7.90
3500454,SMRTWY HMBRGR DILL SLCES      ,G4CS63              ,6,8,5.98,17.13,12.99,36.70
3500141,KRO KOSHER DILL COCKTAILS     ,G4CS65              ,6,10,5.63,15.16,11.22,29.20
3509437,VLSC KOSH BABY DLL PCKLES     ,G4CS73              ,5,8,5.56,18.39,13.39,36.55
3500378,ERLYCL LRG PIT RIPE OLVS      ,G4CS75              ,5,17,4.50,12.00,9.00,13.20
3505079,MOLV BB SNDWCH STFR W/SS      ,G4CS83              ,6,10,6.00,15.50,11.50,30.00
3505449,KRO LITE RANCH DRESSING       ,G4CS85              ,4,32,8.75,8.50,6.06,7.30
3502898,ORTG THCKSM MED TACO SCE      ,G4CT02              ,5,26,6.50,9.50,8.00,12.60
3505489,HEINZ SMPLY TMTO KTCHP        ,G4CT12              ,7,17,7.13,11.38,9.06,15.76
3503839,RSTA MCRWVL RFRD BLK BEAN     ,G4CT22              ,5,28,8.00,11.00,5.75,8.04
3501565,KRO THICK CHNKY MED SALSA     ,G4CT32              ,5,11,10.13,15.88,9.31,29.10
3500525,VLSC ZSTY BRDBTR CHP PKL      ,G4CT53              ,6,10,5.59,15.82,11.58,31.00
3502303,ERLYCL EXTR LG PIT RP OLV     ,G4CT55              ,8,17,4.40,12.10,9.00,13.00
3505681,KRO STUF MANZ GRN OLIVES      ,G4CT63              ,8,18,4.50,11.00,8.58,12.60
3591020,KRO WHOLE WATER CHESTNUTS     ,G4CT65              ,7,23,4.88,10.43,7.08,8.20
3505810,SMRTWY DILL KOSHER SPEARS     ,G4CT73              ,6,8,6.02,17.52,12.99,36.80
3500779,ORTG CHZIT FLV TACO SHLLS     ,G4CT75              ,7,15,5.81,14.63,7.38,2.50
3506062,PRSL BLUE CHS STFD OLIVES     ,G4CT83              ,6,38,6.13,7.88,5.11,7.90
3598754,KRO SOY SAUCE                 ,G4CT85              ,3,28,10.00,9.50,6.34,16.30
3501624,KRO HAMB DLL FST FD CHIPS     ,G4CU02              ,8,14,5.32,13.19,9.96,20.10
3501319,KRO THICK CHNKY MILD SLSA     ,G4CU12              ,5,11,10.13,15.88,9.31,29.10
3500968,KRO SWEET RELISH              ,G4CU22              ,8,10,5.63,15.16,11.22,31.40
3503699,HLMN MYNNS AVCD OIL           ,G4CU53              ,8,12,6.50,19.62,7.81,20.79
3502738,BST MD HAMBRGR PICKLES        ,G4CU63              ,7,11,6.50,14.75,11.00,30.00
3505780,KRO BREAD  BUTTER CHIPS       ,G4CU73              ,7,10,5.63,15.16,11.22,31.80
3501367,TABASCO SWEET SPICY SAUCE     ,G4CU83              ,3,40,7.25,9.25,4.63,7.50
3500792,VLSC KOSH DILL SNACK MMS      ,G4CV02              ,6,10,5.59,15.82,11.58,30.13
3512908,MOLV ZESTY GARLIC STRIPS      ,G4CV12              ,9,10,5.50,15.00,11.00,27.50
3500250,KRO PEPPERONCINI PEPPERS      ,G4CV22              ,8,13,5.32,13.00,9.65,18.30
3501892,KRO KOSH ZSTY DILL SPEARS     ,G4CV53              ,6,10,6.00,15.16,11.22,29.20
3505010,MOLV KSHR S SLT DLL SPRS      ,G4CV63              ,8,10,6.00,11.50,15.50,29.00
3500607,MOLV MJST MP BRBN BBC PKL     ,G4CV73              ,8,20,6.48,15.75,7.70,15.60
3501262,ERLYCL STFD MANZL OLIVES      ,G4CV83              ,6,20,7.20,11.40,7.60,19.00
3500308,KRO PICKLED OKRA              ,G4CW02              ,8,14,5.31,13.19,9.96,20.51
3502801,MOLV KOSHER DILL SPEARS       ,G4CW12              ,6,20,5.75,11.25,7.70,15.00
3500472,HLMN SPRD REAL MAYO SQZ       ,G4CW22              ,5,38,5.69,9.06,5.44,3.55
3500194,KRO STUFF QUEEN OLIVE         ,G4CW32              ,5,14,7.00,13.30,9.80,29.70
3505145,MOLV SWEET GHERKINS           ,G4CW53              ,6,14,5.00,13.00,9.40,21.00
3501647,KRFT MRCL WHP LT DRESSING     ,G4CW55              ,7,15,5.00,12.60,9.40,13.00
3505766,PEARLS PMNT STFD OLIVES       ,G4CW63              ,6,38,6.13,7.88,5.11,7.80
3500212,RICO GRN CHL DIP  SPRD        ,G4CW65              ,8,8,4.00,17.25,12.75,13.25
3500272,MOLV MJST MDM SKD SPR PKL     ,G4CW73              ,8,20,5.59,13.25,7.70,15.50
3500279,ERLYCL LICED RIPE OLIVES      ,G4CW75              ,4,21,5.81,11.13,8.13,13.00
3504883,KRO SALAD MUSTARD             ,G4CW83              ,4,17,8.40,10.90,9.80,16.00
3508810,KENS CHUNKY BLU CHS DRSNG     ,G4CW85              ,4,37,8.30,8.50,6.00,7.21
3503379,MOLV HOT N SPICY KO           ,G4CX22              ,5,12,6.19,15.25,10.31,25.90
3501312,HD VLY LIGHT RANCH DRSG       ,G4CX24              ,4,30,9.00,8.80,5.80,7.40
3506011,MCCO TRTS SAND MAYO DRS       ,G4CX32              ,5,48,7.05,5.88,6.38,4.50
3505990,WSBN ITALIAN DRESSING         ,G4CX34              ,4,28,9.25,9.25,6.88,10.85
3501114,MOLV BRDBTR CHPS W/SSALT      ,G4CX53              ,6,10,6.00,15.50,11.50,29.00
3501338,KRFT CLASSIC CAESAR DRSNG     ,G4CX55              ,3,42,9.10,7.80,5.80,6.90
3500544,VLSC BRD BTR CHIPS            ,G4CX63              ,5,10,5.59,15.82,11.58,30.60
3504698,KRO NSA KETCHUP               ,G4CX65              ,4,16,7.31,11.52,9.22,16.60
3500162,SMRTWY KSHR DILL PICKLS       ,G4DA02              ,6,8,5.98,17.13,12.99,36.70
3501548,HD VLY AVO RNCH               ,G4DA04              ,4,40,8.44,7.38,6.06,5.45
3500595,BST MD WHOLE DILL PICKLES     ,G4DA12              ,6,12,6.50,15.00,10.50,27.20
3502902,BL PLT MAYONNAISE             ,G4DA14              ,4,16,7.75,11.80,9.60,16.00
3512902,MOLV KOSHER DILLS             ,G4DA73              ,5,12,6.50,15.50,10.50,27.00
3501474,KRFT FF 1000 ISLAND DRSNG     ,G4DA75              ,3,42,9.00,7.00,6.50,7.70
3500320,VLSC DILL PICKLES             ,G4DA83              ,4,13,6.88,14.63,9.51,25.90
3505303,KRO RANCH DRESSING            ,G4DA85              ,4,36,8.75,8.31,5.88,7.08
3501623,KRO ZSTY HOT DILL ZINGER      ,G4DB02              ,6,10,5.63,15.16,11.22,31.40
3503383,HLMN MAYO W/OLIVE OIL SQZ     ,G4DB04              ,4,14,7.67,11.23,10.99,16.80
3501053,KRO BRDBTR SANDWCH SLIMS      ,G4DB12              ,6,14,5.32,13.19,9.96,21.70
3506023,HD VLY SLD OR RNCH VP ES      ,G4DB14              ,4,29,9.25,8.31,7.56,10.55
3512899,MOLV HAMBURGER DILL CHIPS     ,G4DB22              ,5,14,5.00,14.00,10.50,20.00
3500488,LWRY MARNDE HNY TERIYAKI      ,G4DB24              ,4,53,8.44,6.81,4.94,6.32
3505821,KRO FST FD HMBRGR DLL CHP     ,G4DB32              ,6,10,5.63,15.16,11.22,29.50
3501461,CHOLULA ORIGNAL HOT SAUCE     ,G4DB34              ,3,40,7.75,7.75,6.00,8.50
3505146,MOLV MINI STUFF DILL CHIP     ,G4DB53              ,6,14,5.00,12.50,10.00,20.00
3500418,KRFT SLW SMRD BBQ SCE ORG     ,G4DB55              ,3,21,10.38,13.38,6.25,16.35
3505061,MOLV DILL RELISH W/SEASLT     ,G4DB63              ,6,25,4.69,9.94,7.44,11.00
3501850,HEINZ 57 SAUCE                ,G4DB65              ,3,20,9.50,10.50,8.50,17.30
3500538,VLSC SWEET GHERKINS           ,G4DB73              ,4,14,5.25,13.38,10.01,21.50
3508839,KENS COUNTRY FRENCH DRSNG     ,G4DB75              ,3,37,9.00,8.80,5.80,7.60
3503732,HD VLY RANCH DRESSING         ,G4DB83              ,4,28,7.63,10.88,6.75,7.10
3502882,KENS LT CREAMY CAESR DRSG     ,G4DB85              ,4,37,8.50,8.50,6.00,7.29
3503654,BL PLT MAYONNAISE             ,G4DC02              ,5,10,6.50,16.00,12.20,23.90
3501469,KRFT FF CATALINA DRSNG        ,G4DC04              ,3,42,9.00,7.00,6.20,7.90
3512898,MOLV SWEET RELISH             ,G4DC12              ,6,14,5.10,13.10,9.90,21.00
3503681,HD VLY EZ SQZ CLNT LM RNC     ,G4DC14              ,4,30,7.69,7.50,7.38,7.04
3504192,BST MD PICKLED OKRA           ,G4DC22              ,6,28,5.50,9.70,6.50,9.30
3502106,KENS SMPLY VNGRT BLSMC        ,G4DC24              ,3,37,8.50,8.38,5.75,7.28
3501463,VLSC HAMBURGER DILL CHIPS     ,G4DC32              ,4,14,5.25,13.38,10.01,19.70
3501239,KRFT SWT HNY BBQ SAUCE        ,G4DC34              ,3,21,10.38,13.38,6.25,16.34
3500797,MOLV SWT PETITE CRUNCHERS     ,G4DC53              ,6,14,5.30,12.50,9.30,22.00
3505501,KRO FF RANCH DRESSING         ,G4DC55              ,4,32,8.69,8.25,5.81,7.60
3503995,VLSC KOSHER DILL STACKERS     ,G4DC63              ,6,20,5.59,11.69,7.75,14.70
3504622,KRFT MAYO GARLIC AIOLI        ,G4DC65              ,4,34,7.25,8.06,6.81,6.90
3503996,VLSC KSHR DLL SPRS 32FLOZ     ,G4DC73              ,5,16,5.96,13.06,8.63,18.60
3501402,HD VLY FF RANCH DRESSING      ,G4DC75              ,3,34,9.00,8.50,6.00,8.10
3500714,BST MD WHOLE DILL PICKLES     ,G4DC83              ,3,12,10.00,13.00,13.00,28.50
3505521,A-1 STEAK SAUCE               ,G4DC85              ,4,30,7.88,9.69,6.38,17.59
3501006,GREYPOUPON CNTRY DJN MUST     ,G4DD02              ,5,18,4.10,11.40,8.80,9.60
3503429,HLMN REAL MAYO SQUEEZE        ,G4DD04              ,4,20,7.42,9.36,8.74,9.80
3502367,KRO THSND ISLD SLD DRSSNG     ,G4DD12              ,3,20,10.19,14.50,8.38,15.00
3591096,LACHY SLCD WATER CHESTNUT     ,G4DD14              ,7,23,4.50,10.25,7.00,7.80
3501819,PEARLS BL CHS STF GRK OLV     ,G4DD22              ,5,38,6.13,7.88,5.11,7.90
3505459,KRO FRENCH DRESSING           ,G4DD24              ,4,32,8.69,8.25,5.81,7.30
3505938,BST MD DILL RELISH            ,G4DD32              ,8,17,4.60,14.13,8.38,14.00
3502651,SWTBR NO SGR HICKORY BBQ      ,G4DD34              ,4,34,8.13,8.38,6.13,7.87
3500568,VLSC DILL WHOLE PICKLES       ,G4DD53              ,4,13,6.88,14.63,9.51,25.50
3501781,HEINZ MXC INSP STR CRN SC     ,G4DD55              ,5,52,6.68,6.94,4.50,3.50
3512901,MOLV BREAD  BUTTER CHIPS      ,G4DD63              ,5,14,5.10,13.10,9.90,20.00
3506439,KRO CARIBBEAN JERK MRND       ,G4DD65              ,4,33,9.00,9.38,6.00,9.60
3501050,KRO SF BREADBUTTER CHIPS      ,G4DD73              ,6,14,5.32,13.19,9.96,20.20
3500569,KRO CAESAR SLD DRSNG          ,G4DD75              ,4,32,8.69,8.25,5.81,6.82
3502813,MOLV DELI STYL JLPNO SLCS     ,G4DD83              ,5,20,7.25,11.75,7.75,18.50
3506024,HD VLY SLD DRS CRK PPR RN     ,G4DD85              ,5,30,7.69,7.50,7.38,7.17
3501760,KRO KOSH DILL SNDWCH SLMS     ,G4DF02              ,6,14,5.32,13.19,9.96,20.10
3502710,SWTBR MILD BUFFALO WING       ,G4DF04              ,4,34,8.13,8.38,6.13,7.41
3500075,KRO LARGE PIT RIPE OLIVES     ,G4DF12              ,7,17,4.44,12.00,9.00,13.00
3506017,MCCO MEX MAYO DRS JLPN        ,G4DF14              ,5,48,7.05,5.88,6.38,4.49
3503701,HLMN LGHT MYNNSE              ,G4DF22              ,5,8,7.25,17.88,13.44,37.64
3501721,KRO YUM YUM SAUCE             ,G4DF24              ,3,34,8.25,9.00,6.00,9.75
3501702,KRO KOSHER BABY DILLS         ,G4DF32              ,6,10,5.63,15.16,11.22,29.20
3501225,HD CTRY BAR-B-Q SAUCE         ,G4DF34              ,4,30,8.25,9.25,6.50,8.00
3505033,MOLV KOSH DL SNDWCH STUFR     ,G4DF53              ,5,10,6.00,15.50,11.50,29.20
3502413,KRFT LEMN HERB TARTAR SCE     ,G4DF55              ,3,24,7.20,9.80,8.00,9.90
3503922,DEL DX POLISH STYLE PCKLS     ,G4DF63              ,3,12,6.40,14.80,9.80,27.20
3507218,HEINZ EASY SQUEEZE KETCHP     ,G4DF65              ,4,17,8.00,12.00,8.20,16.10
3505825,KRO KOSHER WHL DILL PICKL     ,G4DF73              ,6,10,5.63,15.16,11.22,29.50
3508828,KENS 1000 ISLAND DRESSING     ,G4DF75              ,4,37,8.40,8.40,6.00,7.24
3503903,BST MD HBNR PICKLE CHIPS      ,G4DF83              ,5,22,6.50,10.75,7.25,14.80
3502259,MOLV KOSHER PETITE DILLS      ,G4DF85              ,8,14,3.80,18.50,7.30,6.30
3500770,HD VLY RANCH DRESSING         ,G4DG02              ,3,10,10.50,14.40,11.00,30.70
3501731,KENS HONEY MUSTARD DRSNG      ,G4DG04              ,4,37,8.30,8.50,5.70,7.18
3504761,KRO KC STYLE BBQ SAUCE        ,G4DG12              ,4,20,8.00,11.38,7.75,15.10
3590219,STO MAYO                      ,G4DG14              ,6,15,5.01,12.50,9.44,9.90
3504116,VLSC ZESTY DILL SPEARS        ,G4DG22              ,6,20,5.59,11.69,7.75,14.70
3503504,HD VLY RANCH W/AVCDO DRSG     ,G4DG24              ,3,34,9.13,6.00,8.68,7.25
3500555,VLSC DILL RELISH              ,G4DG32              ,8,17,4.19,12.38,9.06,12.90
3505552,KRO CRMY ITALIAN DRESSING     ,G4DG34              ,4,32,8.69,8.25,5.81,7.00
3506610,BST MD SOUR PICKLES           ,G4DG53              ,5,22,6.50,7.25,10.75,14.50
3505348,HUNTS KETCHUP CONV            ,G4DG55              ,4,18,8.00,11.25,9.38,17.00
3501820,VLSC BRD  BTR SPEARS          ,G4DG63              ,6,20,5.59,11.69,7.75,15.30
3500618,KRO SWEET RELISH              ,G4DG65              ,7,17,4.53,11.73,8.82,14.00
3506705,VLSC WHL KOSHER DILL PCKL     ,G4DG73              ,6,16,5.69,13.56,9.19,17.80
3504835,KRFT MAYO CHIPOTLE AIOLI      ,G4DG75              ,4,34,7.25,8.06,6.81,6.90
3503825,VLSC KOSHER DILL SPEARS       ,G4DG83              ,5,20,5.59,11.69,7.75,14.70
3506118,HD VLY SWT BBQ RANCH          ,G4DG85              ,4,30,8.50,8.31,7.31,8.96
3512903,MOLV KOSHER DILL SPEARS       ,G4DH02              ,8,10,5.50,16.00,12.00,30.00
3500171,MOLV MJST DLI STL KDS PKL     ,G4DH12              ,8,20,5.59,13.25,7.70,15.50
3501592,KRFT MIRACLE WHIP DRSSING     ,G4DH22              ,8,15,7.00,12.60,9.40,13.00
3500153,KRO KOSHER WHOLE DILLS        ,G4DH32              ,6,12,7.01,14.76,9.92,26.30
3505004,ERLYCL SLICED RIPE OLIVES     ,G4DH53              ,15,21,2.00,10.88,8.50,4.40
3500459,KENS SMPLY VNGRT GREEK        ,G4DH55              ,4,37,8.50,8.38,5.75,7.07
3503393,PRSL PITT CSTLVTRNO OLIVE     ,G4DH63              ,7,37,5.12,8.35,6.02,6.60
3501154,SMRTWY MAYONNAISE             ,G4DH65              ,6,14,5.56,12.63,9.56,13.06
3500348,ERLYCL PIM STF MANZ OLIVS     ,G4DH73              ,7,17,5.00,11.00,8.00,13.00
3506126,HD VLY BLUE CHS RANCH         ,G4DH75              ,4,30,8.50,8.31,7.31,8.65
3505675,KRO STUF MANZ GRN OLIVES      ,G4DH83              ,5,22,6.89,10.04,6.61,13.80
3505207,KRFT MIRACLE WHIP SQUEEZE     ,G4DH85              ,4,24,7.88,9.75,8.06,11.10
3500606,KRO SLCD SALAD GRN OLIVES     ,G4DJ02              ,7,18,5.07,10.80,8.07,12.30
3501382,KRFT BTRMILK RANCH DRSNG      ,G4DJ04              ,4,42,9.00,7.00,6.20,7.40
3505052,MOLV KOSHER SEA SLT DILLS     ,G4DJ12              ,5,10,6.00,15.50,11.50,29.00
3501725,KENS SMPLY VNGRT ITLN         ,G4DJ14              ,4,37,8.50,8.38,5.75,7.36
3502648,HLMN REAL MAYONNAISE          ,G4DJ22              ,5,8,7.50,17.75,13.25,36.00
3578026,DELMNT CUT WAX BEANS          ,G4DJ24              ,7,17,4.56,12.40,9.13,12.80
3500362,ERLYCL SLICD GREEN OLIVES     ,G4DJ32              ,6,17,5.00,11.00,8.50,12.00
3502624,HD VLY RANCH DRESSING MIX     ,G4DJ34              ,2,38,6.94,8.44,5.63,4.20
3506614,BST MD WHOLE DILL PICKLES     ,G4DJ53              ,5,22,6.50,7.25,10.75,14.50
3505512,PEARLS OLV2GO BLACK PTTD      ,G4DJ55              ,10,14,3.50,9.50,13.40,2.80
3596956,STO SLCED KALAMATA OLIVES     ,G4DJ63              ,6,31,4.96,8.98,5.79,6.90
3500419,HD VLY LIGHT RANCH DRESNG     ,G4DJ65              ,3,20,9.80,8.70,10.00,16.11
3501195,BST MD KOSHER PCKL SPEARS     ,G4DJ73              ,5,20,6.50,10.75,7.25,14.50
3503025,KRO BUTTERMILK DRESSING       ,G4DJ75              ,4,32,8.69,8.25,5.81,7.07
3505538,MOLV NSA SWEET GHERKINS       ,G4DJ83              ,4,28,5.10,10.00,6.50,9.60
3502677,KRFT CATALINA DRESSING        ,G4DJ85              ,3,28,9.31,12.00,5.31,11.40
3502238,MOLV JALAPENO SLICES          ,G4DK02              ,6,34,5.00,8.40,5.70,8.00
3502215,TABASCO BRAND SCORPION SA     ,G4DK04              ,2,54,5.75,7.00,5.00,4.50
3502753,VLSC BRD  BTR STACKERS        ,G4DK12              ,6,28,5.41,10.19,6.78,10.30
3505928,KRFT HICKORY SMOKE BBQ SC     ,G4DK14              ,4,19,8.00,15.00,6.00,14.60
3504124,PRSL NONPAREIL CAPERS         ,G4DK22              ,6,40,5.04,7.09,5.24,6.60
3506007,WSBN DRSS ZSTY RBST ITLN      ,G4DK24              ,4,28,9.25,9.25,6.88,10.90
3504025,MOLV JALAPENO SLICES          ,G4DK32              ,6,34,5.10,9.19,5.96,8.22
3501467,KRFT REAL MAYO SQUEEZE        ,G4DK34              ,4,13,7.60,15.80,8.30,17.70
3500476,PRSL KALAMATA OLIVES          ,G4DK53              ,7,31,5.20,9.05,5.71,7.00
3505687,KRO SRIRACHA RANCH DRSSNG     ,G4DK55              ,4,32,8.69,8.25,5.81,6.90
3505111,KRO BACON PIECES              ,G4DK63              ,5,33,7.00,8.06,6.69,2.50
3504872,KRO YELLOW MUSTARD            ,G4DK65              ,5,27,6.50,9.00,7.00,7.00
3504215,VLSC POLISH DILL SPEARS       ,G4DK73              ,6,20,5.59,11.69,7.75,14.70
3500134,HD VLY RANCH DIP MIX          ,G4DK75              ,8,23,4.00,12.88,5.88,2.20
3505757,VLSC HMSTYL SQZ SWT RELSH     ,G4DK83              ,4,41,7.00,8.63,5.06,6.03
3501412,HD VLY LIGHT RANCH DRSG       ,G4DK85              ,3,29,9.00,10.00,7.20,10.90
3501152,HEINZ CHILI SAUCE             ,G4DL02              ,5,22,7.50,10.50,8.00,16.10
3505760,KRO SWEET RELISH SQUEEZE      ,G4DL04              ,5,24,5.99,11.81,6.61,10.40
3506376,PEARLS KALAMATA SLCD OLVS     ,G4DL12              ,5,45,6.13,7.69,5.19,7.50
3506251,HD VLY RANCH DRESSING         ,G4DL14              ,3,40,8.44,7.38,6.06,5.45
3503705,WSBN BLSMC VINGRTTE DRSNG     ,G4DL22              ,4,43,8.75,8.00,5.56,6.29
3500603,WSBN ROBUSTO ITALN DRSNG      ,G4DL24              ,3,43,8.75,7.88,5.50,6.87
3504504,KRO HONEY BBQ SAUCE           ,G4DL32              ,4,20,8.00,11.38,7.75,15.10
3505075,PEARLS OLV2GO BLCK SLICED     ,G4DL34              ,10,14,3.50,9.50,13.44,3.10
3502006,KRO HOT  SWEET SNACKERS       ,G4DL53              ,6,10,5.63,15.16,11.22,31.40
3505329,KRO SLICED RIPE OLIVES        ,G4DL63              ,11,16,3.39,10.83,8.07,7.40
3501059,GLDN SPICY BROWN MUSTARD      ,G4DL65              ,4,21,7.00,12.50,6.20,9.60
3500992,KRFT REAL MAYONNAISE          ,G4DL73              ,6,10,6.10,15.50,11.60,23.10
3505037,KRO SWT  TANGY BBQ SAUCE      ,G4DL75              ,4,20,8.00,11.38,7.75,15.10
3505686,KRO STUF MANZ GRN OLIVES      ,G4DL83              ,6,37,6.30,7.87,5.12,7.40
3502620,KRFT TARTAR SAUCE             ,G4DL85              ,4,24,7.20,9.80,8.00,10.60
3505829,KRO KSHER DLL TNY WHL PIK     ,G4DM02              ,6,14,5.31,13.19,9.96,20.50
3500438,HEINZ YELLOW MUSTARD          ,G4DM04              ,5,20,6.69,9.88,8.94,12.37
3502313,MOLV DCD JALAPENO PEPPERS     ,G4DM12              ,6,34,5.00,8.63,5.88,8.00
3502355,ERLYCL SLICED RIPE OLIVES     ,G4DM14              ,8,17,4.50,12.00,9.00,13.00
3501706,MOLV PKLS KSHR DILL PETIT     ,G4DM22              ,6,28,5.10,10.10,6.60,10.00
3504775,KRO BRGR SAUCE                ,G4DM24              ,5,42,6.75,6.63,6.63,5.80
3501733,KRO HOT PEPPER RINGS          ,G4DM32              ,6,14,5.32,13.19,9.96,20.20
3501507,KRFT LT RANCH DRESSING        ,G4DM34              ,3,42,9.00,7.00,6.20,7.00
3501233,VLSC KOSH DILL SNACK MMS      ,G4DM53              ,4,28,5.41,10.19,6.78,9.70
3501508,KRFT ZESTY ITALIAN DRSNG      ,G4DM55              ,3,42,8.90,7.00,6.30,6.90
3500268,WSBN RANCH DRESSING           ,G4DM63              ,3,43,8.75,7.88,5.50,6.32
3500016,KRO SMALL PIT RIPE OLIVES     ,G4DM65              ,8,17,4.44,12.00,9.00,13.00
3521032,MOLV KOSHER BABY DILLS        ,G4DM73              ,5,10,6.00,15.50,11.50,29.00
3505461,KRO BALSAMIC VINAIGRETTE      ,G4DM75              ,4,32,8.69,8.25,5.81,7.10
3501008,GREYPOUPON DIJON MUSTARD      ,G4DM83              ,8,18,3.90,11.50,8.80,9.80
3505853,MCCO MILD TACO SEASNG MIX     ,G4DM85              ,5,60,6.25,8.69,5.25,1.90
3504660,KRO MAYONNAISE                ,G4DN02              ,5,10,7.10,15.80,12.00,22.50
3501679,KRFT BLSMC VINAGRTTE DRSG     ,G4DN04              ,3,42,9.00,7.00,6.30,7.00
3501046,VLSC SWEET HEAT CHIPS         ,G4DN12              ,4,20,5.59,11.69,7.75,14.70
3505476,KRO FF ZSTY ITALIAN DRSNG     ,G4DN14              ,4,32,8.69,8.25,5.81,7.50
3504571,ERLYCL PIM STFD QUEEN OLV     ,G4DN22              ,3,22,6.10,10.30,7.50,15.00
3501533,KRFT LT RASPBERRY VNGRTTE     ,G4DN24              ,3,42,8.90,7.00,6.30,7.60
3502338,MOLV MILD BAN PEPPER RING     ,G4DN32              ,6,34,5.00,9.00,6.00,7.50
3501343,KRFT REAL MAYO SQUEEZE        ,G4DN34              ,3,24,7.20,9.80,8.00,9.70
3501452,KRO MILD PEPPER RINGS         ,G4DN53              ,6,14,5.32,13.19,9.96,20.20
3500047,HD VLY RANCH DRESSING MIX     ,G4DN55              ,7,23,4.00,12.88,5.88,2.20
3501073,HEINZ SS MT CNDMNTS           ,G4DN63              ,3,18,9.50,11.60,8.60,24.19
3502336,ERLYCL MED PTD GRN OLIVES     ,G4DN65              ,5,17,4.50,12.00,9.00,13.00
3501207,KRO BREAD  BUTTER CHIPS       ,G4DN73              ,6,14,5.32,13.19,9.96,21.60
3501080,ALGR STEAK MARINADE           ,G4DN75              ,3,45,9.25,7.75,5.25,9.80
3501697,KRFT SANDWICH SPREAD          ,G4DN83              ,6,15,5.10,12.60,9.40,13.70
3500572,WHTBRG SWT  SPCY SCE          ,G4DN85              ,5,30,7.38,7.31,7.38,6.90
3509911,A-1 THCK  HRTY STEAK SCE      ,G4DP22              ,4,32,8.57,8.64,6.61,14.60
3502266,KENS SMPLY VNGRT CAESAR       ,G4DP24              ,4,37,8.50,8.38,5.75,7.26
3500142,MOLV ROASTED RED PEPPERS      ,G4DP32              ,6,34,5.55,8.91,5.88,7.20
3504346,KENS 1000 ISLND DRSNG SQZ     ,G4DP34              ,3,27,8.50,7.25,8.88,10.60
3500940,LP WORCESTERSHIRE SAUCE       ,G4DP53              ,3,25,9.00,10.30,7.80,15.30
3502831,KRFT 1000 ISLAND DRESSING     ,G4DP55              ,3,28,9.31,12.00,5.31,10.60
3503994,VLSC MILD PEPPER RNG STKR     ,G4DP63              ,8,15,4.44,12.75,9.38,15.68
3504399,HNTS DCD FIRE RSTD TOMATO     ,G4DP65              ,4,16,4.50,12.20,9.10,12.50
3508928,SWTBR HONEY BBQ SAUCE         ,G4DQ02              ,4,18,7.80,11.90,8.80,15.17
3505997,HLMN JAPANESE STY MYNNSE      ,G4DQ04              ,4,27,7.75,12.13,4.56,6.63
3509419,VLSC HAMBRGR DILL STACKRS     ,G4DQ12              ,6,10,5.59,15.82,11.58,29.60
3500039,KRO MED PIT RIPE OLIVES       ,G4DQ14              ,7,17,4.50,12.00,9.00,13.00
3500105,KRO KOSHER DILL SPEARS        ,G4DQ73              ,6,10,5.63,15.16,11.22,29.20
3505418,KRO RANCH DRESSING            ,G4DQ75              ,4,32,8.69,8.25,5.81,6.90
3508930,SWTBR BBQ SAUCE               ,G4DQ83              ,4,18,7.80,11.90,8.80,15.17
3506435,KRO HRB GRLC/LMN MARINADE     ,G4DQ85              ,3,33,9.00,9.38,6.00,9.60
3505516,KRO BLEU CHEESE DRESSING      ,G4DR02              ,4,32,8.69,8.25,5.81,6.90
3504883,KRO SALAD MUSTARD             ,G4DR04              ,4,17,8.40,10.90,9.80,16.00
3505739,MOLV BUFF KOSHER DILL PKL     ,G4DR12              ,6,28,5.18,9.55,6.60,9.80
3500863,KENS ITLN AGED ROMANO DRS     ,G4DR14              ,4,37,8.50,8.30,6.00,7.10
3505713,KRO STUF MANZ GRN OLIVES      ,G4DR22              ,5,18,7.28,11.42,7.48,18.00
3505720,KRFT GREEK VINAGRTTE DRSG     ,G4DR24              ,3,42,8.90,7.00,6.30,7.60
3505179,KRO STUFF QUEEN OLIVE         ,G4DR32              ,5,34,6.89,8.27,5.51,9.50
3501315,KRO STONEGROUND MUSTARD       ,G4DR34              ,5,21,6.56,11.88,6.19,11.00
3506434,KRO TERIYAKI MARINADE         ,G4DR53              ,3,33,9.00,9.38,6.00,9.60
3501544,KRO BTTRMLK RNCH SLD DRSG     ,G4DR55              ,3,20,11.00,9.75,9.80,14.85
3500926,HEINZ 57 SAUCE                ,G4DR63              ,4,28,8.00,11.50,6.00,13.10
3506004,WSBN SLD DRS BTTRMLK RNCH     ,G4DR65              ,4,43,8.75,5.56,8.00,6.48
3503578,MT OLIVE TAMD MILD JALPNO     ,G4DR73              ,6,34,5.10,9.19,5.96,8.23
3503920,KRFT CATALINA DRESSING        ,G4DR75              ,3,42,9.00,7.00,6.20,7.50
3505931,KRFT SWEET  SPICY BBQ SC      ,G4DR83              ,4,19,8.00,15.00,6.00,15.00
3500614,SWTBR BUFFALO WING SAUCE      ,G4DR85              ,4,34,8.50,8.38,6.38,7.38
3504276,PEARLS KLMTA PTTD OLIVES      ,G4DS02              ,5,45,6.13,7.69,5.19,7.50
3500988,TBSCO PEPPER SAUCE            ,G4DS04              ,4,30,7.30,8.80,6.80,8.70
3598751,KRO SOY SAUCE                 ,G4DS12              ,3,45,8.75,7.75,5.13,7.80
3500987,TBSCO PEPPER SAUCE            ,G4DS14              ,5,24,6.00,10.50,7.10,9.00
3505773,KRO HAMBURGER DILL CHIP       ,G4DS22              ,6,14,5.31,13.19,9.96,20.50
3502206,KENS RANCH DRESSING           ,G4DS24              ,4,37,8.50,8.20,6.00,7.02
3503963,VLSC KOSHER DILL STACKERS     ,G4DS32              ,6,28,5.41,10.19,6.78,9.70
3501406,SWTBR HCKY BRN SG BBQ SCE     ,G4DS34              ,4,18,8.00,12.00,9.00,15.17
3500702,KRO EASY SQUEEZE KETCHUP      ,G4DS53              ,4,12,8.34,12.92,11.79,26.35
3500356,KENS SMPLY VNGRT OLV OIL      ,G4DS55              ,4,37,8.50,8.38,5.75,7.04
3500574,BST MD SLC HAMB DILL PCKL     ,G4DS63              ,7,14,5.00,13.00,9.80,19.00
3508901,KENS LT SWT VIDALIA ONION     ,G4DS65              ,4,37,8.30,8.80,6.10,7.92
3501370,PRSL GREEK OLIVE MIX          ,G4DS73              ,6,31,5.20,9.05,5.71,7.00
3507576,HD VLY RANCH DRESSING SQZ     ,G4DS75              ,3,30,8.50,8.30,7.30,8.90
3500399,KRO COCKTAIL SAUCE            ,G4DS83              ,5,25,7.30,9.80,7.30,10.90
3500383,TNYCH CREOLE BTR MARINADE     ,G4DS85              ,4,28,8.50,11.00,6.50,9.00
3505239,DUKES MAYONNAISE SQUEEZE      ,G4DT22              ,4,17,7.13,11.88,9.31,15.10
3505057,MOLV SWT RELISH W/SEASLT      ,G4DT24              ,6,25,4.69,9.94,7.44,12.00
3503406,SWTBR SWT  SPICY BBQ SCE      ,G4DT32              ,4,18,7.80,11.90,8.80,15.17
3501373,HD VLY COLESLAW DRESSING      ,G4DT34              ,3,34,9.00,8.50,6.00,7.60
3501173,KRO WHOLE SWT PETITE PCKL     ,G4DT53              ,7,14,5.32,13.19,9.96,21.20
3503339,ERLYCL PIMNTO STFD OLIVES     ,G4DT63              ,4,20,7.24,11.46,7.64,19.00
3502464,HD VLY RANCH DRESSING         ,G4FA02              ,3,12,11.50,10.00,16.00,32.60
3507212,HEINZ KETCHUP TWIN PACK       ,G4FA12              ,5,9,10.00,14.50,13.50,39.70
3500377,ERLYCL MED PIT RIPE OLIVE     ,G4FA73              ,5,17,4.50,12.00,9.00,13.20
3502939,KRO KETCHUP                   ,G4FA83              ,5,10,11.00,14.50,11.00,39.00
3501495,HLMN REAL MAYONNAISE          ,G4FB02              ,7,8,6.50,19.80,12.00,28.40
3501289,SWTBR HICKORY BBQ SAUCE       ,G4FB12              ,4,11,11.87,14.31,10.19,32.44
3500546,KRO EASY SQUEEZE KETCHUP      ,G4FB22              ,5,13,7.31,15.11,9.22,22.24
3501707,KRO KETCHUP                   ,G4FB32              ,6,12,10.00,13.10,11.80,32.00
3503089,SWTBR BBQ SAUCE               ,G4FB53              ,4,11,10.00,14.30,11.80,32.44
3501526,HLMN LIGHT MAYONNAISE         ,G4FB63              ,6,10,6.30,15.80,11.80,23.80
3505845,KNOR ESTRELLITAS SOUP MIX     ,G4FB73              ,4,28,10.91,8.15,5.75,3.90
3505680,HUNTS KETCHUP 100% NAT        ,G4FC02              ,4,12,9.63,13.13,11.69,31.53
3500848,SWTBR BBQ SAUCE               ,G4FC12              ,4,12,9.20,15.13,9.00,31.96
3504078,MCCO MAYONNAISE WITH LIME     ,G4FC22              ,7,10,8.10,15.55,11.69,23.00
3502262,SWTBR HONEY BBQ SAUCE         ,G4FC32              ,4,11,10.10,11.80,14.30,32.44
3500227,KRO DILL RELISH               ,G4FC53              ,9,17,4.53,11.73,8.82,13.40
3502498,KENS BLUE CHEESE DRESSING     ,G4FC63              ,3,27,8.25,8.80,7.20,10.56
3501377,HD VLY RANCH DIP MIX 4CT      ,G4FC73              ,5,45,6.00,8.50,5.00,2.30
3501204,KRO KETCHUP                   ,G4FC83              ,6,13,10.00,15.60,9.90,27.00
3501047,KRFT MRCL WHP DRESSING        ,G4FD22              ,8,10,7.10,15.50,11.60,25.50
3501584,HEINZ SIMPLY KETCHUP          ,G4FD32              ,6,12,8.80,12.10,11.70,27.50
3501844,HEINZ TOMATO KETCHUP          ,G4FD53              ,5,12,10.00,12.60,11.20,30.70
3503954,HD VLY RANCH DRESSING         ,G4FD63              ,4,15,9.56,14.88,9.44,19.99
3500662,HLMN MAYO WITH OLIVE OIL      ,G4FF02              ,7,10,6.30,15.90,11.80,26.40
3502344,KRO RS MD PIT RIPE OLV CN     ,G4FF12              ,10,17,4.50,11.90,9.10,13.00
3501204,KRO KETCHUP                   ,G4FF73              ,6,13,10.00,15.60,9.90,27.00
3504483,KRO MAYONNAISE                ,G4FF83              ,5,15,7.19,13.88,9.19,18.85
3503672,KRO CLASSIC WHIP SQZ MAYO     ,G4FG02              ,5,17,7.70,12.00,9.13,17.72
3506844,HEINZ ORG TOMATO KETCHUP      ,G4FG12              ,6,12,7.87,12.43,11.31,26.00
3501844,HEINZ TOMATO KETCHUP          ,G4FG22              ,5,12,10.00,12.60,11.20,30.70
3501090,KRFT MRCL WHP LT DRESSING     ,G4FG32              ,6,10,7.10,15.50,11.60,25.50
3501550,HLMN REAL MAYONNAISE          ,G4FG53              ,8,16,5.50,12.50,9.00,11.80
3505401,KRO THOUSAND ISLAND DRSNG     ,G4FG63              ,4,32,8.69,8.25,5.81,7.20
3504343,HEINZ TOMATO KETCHUP          ,G4FG73              ,8,15,6.25,12.25,9.25,15.58
3500619,HRML REAL CRUMBLED BACON      ,G4FG83              ,4,19,9.50,13.25,7.13,8.30
3505490,KRO SWEET N SPICY BBQ SCE     ,G4FH02              ,4,20,8.12,11.56,7.94,15.32
3502463,HD VLY RANCH BUTTERMILK       ,G4FH04              ,3,20,9.81,10.00,8.75,15.27
3503188,KRFT MRCL WHP 50/50           ,G4FH12              ,5,10,6.32,15.56,11.63,24.08
3505940,KRFT SWEET HONEY BBQ SCE      ,G4FH14              ,4,19,8.00,15.00,6.00,15.00
3500906,LP WORCESTERSHIRE SAUCE       ,G4FH22              ,4,18,8.30,11.00,9.50,20.20
3502953,KRO CHILI SAUCE               ,G4FH24              ,4,25,7.30,9.80,7.30,10.90
3500853,CHLA CHILI GARLIC HOT SCE     ,G4FH32              ,3,40,7.70,7.80,5.91,8.93
3500290,HD VLY RANCH TO GO 8CT        ,G4FH34              ,6,15,4.80,9.30,12.60,5.74
3503657,KRO MAYO WITH OLIVE OIL       ,G4FH53              ,5,10,6.70,15.20,11.70,22.60
3500710,WSBN ITALIAN DRESSING         ,G4FH55              ,4,20,8.75,11.75,7.13,13.58
3506424,KRO WORCESTERSHIRE SAUCE      ,G4FH63              ,3,24,9.00,10.25,7.50,21.00
3503912,KRFT REAL MAYONNAISE          ,G4FH65              ,4,15,5.13,12.19,9.44,12.36
3502332,SWTBR HONEY BBQ SAUCE         ,G4FH83              ,4,14,8.80,13.30,10.30,23.10
3506060,PRSL GRK OLIVE FETA MIX       ,G4FH85              ,4,38,7.90,6.11,5.11,7.90
3500917,A-1 STEAK SAUCE               ,G4FJ02              ,4,25,9.30,9.80,7.50,20.00
3506438,KRO LEMON PEPPER MARINADE     ,G4FJ04              ,3,33,9.00,9.38,6.00,9.60
3500049,HD VLY RANCH BTTRMILK MIX     ,G4FJ14              ,9,23,4.00,12.88,5.88,1.50
3504660,KRO MAYONNAISE                ,G4FJ22              ,5,10,7.10,15.80,12.00,22.50
3510533,KRFT LT CATALINA DRESSING     ,G4FJ24              ,3,42,9.00,7.00,6.30,7.70
3505715,DUKES MAYONNAISE              ,G4FJ32              ,6,10,5.88,16.31,12.19,22.80
3503921,KRFT 1000 ISLAND DRESSING     ,G4FJ34              ,3,42,9.00,7.20,6.20,6.70
3505387,GREYPOUPON MUSTARD            ,G4FJ53              ,3,39,6.80,7.10,6.00,5.80
3506642,KRFT ZESTY ITALIAN DRSNG      ,G4FJ55              ,3,28,9.31,12.00,5.31,10.60
3506390,KRO WORCESTERSHIRE SAUCE      ,G4FJ63              ,4,31,8.50,10.00,6.25,15.00
3504837,KENS BALSAMIC VINAIGRETTE     ,G4FJ65              ,4,37,8.50,8.50,5.88,7.21
3502661,SWTBR BBQ SAUCE               ,G4FJ73              ,4,14,8.50,13.50,10.00,23.10
3502499,KENS HONEY MUSTARD DRSNG      ,G4FJ75              ,4,27,8.50,8.80,7.20,10.44
3503752,SWTBR HNY CHPOTLE BBQ SCE     ,G4FJ83              ,4,18,7.80,11.90,8.80,15.17
3500551,KRO BACON BITS                ,G4FJ85              ,6,12,5.63,12.56,11.31,7.35
3503273,HLMN REAL MAYO SQUEEZE        ,G4FK02              ,3,14,7.67,11.23,10.99,16.40
3503182,KRFT CHNKY BLUE CHS DRSNG     ,G4FK04              ,3,42,8.94,7.00,6.31,6.91
3500541,KRO ZSTY ITLN SLD DRSSING     ,G4FK12              ,3,20,10.50,9.75,8.94,14.70
3578235,KENS GREEK SALAD DRESSING     ,G4FK14              ,2,37,9.20,9.30,7.00,7.18
3503266,HLMN LIGHT MAYO SQUEEZE       ,G4FK22              ,4,14,7.67,11.23,10.99,16.90
3503901,KRFT CREAMY FRENCH DRSNG      ,G4FK24              ,3,42,8.90,7.00,6.30,6.90
3503911,BST MD BEER PICKLE            ,G4FK32              ,7,28,5.00,9.50,6.00,11.50
3505716,KRO HNY MUSTARD DRESSING      ,G4FK34              ,4,32,8.75,8.50,6.06,7.30
3582656,STO 50/50 KETCHUP             ,G4FK53              ,3,20,9.38,8.75,8.38,16.50
3503334,HENZ HWN TROP TRYKI SCE       ,G4FK55              ,5,52,6.68,6.94,4.50,4.16
3500914,A-1 STEAK SAUCE               ,G4FK63              ,3,32,9.00,9.00,6.50,15.00
3501339,KRO SWEET  HOT MUSTARD        ,G4FK65              ,5,21,6.56,11.88,6.19,11.00
3585808,STO BG DL KETCHUP             ,G4FK73              ,4,20,9.38,8.75,8.38,16.50
3502621,SWTBR NO SGR BBQ              ,G4FK75              ,4,34,8.13,8.38,6.13,7.87
3505738,MOLV SWEET HEAT PETITES       ,G4FK83              ,7,28,5.18,9.55,6.60,10.75
3598626,STO DIJON MUSTARD             ,G4FK85              ,5,42,7.25,6.38,6.38,6.00
3505939,KRFT SWT BROWN SGR BBQ SC     ,G4FL02              ,4,19,8.00,15.00,6.00,15.00
3500341,KRO MILD TACO SAUCE           ,G4FL04              ,4,26,8.00,9.31,7.12,10.50
3508808,KENS LT CAESAR DRESSING       ,G4FL12              ,4,37,8.30,8.80,6.10,7.57
3502555,HD VLY BUFALLO RNCH DRSNG     ,G4FL14              ,4,30,8.50,8.31,7.31,9.09
3504639,KRO BAC N BUDS                ,G4FL22              ,6,36,5.25,8.00,5.20,2.35
3502497,KENS RANCH DRESSING           ,G4FL24              ,3,27,9.00,8.80,7.20,10.28
3505991,SWTBR HNY MSTRD DPPNG SCE     ,G4FL32              ,4,18,7.88,12.00,8.75,12.58
3500449,KRO RANCH DIP MIX             ,G4FL34              ,5,70,6.50,6.13,4.63,1.10
3503400,HLMN LIGHT MAYO SQUEEZE       ,G4FL63              ,4,20,7.42,9.36,8.74,10.50
3505802,LWRY STK  CHOP MARINADE       ,G4FL65              ,2,53,8.50,4.94,7.18,5.80
3505925,KRFT ORIGINAL BBQ SAUCE       ,G4FL73              ,4,19,8.00,15.00,6.00,15.00
3509884,KRFT FF ZESTY ITALIAN DRS     ,G4FL75              ,3,42,9.00,7.00,6.20,7.10
3500198,KRO 50 LESS SS KETCHUP        ,G4FL83              ,5,16,7.10,11.60,9.25,17.50
3508813,KENS LT NRTHN ITALN DRSNG     ,G4FL85              ,3,37,8.50,8.50,5.80,7.23
3500567,HIDDEN VALLEY GARLC RANCH     ,G4FM02              ,4,30,8.50,8.31,7.31,8.62
3506122,HEINZ SMPLY TOM KTCHP         ,G4FM04              ,5,40,6.75,9.44,4.94,5.91
3500531,TBSCO SALSA PICAN             ,G4FM12              ,5,40,7.25,9.25,4.63,6.40
3501366,KENS LT BALSAMIC VNGRTTE      ,G4FM14              ,4,37,8.30,8.80,6.10,7.41
3502968,HLMN DRSNG VGN 11.5OZ         ,G4FM22              ,5,20,7.25,9.25,8.56,9.80
3500838,KRO DIJON MUSTARD             ,G4FM24              ,5,21,7.00,11.80,6.50,10.70
3501378,HD VLY SPICY RANCH DRSNG      ,G4FM32              ,3,34,9.00,8.70,6.00,7.01
3505995,HD VLY TOPPNG  DRS RANCH      ,G4FM34              ,4,20,9.45,13.00,7.58,14.30
3501805,SMRTWY YELLOW MUSTARD         ,G4FM53              ,5,27,6.38,8.81,7.00,7.00
3598018,BFREE RUSTIC OAT LOAF         ,G4FM55              ,3,12,10.80,11.40,7.90,5.38
3504401,KRO MAYONNAISE                ,G4FM63              ,6,14,5.50,12.90,9.50,13.20
3502387,KRO CLASIC WHIP SLD DRSNG     ,G4FM65              ,5,10,7.10,15.80,12.00,23.80
3504776,WSBN DLUX FRENCH DRESSING     ,G4FM73              ,4,43,8.75,7.88,5.50,6.53
3501379,HD VLY BTRMILK RANCH DRSG     ,G4FM75              ,3,30,9.00,8.70,6.00,7.40
3594291,STO HONEY MUSTARD             ,G4FM83              ,5,42,7.25,6.38,6.38,6.00
3510547,KENS LT RASP WALNUT DRSNG     ,G4FM85              ,4,37,8.50,8.50,5.80,7.65
3501167,HEINZ COCKTAIL SAUCE          ,G4FN02              ,4,22,7.50,10.50,8.00,16.20
3503918,KRFT RANCH DRESSING           ,G4FN04              ,3,42,9.00,7.00,6.20,6.80
3501026,KRO SPICY BROWN MUSTARD       ,G4FN12              ,5,21,7.00,11.80,6.50,10.00
3500708,WSBN THOUSAND ISLND DRSNG     ,G4FN14              ,3,43,8.75,7.88,5.50,6.59
3505044,WSBN RED WINE VNGRET DRSG     ,G4FN22              ,3,43,8.75,7.88,5.50,6.96
3508840,KENS BUTTERMLK RANCH DRSG     ,G4FN24              ,4,37,8.40,8.50,5.90,7.00
3505350,KRO SLICED RIPE OLVS CN       ,G4FN32              ,17,8,2.09,15.94,10.71,8.80
3503140,HD VLY RANCH DIP MIX 4CT      ,G4FN34              ,3,45,6.20,8.60,4.70,2.30
3500304,KRAFT BURGER SPECIAL SAUC     ,G4FN53              ,5,34,7.25,8.06,6.81,7.03
3509992,TBSCO CHIPOTLE SAUCE          ,G4FN55              ,3,30,7.40,8.60,6.50,9.00
3500025,ERLYCL SLICED RIPE OLIVES     ,G4FN63              ,10,21,3.25,11.13,8.13,7.50
3505823,LWRY TERIYAKI PNAPL MRNDE     ,G4FN65              ,2,54,8.50,4.94,7.18,6.30
3591411,STO KETCHUP                   ,G4FN83              ,4,30,7.63,7.13,7.88,8.90
3598627,STO STONE GROUND MUSTARD      ,G4FN85              ,4,42,7.25,6.38,6.38,6.00
3502603,ERLYCL PMNTO OLIVES           ,G4FP02              ,7,17,4.90,11.00,8.30,12.00
3509831,KRFT HOUSE ITALIAN DRSNG      ,G4FP04              ,4,42,9.00,6.70,6.20,6.80
3505424,KRO STUF MANZ GRN OLIVES      ,G4FP12              ,5,34,6.89,8.27,5.51,9.50
3504732,HRML REAL BACON BITS          ,G4FP14              ,5,38,4.60,9.90,7.60,2.60
3506056,PRSL GARLIC STUFFD OLIVES     ,G4FP22              ,6,38,6.13,7.88,5.11,7.90
3500168,HD VLY RNCH FIESTA DIP MX     ,G4FP24              ,8,23,4.00,12.88,5.88,2.40
3502577,KRFT MIRACLE WHIP LT SQZ      ,G4FP32              ,4,24,7.69,10.81,8.50,13.50
3590206,STO YELLOW MUSTARD            ,G4FP34              ,5,42,7.00,6.50,6.50,5.30
3506643,KRFT RANCH DRESSING           ,G4FP53              ,3,28,9.31,12.00,5.31,10.40
3504803,HD VLY FMHS SW CHIPOTLE       ,G4FP55              ,3,34,9.00,8.60,6.00,7.43
3504650,HD VLY RANCH DRESSING         ,G4FP63              ,4,17,9.00,12.25,7.50,14.30
3500860,HRML BACON CRUMBLE POUCH      ,G4FP65              ,5,24,5.00,14.50,7.50,3.80
3502883,KENS ASIAN SSM GNG SOY        ,G4FP73              ,4,37,8.50,8.80,5.80,7.97
3502452,KRFT MRCL WHP SQUEEZE         ,G4FP75              ,5,24,7.20,9.80,8.00,10.70
3500916,KRO SF SWEET RELISH           ,G4FP83              ,6,14,5.32,13.19,9.96,19.90
3510154,KENS CREAMY CAESAR DRSNG      ,G4FP85              ,4,37,8.50,8.80,6.00,6.94
3503144,BMBE PEPPER SEA SALT TUNA     ,G4FQ02              ,4,63,7.25,5.88,5.19,2.60
3502646,SWTBR SWT SPCY BBQ            ,G4FQ04              ,4,34,8.13,8.38,6.13,7.87
3506552,ARMR VIENNA SAUSAGE           ,G4FQ12              ,5,10,5.25,16.25,10.75,17.48
3502740,SWTBR GRLC PRMSN SCEMRND      ,G4FQ14              ,4,34,8.13,6.13,8.38,7.48
3501024,KRFT LIGHT MAYONNAISE         ,G4FQ22              ,6,10,6.10,15.50,11.60,25.70
3504916,GDSN ZESTY ITAL DRSNG MIX     ,G4FQ24              ,4,59,5.50,8.70,3.60,1.30
3584921,STO RED SUG RED SOD KTCHP     ,G4FQ32              ,4,25,7.00,7.50,9.63,9.89
3503139,OSCRM BACON BITS              ,G4FQ34              ,4,30,8.50,10.00,6.25,3.35
3500306,WLF BRND CHILI WITH BEANS     ,G4FQ53              ,8,12,4.57,13.75,10.38,16.40
3505056,SPAM SINGLE CLASSIC           ,G4FQ63              ,6,76,5.25,5.25,4.69,2.00
3506080,KRO REAL BACON BITS           ,G4FQ73              ,4,33,7.00,8.06,6.69,4.20
3500351,SWTBR SWEET SPICY BBQ SCE     ,G4FQ75              ,5,14,8.63,10.13,13.38,23.10
3510537,CBAD MINI BEEF RAVMEATBL      ,G4FR02              ,3,16,9.00,12.00,9.00,24.80
3500577,KRO ALBACORE TUNA POUCH       ,G4FR04              ,3,80,6.70,5.50,4.90,2.40
3506264,WLF BRND CHILI NO BEANS       ,G4FR12              ,6,8,5.69,17.44,13.00,34.60
3505603,SPAM HOT  SPICY               ,G4FR14              ,10,14,3.38,13.00,9.63,10.05
3509689,DNTYMR BEEF STEW              ,G4FR22              ,5,8,6.20,16.20,12.00,33.80
3500771,HD VLY BTRMILK RANCH DRSG     ,G4FR24              ,4,29,9.00,10.00,7.20,10.40
3500587,CHLA CHIPOTLE HOT SAUCE       ,G4FR32              ,3,40,8.06,8.00,6.13,8.95
3502379,HNYB SKNL BL RED SALMON       ,G4FR34              ,7,28,3.50,10.60,7.00,6.50
3510046,WLF BRND CHILI WITH BEANS     ,G4FR63              ,5,8,6.00,18.00,13.00,34.80
3506076,DLRS CHNK LT YLWFN TUNA W     ,G4FR65              ,5,25,6.57,9.88,4.75,4.58
3500098,KRO PRM CHK CHKN BRST 6PK     ,G4FR73              ,6,8,5.50,16.25,12.25,30.00
3500092,WSBN HOUSE ITALIAN DRSNG      ,G4FR75              ,4,43,8.75,8.00,5.56,6.91
3505779,SPAM WITH BACON               ,G4FR83              ,9,14,3.40,13.20,9.90,10.00
3505498,KRO SPICY KETCHUP             ,G4FR85              ,5,16,7.31,9.06,10.81,17.00
3500934,KRO SALMON POUCH              ,G4FS02              ,5,80,6.73,5.28,5.00,2.40
3506498,HRML CMPLT SPAG  MEAT SC      ,G4FS04              ,6,25,5.10,9.90,7.60,4.20
3503129,CBAD BEEFARONI 4PK            ,G4FS12              ,8,8,4.56,17.81,12.13,25.61
3505536,CAMP CHNKY WHT BN CKN CHL     ,G4FS14              ,8,15,4.56,12.88,9.50,14.35
3500657,CBAD MINI RAVIOLI 4CT         ,G4FS22              ,8,8,4.44,17.81,12.13,25.60
3506131,HEINZ SPC KTC SMP TOM JLP     ,G4FS24              ,5,40,6.75,9.44,4.94,5.70
3504467,BST MD BRDBTR JLPNO PCKL      ,G4FS32              ,6,28,5.50,9.70,6.50,10.60
3504834,SPAM 25% LESS SODIUM          ,G4FS34              ,11,14,3.30,13.00,9.80,9.60
3501063,CAMP SPAGHETTIO MEATBALL      ,G4FS53              ,8,7,4.31,19.25,12.75,27.00
3505712,STRKST WHTE CHICKEN POUCH     ,G4FS55              ,4,60,7.09,5.75,5.00,2.37
3510538,CBAD ABC  123 MINI MTBLS      ,G4FS63              ,3,16,9.00,12.00,9.00,27.00
3503931,HRML CMPLT MAC  CHEESE        ,G4FS65              ,7,25,5.00,9.88,7.13,4.01
3510569,CBAD LASAGNA                  ,G4FS73              ,3,16,9.00,12.20,9.00,27.00
3504962,BMBE MSC TUNA LMN PPR         ,G4FS75              ,10,31,3.15,11.42,5.52,4.30
3598017,BFREE SOFT ORIGINAL WRAP      ,G4FS83              ,6,16,5.90,11.60,9.80,8.07
3505548,SWNS PREM CHUNK WHT CHKN      ,G4FS85              ,9,16,3.91,12.44,8.25,9.00
3500685,CBAD SPAG  MEATBALL 4CT       ,G4FT22              ,7,8,4.56,17.81,12.13,25.00
3500225,STRKST HT BFLO TUNA CRTNS     ,G4FT24              ,4,33,6.93,9.70,5.75,5.90
3503075,CBAD BEEF RAVIOLI 4PK         ,G4FT32              ,8,8,4.44,17.81,12.13,25.62
3510180,KKMN SOY SAUCE                ,G4FT34              ,3,24,8.50,9.50,7.20,13.60
3504005,CAMP SPAGOS 4PK               ,G4FT53              ,8,7,4.31,19.25,12.75,27.58
3504880,KRO YELLOW MUSTARD            ,G4FT55              ,4,18,7.50,10.50,8.70,11.50
3509685,DNTYMR BEEF STEW              ,G4GA02              ,11,8,3.50,16.50,12.00,20.00
3510555,CBAD BEEFARONI                ,G4GA12              ,5,16,9.00,12.00,9.00,27.00
3509604,SPAM CLASSIC                  ,G4GA73              ,5,14,6.70,13.00,10.00,18.80
3501115,CAMP SPAGHETTIO MTBLL SHP     ,G4GA75              ,7,15,4.31,12.88,9.50,13.50
3506533,WLF BRND CHILI W/O BN 4PK     ,G4GA83              ,6,8,4.56,17.81,12.13,25.63
3500176,LIBBY CHKN VIENNA SAUSAGE     ,G4GA85              ,10,10,2.60,15.10,10.20,10.40
3504067,CBAD MAC  CHEESE              ,G4GB02              ,5,16,9.00,12.00,9.00,24.50
3501866,CHEF BOYARDEE ABC AND 123     ,G4GB12              ,8,8,4.56,17.81,12.13,25.61
3501009,CBAD SPAG RNGS  MEATBLS       ,G4GB22              ,4,16,9.10,12.20,9.10,25.80
3502724,HNTS MNWCH SLPY JOE SCE       ,G4GB32              ,7,8,4.50,18.10,12.00,26.10
3505462,CAMP CHUNKY CHILI WTH BNS     ,G4GB53              ,10,15,4.56,12.88,9.50,14.33
3510039,WLF BRND CHILI NO BEANS       ,G4GB63              ,5,12,5.50,18.00,13.00,21.60
3510556,CBAD MINI BEEF RAVIOLI        ,G4GB73              ,5,16,9.00,12.00,9.00,27.00
3502065,STRKST CHUNK LT TUNA OIL      ,G4GC02              ,8,10,4.30,16.50,12.00,20.50
3506479,DLRS CHUNK LT YL FIN TUNA     ,G4GC12              ,8,10,4.02,16.29,12.17,19.20
3506527,HNTS MNWCH SLPY JOE SCE       ,G4GC22              ,8,14,5.44,13.94,10.56,20.41
3504610,HRML CHILI NO BEANS           ,G4GC32              ,7,11,5.60,13.80,10.40,22.00
3500492,SMRTWY KETCHUP                ,G4GC53              ,5,12,8.10,12.45,11.85,23.40
3509313,STRKST CHNK LIGHT TNA WTR     ,G4GC63              ,7,10,4.30,16.30,12.30,20.30
3502339,STRKST CHNK LIGHT TNA WTR     ,G4GC73              ,8,14,5.30,13.80,10.30,18.00
3500126,LIBBY VIENNA SAUSAGE          ,G4GC83              ,7,10,5.20,15.10,10.50,19.10
3500686,KRO CHUNK LIGHT TUNA WTR      ,G4GD02              ,7,14,4.75,13.70,10.30,19.10
3506725,KRO VIENNA SAUSAGE            ,G4GD12              ,7,10,5.30,16.25,10.75,17.40
3506476,DLRS CHUNK LT YL FIN TUNA     ,G4GD22              ,8,10,4.02,16.29,12.17,19.20
3506551,ARMR VIENNA SAUSAGE 6CT       ,G4GD32              ,5,10,5.50,16.25,10.75,17.63
3500862,SWNS WHT PR CHNK CKN BRST     ,G4GD53              ,7,11,5.18,14.06,10.44,16.98
3500743,WLF BRND CHILI NO BEANS       ,G4GD63              ,9,16,5.00,10.80,9.00,12.80
3503997,LIBBY CHCKN VIENA SAUSAGE     ,G4GD73              ,6,10,5.50,16.25,10.75,16.37
3510023,HRML CHILI TURKEY W/BEANS     ,G4GD75              ,7,16,4.70,12.20,9.20,13.00
3502343,STRKST CHNK LIGHT TNA OIL     ,G4GD83              ,6,14,5.30,13.80,10.30,18.00
3506595,KRO PINK SALMON               ,G4GD85              ,7,17,4.63,12.50,9.25,13.20
3501131,KRO CHUNK LIGHT TUNA WTR      ,G4GF02              ,8,20,4.40,12.20,8.20,11.50
3504636,SPAM OVN RSTD TURKEY          ,G4GF04              ,9,14,3.50,13.00,10.00,9.90
3510033,WLF BRND LN BF CHIL NO BN     ,G4GF12              ,6,16,4.50,12.00,9.00,13.00
3509861,SWNS PREM CHUNK WHT CHKN      ,G4GF14              ,6,11,3.00,13.80,10.40,9.40
3591538,WDPL SKP JACK LIGHT TUNA      ,G4GF22              ,11,25,3.25,10.50,6.75,5.25
3503906,STRKST SOLID YELLW            ,G4GF24              ,8,14,2.69,13.88,10.38,8.57
3506840,BMBE SLD WHT TUNA WTR 3CT     ,G4GF34              ,10,21,3.00,11.13,8.31,6.50
3500859,WLF BRND CHL HT DOG SAUCE     ,G4GF53              ,8,16,4.44,12.38,9.13,12.03
3506010,DLRS YLLWFIN TUNA IN OIL      ,G4GF55              ,4,15,2.56,13.74,10.24,9.26
3506109,BMBE SOLID WHITE ALBACORE     ,G4GF63              ,26,14,1.50,13.50,10.25,4.75
3506156,STRKIST LOW SODIUM SOLID      ,G4GF65              ,7,14,5.31,13.88,10.38,9.32
3504009,SPAM CLASSIC 2CT              ,G4GF75              ,8,15,3.90,12.50,9.50,10.50
3501575,DNTYMR BEEF STEW              ,G4GF83              ,7,16,4.50,11.75,9.10,13.10
3502354,STRKST CHNK WHT ALBCR WTR     ,G4GF85              ,7,28,3.00,10.00,6.50,4.50
3506103,DLRS CHNK LT TUNA OLV OIL     ,G4GG02              ,5,25,6.57,9.88,4.75,4.58
3509318,STRKST SLD WH ALB TNA WTR     ,G4GG04              ,14,10,2.10,16.00,12.20,11.30
3506845,BMBE SOLID WHITE TUNA WTR     ,G4GG12              ,15,10,2.25,12.50,8.38,11.00
3506945,SNOW MINCED CLAMS             ,G4GG14              ,12,14,1.88,13.50,10.50,6.50
3506536,WLF BRND PRM CHILI W/BNS      ,G4GG22              ,8,16,4.57,12.38,9.00,13.13
3506946,SNOW CHOPPED CLAMS            ,G4GG24              ,18,14,1.88,13.50,10.50,6.50
3504963,BMBE MSC TUNA SWT HEAT        ,G4GG32              ,10,31,3.15,11.42,5.52,4.30
3504964,BMBE MSC CHNK LT TNA WTR      ,G4GG34              ,10,31,3.15,11.42,5.52,4.30
3504604,HRML CHILI WITH BEANS         ,G4GG53              ,7,11,5.60,13.80,10.40,22.00
3501270,HNYB SKNL BL PINK SALMON      ,G4GG55              ,8,28,3.50,7.00,10.60,6.50
3509124,LIBBY CORNED BEEF HASH        ,G4GG63              ,6,16,5.00,12.30,9.20,13.50
3505497,CAMP CHNKY SPICY CHILI        ,G4GG65              ,8,15,4.56,12.88,9.50,14.33
3510089,HRML CHILI NO BEANS           ,G4GG73              ,9,16,4.50,12.00,9.00,14.00
3504957,KRO LIGHT TUNA POUCH 4PK      ,G4GG75              ,5,45,6.88,9.37,4.48,4.60
3504190,CAMP SPAGHETTIO               ,G4GG85              ,4,15,5.81,12.88,9.50,19.34
3505714,LIBBY VIENNA SAUSAGES 6CT     ,G4GH02              ,6,10,5.50,16.25,10.75,17.63
3506534,SWANSON PREM WHT CHKN LS      ,G4GH04              ,6,16,5.00,12.44,8.25,11.28
3500712,WLF BRND CHILI WITH BEANS     ,G4GH12              ,7,16,4.50,12.20,9.10,12.80
3506525,STRKST CHICKEN SALAD          ,G4GH14              ,4,60,7.10,5.75,5.00,2.50
3506553,WLF BRND PRM CHILI W/O BN     ,G4GH22              ,8,16,4.57,12.38,9.00,13.13
3506008,DLRS YLWFIN TUNA IN WATER     ,G4GH24              ,4,16,4.00,13.74,10.24,9.26
3510048,WLF BRND TRKY CHILI NO BN     ,G4GH32              ,6,17,5.50,12.20,9.10,13.00
3506857,BMBE CHUNK WHITE TUNA WTR     ,G4GH34              ,8,14,2.65,13.50,10.25,9.20
3500900,WLF BRND HMSTYL CHIL W/BN     ,G4GH53              ,6,16,4.50,12.20,9.10,12.80
3503529,CAMP SPAGTIO OR BLUEY SHP     ,G4GH55              ,8,15,4.31,12.75,9.50,13.74
3503552,WLF BRND HOT CHILI NO BN      ,G4GH63              ,7,16,4.50,12.20,9.10,12.60
3505588,DNTYMR BEEF STEW              ,G4GH65              ,8,16,4.50,11.75,9.10,13.10
3500511,WLF BRND CHILI NO BEANS       ,G4GH83              ,8,9,4.00,16.00,11.00,18.00
3502192,SWNS PREM CHUNK WHT CHKN      ,G4GH85              ,6,16,4.60,12.40,8.20,11.20
3500794,WLF BRND MILD CHILI NO BN     ,G4GJ02              ,8,16,4.50,12.20,9.10,12.80
3509544,HRML BEEF TAMALES             ,G4GJ12              ,7,16,4.50,12.20,9.20,13.50
3500174,KENS CRMY CASEAR DRRSNG       ,G4GJ14              ,4,27,8.50,8.88,7.25,10.16
3510086,HRML CHILI WITH BEANS         ,G4GJ22              ,7,16,4.50,12.00,9.00,13.00
3503534,CAMP SPAGTIO PKMN SHAPE       ,G4GJ24              ,8,15,4.31,12.75,9.50,13.74
3503854,CBAD BFRN PSTA IN TM SCE      ,G4GJ32              ,7,11,5.50,14.44,10.88,13.31
3503085,BMBE SLD WHT TUNA WTR 4CT     ,G4GJ34              ,10,11,2.65,13.50,10.25,9.19
3505581,STARKIST CHCKN PREMIUM WH     ,G4GJ53              ,6,60,6.88,5.75,5.31,2.38
3505717,SPAM                          ,G4GJ55              ,16,14,2.06,13.00,9.63,6.30
3504936,STRKST ORGNL DELI LNCH KT     ,G4GJ63              ,7,34,5.75,9.19,5.75,4.00
3503974,WENDYS NO BEAN CHILI          ,G4GJ73              ,7,16,4.57,12.13,9.19,12.87
3502349,STRKST CHK LT TNA WTR 4CT     ,G4GJ83              ,13,14,2.60,13.80,10.30,9.00
3506860,BMBE PREM LT TUNA WTR PCH     ,G4GK02              ,4,63,7.13,5.88,5.19,2.50
3505301,KRO CREAMY RANCH SLD DRSG     ,G4GK04              ,3,13,10.19,14.50,9.06,22.85
3506847,BMBE TINY CCKTAIL SHRMP       ,G4GK12              ,10,28,3.88,10.38,7.00,7.00
3501453,ARMR SLICED DRIED BEEF        ,G4GK14              ,3,22,4.13,10.38,7.94,5.30
3506849,BMBE SOLID WHITE TUNA WTR     ,G4GK22              ,12,14,2.65,13.50,10.25,9.20
3506856,BMBE PF ALBACORE TUNA WTR     ,G4GK32              ,5,17,2.65,13.50,10.25,9.20
3506947,SNOW CLAM JUICE               ,G4GK53              ,5,26,7.00,9.25,7.13,11.70
3502353,STRKST SLD WT TNA WTR 4CT     ,G4GK63              ,9,14,2.60,13.80,10.30,9.00
3505400,KRO ITALIAN DRESSING          ,G4GK65              ,4,32,8.69,8.25,5.81,7.00
3510592,CBAD MW MINI ABC123 MTBL      ,G4GK73              ,11,11,2.80,14.30,10.50,6.80
3500528,CBAD OVERSTUFFED RAVIOLI      ,G4GK83              ,7,16,4.50,12.20,9.10,12.20
3504612,SPAM KOREAN BBQ FLVR          ,G4GL02              ,12,14,3.38,13.00,9.63,10.05
3509514,HRML CHILI NO BEANS           ,G4GL12              ,8,18,4.00,11.00,8.00,9.50
3503559,SWNS CHK BRST WHT PR CHNK     ,G4GL22              ,8,16,4.56,12.31,8.19,11.42
3501420,WENDYS CHILI W/BEANS          ,G4GL32              ,6,16,4.57,12.13,9.19,12.80
3506168,KRO PREM CHNK CHKN BREAST     ,G4GL63              ,11,11,3.25,14.00,10.50,10.10
3503274,CBAD MW BF RVOLI PSTA SCE     ,G4GL73              ,7,11,6.00,14.44,11.00,13.31
3505842,WENDYS BCNTR BN BF CHILI      ,G4GL83              ,12,16,4.57,12.13,9.19,12.86
3504960,LIBBY CORNED BEEF             ,G4GM22              ,4,19,7.50,13.13,7.38,23.00
3504504,KRO HONEY BBQ SAUCE           ,G4GM32              ,4,20,8.00,11.38,7.75,15.10
3505371,GEBH REFRIED BEANS            ,G4GM53              ,8,8,4.50,16.00,12.00,27.00
3501266,HD VLY KCKN CJN BLCK RNCH     ,G4GM63              ,4,30,8.50,8.31,7.31,8.72
3505028,CAMP SPAGHETTIOS MEATBALL     ,G4GN02              ,5,15,5.80,12.80,9.50,19.20
3506615,BST MD BABY DILLS             ,G4GN12              ,6,11,6.50,16.24,10.75,29.00
3505557,HNTS MNWCH THICK  CHUNKY      ,G4GN83              ,11,16,4.57,12.19,9.13,13.19
3503908,SPAGHETTIOS LICENSED SHAP     ,G4GP02              ,12,15,4.31,12.75,9.50,13.80
3504952,STRKST CRKD PPR TUNA PCH      ,G4GP12              ,6,33,6.88,9.69,5.75,4.85
3506166,KRO PREM CHNK CHKN BREAST     ,G4GP22              ,12,16,3.60,12.25,8.25,9.00
3500870,HD VLY CRMY JALAPENO RNCH     ,G4GP32              ,4,30,8.50,8.31,7.31,8.82
3504953,STRKST CHNK LGHT TUNA         ,G4GP63              ,10,14,3.88,13.88,10.38,14.00
3510553,CBAD SPAGHETTI  MEATBALL      ,G4GP73              ,3,16,9.00,12.00,9.00,27.00
3506167,KRO CHNK CHICKEN IN WATER     ,G4GP75              ,12,11,3.00,14.00,10.50,10.10
3510557,CBAD BEEF RAVIOLI             ,G4GP83              ,3,16,9.00,12.00,9.00,27.00
3504455,KRO FLAKE ALBACORE            ,G4GP85              ,10,14,3.00,13.25,10.25,9.50
3506199,KRO 100% NAT CHKN BREAST      ,G4GQ02              ,7,16,4.50,12.00,8.50,12.00
3509530,ARMR POTTED MEAT              ,G4GQ12              ,6,10,3.13,16.25,10.75,10.60
3500795,KRO SOLID WHITE TUNA WTR      ,G4GQ14              ,10,14,3.00,13.70,10.50,10.10
3509322,STRKST SLD WT TNA WTR 3CT     ,G4GQ22              ,10,21,3.00,11.00,8.38,6.20
3500774,KRO SOLID WHITE TUNA WTR      ,G4GQ24              ,7,20,4.50,12.00,8.00,11.00
3500897,KRFT MAYO WITH OLIVE OIL      ,G4GQ32              ,6,10,6.10,15.50,11.60,25.70
3501077,HRML CMPLT HS MTLF MSHPOT     ,G4GQ34              ,5,25,5.00,10.00,7.50,4.50
3509536,SPAM LITE                     ,G4GQ53              ,10,14,3.50,13.00,10.00,9.70
3502812,HRML CMPLT BEEF POT ROAST     ,G4GQ55              ,6,25,5.00,9.90,7.50,4.50
3500275,WLF BRND CHILI NO BEANS       ,G4GQ63              ,8,11,4.57,13.75,10.38,16.40
3503857,STRKST CH LGHT TNA WTR LS     ,G4GQ65              ,15,14,2.63,13.88,10.38,9.32
3504030,CBAD MW RICE CHICKN  VEG      ,G4GQ73              ,12,11,2.80,14.50,11.00,6.80
3502352,STRKST SLD WH ALB TNA WTR     ,G4GQ75              ,12,14,2.60,13.80,10.30,9.00
3504029,CBAD MW MINI BEEF RAVIOLI     ,G4GR02              ,10,11,2.80,14.50,11.00,6.80
3501925,WLF BRND MW CHIL NO BEANS     ,G4GR04              ,12,11,2.88,14.50,11.00,6.54
3504914,KRO CHNK LT TUNA PCH 11OZ     ,G4GR12              ,5,30,7.20,8.26,7.59,9.40
3503838,STRKST CHNK LGHT WTR 4PK      ,G4GR22              ,4,31,6.94,10.94,5.11,5.00
3509319,STRKST LTG CH WH TUNA WTR     ,G4GR24              ,4,20,8.50,11.30,8.00,5.10
3500833,STRKST TNA CREATIONS RNCH     ,G4GR34              ,4,33,6.90,9.70,5.70,5.00
3506457,BMBE PRTN OTR TUNA OOMJ       ,G4GR53              ,5,32,6.31,9.56,6.06,3.96
3500854,STRKST TC BOLD JALAPENO       ,G4GR55              ,4,33,6.93,9.70,5.75,5.00
3503324,HRML CMPLT CHCKN  DMPLNG      ,G4GR63              ,3,25,10.00,10.00,7.19,4.20
3500411,STRKST CHK LT TNA WTR PCH     ,G4GR65              ,4,30,7.70,7.88,7.00,9.10
3500003,CAMP SPAGHETTIO ORIGINAL      ,G4GR73              ,8,7,4.31,19.25,12.75,27.20
3506106,BB SOTR TUNA SALAD            ,G4GR83              ,6,32,5.70,9.41,6.04,3.90
3506919,BMBE SPCY THAI CHILI TUNA     ,G4GR85              ,4,63,7.25,5.88,5.19,2.60
3510589,CBAD MICROWAVE BEEFARONI      ,G4GS02              ,11,11,2.70,14.50,10.70,6.80
3500936,STRKST CHNK LIGHT TNA SLD     ,G4GS04              ,4,33,6.80,10.00,5.70,5.50
3501065,KRO LIGHT TUNA WTR POUCH      ,G4GS14              ,5,40,7.60,6.90,5.90,5.50
3504156,HRML HS CMPLT CHKMSH POT      ,G4GS22              ,6,25,5.10,9.90,7.60,4.50
3505134,STRKST TNA CRTNS SWTSPCY      ,G4GS32              ,4,33,6.90,9.70,5.70,5.00
3502272,STRKST CHUNK TUNA WTR PCH     ,G4GS34              ,5,33,7.00,9.60,5.80,4.70
3506943,BMBE RTE TUNA SALAD KIT       ,G4GS53              ,6,32,5.25,12.50,7.00,4.00
3502275,STRKST CHUNK TUNA OIL PCH     ,G4GS55              ,4,33,6.90,10.00,5.70,4.70
3554879,KRO CHUNK LIGHT TUNA OIL      ,G4GS63              ,10,14,3.00,13.75,10.50,11.00
3502279,STRKST CHKWHT TNA WTR PCH     ,G4GS65              ,3,33,6.80,10.00,5.80,4.70
3505137,STRKST TUNA CRTNS LMN PPR     ,G4GS73              ,4,33,6.90,9.70,5.70,5.00
3502286,STRKST CHK LT TNA WTR PCH     ,G4GS75              ,3,40,7.10,8.00,5.80,5.60
3505911,BMBE RTE FF TUNA SLD KIT      ,G4GS83              ,5,32,5.70,9.41,6.04,3.90
3502300,STRKST ALB WH TNA WTR PCH     ,G4GS85              ,5,40,7.10,8.00,5.80,5.60
3505898,STRKST SMRT BWL SPC RC BN     ,G4GT02              ,5,40,6.60,7.20,6.30,3.98
3503819,HRML CMPLT BEEFY MAC          ,G4GT04              ,7,25,5.10,9.90,7.60,4.18
3505235,BMBE LT TUNA W/LMN PEPPER     ,G4GT12              ,4,65,7.00,5.75,5.00,2.60
3505902,STRKST SMRT BWL TMTO BSL      ,G4GT22              ,5,40,6.60,7.20,6.30,3.98
3501094,HRML CMPLT HS CHCKN ALFRD     ,G4GT24              ,4,25,5.00,10.00,7.50,4.50
3504539,STRKST LTG CHK LT TUNA WT     ,G4GT32              ,4,20,8.50,11.30,8.00,5.10
3505133,STRKST TNA CRTNS HCKR SMK     ,G4GT34              ,3,33,6.90,9.70,5.70,5.00
3504930,KRO LS TUNA PCH 2.5 OZ        ,G4GT53              ,5,80,6.85,4.96,4.76,2.50
3504800,STRKST SMRT BWL JMBLY         ,G4GT73              ,5,38,6.50,7.25,6.50,3.90
3502641,STRKST SMRT BWL LTN CTRS      ,G4GT85              ,5,40,6.60,7.20,6.30,3.98
3509693,DNTYMR BEEF STEW              ,G4GU12              ,6,25,5.00,10.00,7.00,4.40
3506099,DLRS TUNA SLD VEG             ,G4GU22              ,5,25,6.57,9.88,4.75,5.62
3506460,BMBE PRTN OTR OOZL TUNA       ,G4GU24              ,5,32,6.31,9.56,6.06,3.96
3509701,HRML CMPLT TRKY  DRSSNG       ,G4GU32              ,4,25,5.00,10.00,7.30,4.40
3502081,DELMNT LS DICED MANGOS        ,G4GU63              ,6,15,4.56,12.13,9.69,13.20
3505551,STRKST TUNA CRTN SRIRACHA     ,G4GU83              ,4,33,6.93,9.70,5.75,4.85
3506073,DLRS TUNA SLD JALA            ,G4GV02              ,5,25,6.57,9.88,4.75,4.58
3500242,STRKST GRMT SLCT THAI STY     ,G4GV04              ,4,33,6.93,9.70,5.75,5.00
3506130,STRKST TUNA CRTNS WGDM        ,G4GV12              ,3,33,6.88,9.69,5.75,5.50
3509710,HRML CMPLT BEEF  MSH PTO      ,G4GV32              ,4,25,5.00,10.00,7.00,4.40
3504037,KRO LITE MAYONNAISE           ,G4GV53              ,5,10,7.00,15.40,11.40,24.60
3503206,STRKST KC BACON RANCH         ,G4GV55              ,3,33,6.90,9.70,5.70,0.50
3510586,CBAD MW SPAGHETTI  MTBLS      ,G4GV63              ,10,11,2.80,14.30,10.50,6.80
3501672,KRO WHOLE SWEET GHERKINS      ,G4GV73              ,6,10,5.63,15.16,11.22,29.20
3501136,KRO WHOLE SWEET GHERKINS      ,G4GW12              ,6,14,5.32,13.19,9.96,21.20
3503712,HD VLY DRY DRSN GRLC RNC      ,G4GW14              ,9,23,4.00,12.88,5.88,2.20
3510590,CBAD MICROWAVE BF RAVIOLI     ,G4GW22              ,11,11,2.80,14.30,10.50,6.80
3500552,KRO CHUNK LITE TUNA POUCH     ,G4GW32              ,4,80,6.60,5.40,4.70,2.40
3598222,KRO PREMIUM COCONUT MILK      ,G4GW53              ,7,34,5.00,6.00,9.05,7.00
3501927,NTR NTE FRT SPRD MXD BRRY     ,G4HB02              ,8,30,4.25,9.00,6.25,6.40
3501419,LSCD ALL NTRL SMOOTH PBTR     ,G4HB12              ,5,22,6.31,11.18,7.42,14.60
3501076,BNMN STRAWBERRY PRESERVES     ,G4HB22              ,3,23,10.31,3.94,7.20,8.10
3503797,WELCH S STRAWBERRY SPREAD     ,G4HB32              ,6,17,6.00,12.25,9.25,19.80
3501066,BNMN RASPBERRY PRESERVES      ,G4HB53              ,3,23,10.31,3.94,7.20,8.10
3506490,PRSL HOT PEPPER BCN SPRD      ,G4HB63              ,8,32,4.00,6.25,9.00,9.00
3505233,SMRTWY GRAPE JELLY            ,G4HB73              ,4,11,6.88,14.06,10.63,31.55
3502401,DOLE CHRY MX FR IN JC 4CT     ,G4HB83              ,8,13,4.20,13.30,9.70,7.40
3503221,KRO PINEAPPLE TIDBITS JC      ,G4HC02              ,7,13,4.84,10.16,13.58,17.50
3502847,JIF CRMY PCKABL SNCKABL       ,G4HC04              ,5,48,6.75,9.63,4.00,2.28
3502844,PTRPN CREAMY PEANUT BTTR      ,G4HC12              ,6,11,5.80,14.30,10.80,32.50
3506752,NTR NTE RAW  UNFLTRD HNY      ,G4HC14              ,5,42,6.50,6.50,6.00,6.50
3501980,NTR NTE FRT SPRD STRWBRY      ,G4HC22              ,8,30,4.25,9.00,6.25,6.40
3505230,JIF CREAMY PEANUT BUTTER      ,G4HC24              ,6,15,5.10,11.80,8.90,13.10
3503831,WELCH ORG CONC GRP SPRD       ,G4HC32              ,6,15,5.75,12.00,9.25,20.20
3506405,KRO STRAWBERRY PRESERVES      ,G4HC34              ,5,11,6.60,14.40,10.90,33.10
3504496,KRO NSA CREAMY PB             ,G4HC53              ,7,15,5.12,12.63,9.31,12.86
3598270,STO CRNCHY PB UNSTBLZD        ,G4HC55              ,6,15,5.12,12.87,9.75,13.50
3506447,KRO CRUNCHY PEANUT BUTTER     ,G4HC63              ,5,10,6.50,16.25,10.50,25.50
3503992,NATE ORG RAW UNFLTR HNY       ,G4HC65              ,5,42,6.88,6.25,5.25,5.02
3506446,KRO CREAMY PEANUT BUTTER      ,G4HC73              ,5,10,6.25,16.00,10.50,25.50
3505342,WELCH SQZ CNCRD GRAPE JAM     ,G4HC75              ,4,17,7.88,10.50,9.38,16.90
3502495,PTRPN NAT HNY RST CRMY PB     ,G4HC83              ,6,11,5.75,13.94,11.00,22.70
3509590,SMKR SQZ STRAWBERRY SPRD      ,G4HC85              ,4,20,8.00,12.50,7.00,16.70
3506685,JIF NTRL CREAMY PB SPREAD     ,G4HD02              ,5,15,6.72,16.00,8.00,21.40
3505209,KRO HONEY PEANUT BUTTER       ,G4HD12              ,6,15,6.75,16.00,8.12,21.37
3505526,KRO CREAMY PEANUT BUTTER      ,G4HD22              ,6,15,6.75,16.00,8.12,21.37
3509589,SMKR SQZ GRAPE JELLY          ,G4HD24              ,4,20,7.80,12.50,7.30,16.70
3505625,KRO CRUNCHY PEANUT BUTTER     ,G4HD32              ,5,15,6.75,16.00,8.12,21.37
3505271,WELCH SQZ CNCRD GRAPE JLY     ,G4HD34              ,4,17,7.88,10.50,9.38,16.90
3501825,SKPY CRMY PEANUT BTR SPRD     ,G4HD53              ,5,15,6.50,15.75,8.00,21.30
3504223,JIF PNUT BTR  CHOC SPRD       ,G4HD55              ,7,14,5.88,18.13,7.31,20.17
3505224,SMRTWY GRAPE JELLY            ,G4HD63              ,6,16,5.75,11.75,9.00,19.65
3524587,NTR NATES HNY MINI RWUNF      ,G4HD65              ,7,16,4.75,12.00,10.00,7.81
3506398,KRO PEACH PRESERVES           ,G4HD73              ,6,16,5.60,11.80,9.00,19.60
3503473,NTR NTE RAW HONEY BEAR        ,G4HD75              ,5,42,6.88,6.25,5.25,5.02
3502015,SMKR RED RASPBERRY PRSRVS     ,G4HD83              ,6,16,5.30,12.30,9.30,20.10
3506361,NTR NTE HONEY                 ,G4HD85              ,4,30,8.00,7.75,7.75,12.71
3502388,BRLSN CLOVER HONEY            ,G4HF02              ,5,15,7.20,16.20,7.80,20.00
3503785,PTRPN CREAMY PEANUT BTTR      ,G4HF04              ,5,16,6.30,12.30,8.00,15.30
3504589,KRO STRAWBERRY PRESERVES      ,G4HF12              ,6,16,5.50,11.70,9.00,19.90
3504012,NATES HOT HON CHL PPR SS      ,G4HF14              ,7,18,4.69,12.44,7.90,6.50
3506396,KRO BLACKBERRY PRESERVES      ,G4HF22              ,6,16,5.75,12.00,9.00,19.80
3506356,KRO NATURAL CRMY PNT BUTR     ,G4HF24              ,6,15,5.25,12.25,9.25,12.80
3506464,KRO RED RASPBRY PRESERVES     ,G4HF32              ,5,16,5.88,12.13,9.19,19.70
3503310,SKPY SUPER CHUNKY PNT BTR     ,G4HF34              ,7,17,5.00,12.10,9.10,13.20
3505406,PTRPN CRUNCHY PEANUT BTTR     ,G4HF53              ,6,11,5.75,13.94,11.00,22.71
3505171,SMRTWY PEANUT BUTTER          ,G4HF55              ,7,15,5.12,12.63,9.31,12.86
3502664,KRO HONEY CRUNCH PNUT BTR     ,G4HF63              ,7,15,5.00,12.25,9.25,13.80
3500769,NTLA CHOC HAZELNUT SPREAD     ,G4HF65              ,5,20,5.79,11.06,7.28,11.20
3503768,SKPY SUPER CHUNK PNT BTR      ,G4HF73              ,5,15,6.50,15.75,8.00,21.30
3506751,NTR NTE RAW  UNFLTRD HNY      ,G4HF75              ,4,30,8.00,7.75,7.75,12.70
3501438,KELLEYS RAW UNFLTRD HONEY     ,G4HF83              ,5,17,6.63,6.63,13.38,19.00
3502364,BRLSN SQZ PURE HONEY BEAR     ,G4HF85              ,6,22,6.50,9.80,8.40,10.30
3505163,WELCH CONCORD GRAPE JAM       ,G4HG02              ,7,12,6.28,14.00,10.50,24.80
3505215,WELCH CONCORD GRAPE JELLY     ,G4HG12              ,7,12,6.28,14.00,10.50,24.80
3501720,WELCH NAT CNCRD GRP SPRD      ,G4HG22              ,7,12,6.00,10.90,14.60,22.90
3506689,WELCH NAT STRWBRY SPREAD      ,G4HG32              ,7,12,6.00,10.94,14.69,22.90
3502008,SMKR STRAWBERRY PRESERVES     ,G4HG53              ,5,16,5.30,12.30,9.30,20.00
3504045,NATES NTRL SR CHR FR SPRD     ,G4HG55              ,4,30,9.00,4.25,6.25,6.40
3502895,JIF CREAMY PEANUT BUTTER      ,G4HG63              ,6,14,5.85,18.20,7.30,19.20
3500858,KRO APPLE BUTTER              ,G4HG65              ,6,30,5.75,9.75,6.50,10.75
3501994,SMKR CONCORD GRAPE JELLY      ,G4HG73              ,5,16,5.30,12.30,9.30,20.00
3505175,PRSL CRNCHY COOKIE BUTTER     ,G4HG75              ,7,16,4.65,11.65,9.88,11.82
3504430,KELLEYS LOCAL WLDFLWR HNY     ,G4HG83              ,5,17,7.88,11.94,9.00,19.20
3594650,GM GHST PRT BR CHC CRM PK     ,G4HG85              ,5,23,6.31,11.93,6.68,5.60
3505193,PRSL CREAMY COOKIE BUTTER     ,G4HH02              ,7,16,4.65,11.65,9.88,11.82
3504628,WELCH NAT SQZ GRAPE SPRD      ,G4HH04              ,4,17,7.88,10.50,9.38,15.40
3502885,JIF CREAMY PEANUT BUTTER      ,G4HH12              ,5,15,6.80,16.00,8.00,21.40
3504965,WELCH RED SGR GRP JELLY       ,G4HH14              ,4,17,7.88,10.50,9.38,14.73
3503766,KELLEYS LOCAL TEXAS HOT H     ,G4HH22              ,5,30,6.88,6.88,6.75,9.60
3503692,JIF TO GO PNT BTR/CHOC        ,G4HH24              ,9,17,3.70,11.71,8.89,4.29
3501422,LSCD ALL NTRL NUTTY PBTR      ,G4HH32              ,6,22,6.31,11.18,7.42,14.60
3505628,SKPY PB NSA CRMY              ,G4HH34              ,7,17,5.06,12.06,9.25,13.10
3506588,BRLSN RAW HONEY               ,G4HH53              ,6,21,5.50,11.44,5.63,10.30
3506493,PRSL HONEY FIG                ,G4HH55              ,5,32,4.00,6.25,9.00,9.00
3504379,NTR NTE RAW  UNFLTRD HNY      ,G4HH63              ,4,20,7.80,8.20,8.30,16.00
3500583,PTRPN CREAMY PEANUT BTTR      ,G4HH65              ,5,15,5.10,12.00,8.80,13.30
3500065,SMKR NTRL APRCT FRT SPRD      ,G4HH73              ,7,23,5.24,12.00,6.31,13.10
3506357,KRO NATRAL CRNCHY PNT BTR     ,G4HH75              ,6,15,5.00,12.25,9.25,12.80
3500716,PTRPN CRUNCHY PEANUT BTTR     ,G4HH83              ,5,15,5.10,12.00,8.80,13.30
3505698,SKPY CHNK NSA PB              ,G4HH85              ,6,17,5.06,12.06,9.25,13.10
3503203,SMKR SDLS BLACKBERRY JAM      ,G4HJ02              ,7,16,5.24,12.31,9.25,19.99
3594961,ST PBJ STRWBRY DPPER 4CT      ,G4HJ04              ,4,20,6.06,9.76,8.60,4.50
3598350,STO CRMY PB UNSTBLZD          ,G4HJ12              ,8,15,5.12,12.87,9.75,13.50
3504084,NATES NTRL CRMY ALM BTR       ,G4HJ14              ,3,16,11.00,4.00,8.00,6.69
3505231,JIF EXTRA CRUNCHY PNT BTR     ,G4HJ22              ,7,15,5.10,11.80,8.90,13.10
3505426,JIF CREAMY PB SQZBL POUCH     ,G4HJ24              ,4,16,8.13,11.00,8.75,8.90
3506358,KRO HNY RST CRMY PNUT BTR     ,G4HJ32              ,6,15,5.00,12.25,9.25,13.80
3505228,JIF RF CREAMY PEANUT BTTR     ,G4HJ34              ,7,15,5.00,11.80,8.90,13.10
3505670,SMKR SMPL FRT STRAWBERRY      ,G4HJ53              ,8,28,4.50,10.30,5.50,8.10
3505250,SKPY CREAMY PEANUT BUTTER     ,G4HJ55              ,5,17,5.00,12.10,9.10,13.20
3500793,PTRPN CRMY HNY RSTD PB        ,G4HJ63              ,5,15,5.10,12.00,8.80,13.30
3505433,JIF TO GO NTRL PNT BTR        ,G4HJ65              ,9,17,3.70,11.71,8.89,4.29
3503099,JIF CRUNCHY PEANUT BUTTER     ,G4HJ73              ,6,14,5.88,18.13,7.31,19.22
3505692,NTLA CHOC HAZELNUT SPREAD     ,G4HJ83              ,9,11,4.20,15.80,9.30,14.00
3506353,NTR NTE HONEY                 ,G4HJ85              ,5,42,6.75,6.50,6.00,6.51
3502092,SMKR NTRL STRWBRRY SPREAD     ,G4HK02              ,6,23,5.24,12.00,6.31,13.05
3501769,NTR NTE HOT HNY INFSD CP      ,G4HK04              ,6,42,6.00,6.31,6.00,6.51
3503320,JIF PNT BTR  CHOC SPREAD      ,G4HK12              ,7,15,5.02,11.81,8.94,12.40
3504770,SMKR NTRL TRPL BRY            ,G4HK22              ,6,23,5.24,12.00,6.31,13.10
3503795,WELCHS FR BERRY SPREAD        ,G4HK32              ,6,17,6.00,12.25,9.25,19.80
3505069,DOLE MANDARIN ORANGES         ,G4HK34              ,8,16,4.50,8.88,12.13,14.00
3500086,SMKR SDLS STRAWBERRY JAM      ,G4HK53              ,8,16,5.50,12.00,9.00,20.00
3502980,JIF CRUNCHY PEANUT BUTTER     ,G4HK63              ,6,15,6.90,16.20,8.10,21.40
3501292,JIF CREAMY PEANUT BTR 2CT     ,G4HK73              ,6,15,6.90,16.20,8.10,21.50
3502943,SKPY CREAMY PEANUT BUTTER     ,G4HK83              ,7,15,6.56,15.88,8.06,21.41
3504182,SKPY NAT CRMY PNTBTR SPRD     ,G4HL22              ,7,15,6.56,15.88,8.06,21.41
3503986,SMKR SQZ SDLS RSPBR JAM       ,G4HL32              ,6,20,7.94,12.44,7.19,16.71
3501287,SMKR SWT ORANGE MARMALADE     ,G4HL53              ,6,16,5.50,12.10,9.00,20.00
3506250,SMKR GRAPE JAM                ,G4HL63              ,7,11,6.31,14.63,11.00,30.75
3505229,JIF NTRL CREAMY PB SPREAD     ,G4HM02              ,8,15,5.10,11.80,8.90,13.10
3501914,NTR NTE NAT CRM PNTBTR        ,G4HM12              ,9,16,4.00,11.00,8.00,6.69
3506253,SMKR CNCRD GRAPE JELLY        ,G4HM73              ,7,11,6.31,14.63,11.00,30.75
3506254,SMKR STRWBRRY JAM             ,G4HM83              ,7,11,6.31,14.63,11.00,30.75
3502623,KRO CRUNCHY PEANUT BUTTER     ,G4HN02              ,8,15,5.00,12.25,9.25,13.80
3502619,KRO CREAMY PEANUT BUTTER      ,G4HN12              ,8,15,5.00,12.25,9.25,13.80
3503952,JIF NTRL CREAMY PB SPREAD     ,G4HN22              ,7,14,5.88,18.13,7.31,19.16
3500189,KRO ORANGE MARMALADE          ,G4HN32              ,6,17,5.36,12.31,9.00,19.40
3505549,DOLE MANDARIN ORNGES 12CT     ,G4HN53              ,8,38,4.17,8.23,5.95,3.58
3596814,STO SLICED PEARS              ,G4HN55              ,6,17,4.50,12.25,8.75,14.00
3500840,NTLA CHOC HAZELNUT SPREAD     ,G4HN63              ,4,18,6.89,11.02,8.19,14.50
3505174,DELMNT HS FRUIT COCKTAIL      ,G4HN65              ,7,16,4.81,12.38,8.31,13.00
3506655,KRO SLICED PEACHES            ,G4HN73              ,3,17,8.20,12.20,9.10,26.60
3506427,DELMNT NSA MANDARN ORANGE     ,G4HN75              ,7,20,4.81,12.13,9.13,14.05
3503421,DOLE DICED PEACHES 12CT       ,G4HN83              ,8,38,4.17,8.23,5.95,3.58
3502840,DOLE MNDR ORNG IN JCE 4CT     ,G4HN85              ,8,13,4.30,13.00,9.80,7.50
3506470,KRO LITE SLICED PEACHES       ,G4HP02              ,5,10,5.00,16.30,12.20,24.40
3596635,STO CRANBERRY SCE JELLIED     ,G4HP04              ,6,17,4.13,12.13,9.13,13.00
3502861,DOLE MNDRN ORANGE GEL 4CT     ,G4HP12              ,7,13,4.50,13.00,10.00,8.60
3503783,JIF SMPL CRM UNSW PB SPRD     ,G4HP14              ,8,15,5.02,11.81,8.94,12.40
3506677,KRO LITE FRUIT COCKTAIL       ,G4HP22              ,3,17,9.20,12.20,9.10,26.60
3505283,DELMNT HS SLCD PEACHES        ,G4HP24              ,7,17,4.50,12.00,9.00,13.50
3506559,KRO YLW SLCD PCH HVY SYRP     ,G4HP32              ,3,17,9.20,12.20,9.10,26.60
3506665,KRO FRT CKTL XTRA LT SYRP     ,G4HP34              ,7,17,4.70,12.20,9.10,13.40
3506681,KRO XTRA CHRY MXD FT CKTL     ,G4HP53              ,3,17,9.20,12.20,9.10,26.60
3502503,DELMNT LS DCD PEACH 4CT       ,G4HP55              ,8,12,3.90,14.00,10.80,7.50
3500328,KRO CRSH PINEAPPLE JCE        ,G4HP63              ,7,14,4.77,13.66,10.16,17.50
3506716,KRO SLC PCHS XTRA LT SYRP     ,G4HP65              ,6,17,4.70,12.20,9.10,13.40
3506411,DELMNT PFC VP NSA             ,G4HP73              ,9,34,3.75,10.13,6.88,3.70
3506097,KRO RED TRT PTTD CHERRIES     ,G4HP75              ,7,17,4.50,12.00,9.00,13.70
3506714,KRO FRUIT COCKTAIL IN HS      ,G4HP83              ,3,17,9.20,12.20,9.10,26.60
3505297,DELMNT HS FRUIT COCKTAIL      ,G4HP85              ,8,17,4.50,12.10,9.10,13.50
3501798,KRO MNDARN ORANGES SYRP       ,G4HQ02              ,3,17,9.20,12.20,9.10,26.60
3505499,DOLE MXD FRT CHRY GEL 4CT     ,G4HQ04              ,8,13,4.30,13.25,10.00,9.00
3505598,DOLE NSGA PINEAPPLE           ,G4HQ12              ,8,37,4.17,8.23,5.95,3.58
3505508,DELMNT BBBL FRT PEA           ,G4HQ14              ,9,12,3.93,14.00,10.50,8.00
3506691,KRO SLICED PEACHES            ,G4HQ22              ,7,10,5.00,16.30,12.20,24.40
3502072,DOLE 100%JCE SLC PNEAPPLE     ,G4HQ24              ,7,14,4.60,10.20,13.70,18.00
3503991,KRO MANDARIN OR IN JCE LT     ,G4HQ32              ,5,15,6.80,12.20,9.10,21.00
3502821,DOLE PNAPL TDBT IN JC 4CT     ,G4HQ34              ,8,13,4.00,13.00,9.70,7.80
3506683,KRO FRUIT COCKTAIL            ,G4HQ53              ,7,10,4.75,16.30,12.20,24.40
3501532,KRO CHNK PINEAPPLE JCE        ,G4HQ55              ,7,14,4.77,13.66,10.16,17.50
3502071,DOLE 100%JCE CRSH PNEAPLE     ,G4HQ63              ,8,14,4.60,10.20,13.70,18.00
3505299,DELMNT HS SLICED PEAR         ,G4HQ65              ,8,17,5.00,12.50,9.00,13.50
3501394,DOLE HS CHUNK PINEAPPLE       ,G4HQ73              ,7,14,4.60,13.70,10.20,18.00
3502189,DOLE 100%JCE SLICED PEACH     ,G4HQ75              ,5,21,6.00,13.10,6.80,13.00
3502719,KRO CHNK PINEAPPLE JCE        ,G4HQ83              ,7,13,4.84,10.16,13.58,17.50
3505554,DELMNT BBBL FRT PIN           ,G4HQ85              ,9,12,3.93,14.00,10.50,8.00
3506426,DELMNT MANDARIN ORANGE        ,G4HR02              ,8,34,3.75,10.13,6.88,3.60
3505398,DOLE PNAPL IN LME GEL 4CT     ,G4HR04              ,8,13,4.30,13.25,10.00,9.00
3506711,KRO SLC PEAR XTRA LT SYRP     ,G4HR12              ,7,17,4.70,12.20,9.10,13.40
3505187,DOLE LF APLCRM PRFT 4CT       ,G4HR14              ,8,13,4.30,13.25,10.00,9.00
3502691,KRO CRSH PINEAPPLE SYRUP      ,G4HR22              ,7,13,4.84,10.16,13.58,17.50
3503281,DELMNT 100%JCE SLCD PEACH     ,G4HR24              ,7,17,4.50,12.00,9.00,12.80
3505583,DOLE NSGA MANDARIN            ,G4HR32              ,9,38,4.17,8.23,5.95,3.58
3506669,KRO NSA SLICED PEACHES        ,G4HR34              ,6,17,4.70,12.20,9.10,13.40
3505296,DELMNT HS SLICED PEACHES      ,G4HR53              ,6,16,4.80,12.30,8.30,13.00
3506668,KRO NSA SLC PEAR JCE CONC     ,G4HR55              ,7,17,4.70,12.20,9.10,13.40
3502647,DOLE 100%JCE CHNK PNEAPLE     ,G4HR63              ,8,14,4.60,10.20,13.70,18.00
3505392,DOLE TG PNP SL NO SGR JCE     ,G4HR65              ,8,13,4.25,13.78,10.35,13.50
3503735,FSHR RAW CLOVER HONEY         ,G4HR73              ,5,17,6.63,10.00,8.94,19.50
3503917,JIF CRUNCHY PEANUT BUTTER     ,G4HR75              ,8,15,5.02,11.81,8.94,12.40
3500852,NTLA  GO HZLNT SPRD           ,G4HR83              ,4,22,6.81,10.40,7.48,4.40
3506416,DELMNT HS HALVES PEAR         ,G4HR85              ,2,20,4.94,12.31,8.25,13.25
3503260,OCSP JLLIED CRANBERRY SCE     ,G4HS02              ,12,8,4.00,18.00,12.00,25.70
3598468,KRO CLASSIC APPLESAUCE        ,G4HS12              ,5,12,7.25,14.50,10.00,19.80
3505537,DOLE PNAPL TDBTS              ,G4HS22              ,11,13,4.30,13.25,10.00,7.50
3501663,KRO SLCD PINEAPPLE JCE        ,G4HS32              ,10,14,4.50,13.75,10.25,17.50
3598692,KRO APPLESAUCE REG CUPS       ,G4HS53              ,5,10,7.00,18.50,9.25,21.20
3505060,DOLE TRPCL FRT PINAP PAPY     ,G4HS63              ,9,11,4.63,13.75,10.25,13.31
3501236,KRO JELLIED CRNBRY SCE SA     ,G4HS73              ,12,17,4.13,12.13,9.13,13.00
3502193,DLMNT FRTCP SN NSGA VR PK     ,G4HS83              ,13,34,3.94,6.25,8.63,3.46
3500078,MOTTS NATURAL APPLESAUCE      ,G4HT02              ,5,10,7.20,18.50,9.20,24.80
3598563,STO UNSWTND APPLSC ORG        ,G4HT12              ,6,10,5.91,17.76,14.25,19.00
3505535,DOLE DCD MANGOS               ,G4HT22              ,11,13,4.30,13.25,10.00,7.50
3501299,KRO WHL CRANBRRY SAUCE SA     ,G4HT32              ,12,17,4.13,12.13,9.13,13.00
3598993,STO MARINARA PASTA SAUCE      ,G4HT53              ,4,15,6.35,13.91,7.13,18.70
3590803,KRO CARAMEL DIP               ,G4HT63              ,7,12,6.18,14.25,9.50,12.62
3591563,MOTTS APPLSCE NSA PCH         ,G4HT73              ,8,12,5.88,13.31,10.50,12.39
3598636,STO CINN APPLESAUCE 6CT       ,G4HT83              ,5,10,7.00,18.50,9.25,21.20
3505578,DOLE PINEAPPLE SLIC           ,G4HU02              ,7,11,4.63,13.75,10.25,17.49
3502860,DOLE PCHS IN STRW GEL 4CT     ,G4HU04              ,7,13,4.50,13.00,10.00,7.50
3503743,FSHR RAW UNFLTRD HONEY        ,G4HU12              ,6,17,6.63,10.00,8.94,19.50
3501352,DOLE 100%JCE CRSH PNEAPLE     ,G4HU14              ,10,14,2.10,13.70,10.30,8.00
3598588,KRO CINNAMON APPLESAUCE       ,G4HU22              ,5,12,7.25,14.50,10.00,19.80
3580389,DOLE NSGA MNDRN ORNGE 4CT     ,G4HU24              ,6,13,4.30,10.00,13.20,7.50
3577112,JIF NTRL CRUNCHY PB SPRD      ,G4HU32              ,5,15,6.72,16.10,8.13,21.40
3505566,DELMNT BBBL FRT APP           ,G4HU34              ,9,12,3.93,14.00,10.50,8.00
3506684,KRO PEAR HLVS JUICE CONC      ,G4HU53              ,4,17,9.20,12.20,9.10,26.60
3502825,DOLE DCD PCHS IN JCE 4CT      ,G4HU55              ,8,13,4.30,13.00,10.00,7.10
3598307,DOLE NSGA PNAPL TDBTS 4CT     ,G4HU63              ,8,13,4.30,13.25,10.00,7.50
3597385,MOTTS MG SF HNCRS APL SCE     ,G4HU65              ,4,12,5.75,13.31,10.63,12.42
3506688,KRO SLCD PEARS JCE CONC       ,G4HU73              ,3,17,9.20,12.20,9.10,26.60
3505903,DOLE FRUIT BOWLS PC MN CH     ,G4HU75              ,9,38,4.17,8.23,5.95,3.58
3505340,DOLE TG PNP CHK NO SGR JC     ,G4HU83              ,9,13,4.25,13.78,10.35,13.50
3505542,DELMNT MAND ORG NSA 12PK      ,G4HU85              ,5,34,4.00,10.13,6.88,3.70
3501072,DOLE LF PCHCRM PRFT 4CT       ,G4HV02              ,8,13,4.50,13.00,10.00,8.00
3501323,DOLE DCD PEARS IN JC 4CT      ,G4HV04              ,7,13,4.30,13.20,10.00,7.50
3592558,DELMNT NSGA MDRN ORGE 4CT     ,G4HV12              ,9,12,3.93,14.00,10.50,7.40
3501649,DELMNT NSGA DCD PEARS 4CT     ,G4HV14              ,8,12,3.90,14.00,10.30,7.40
3503757,KELLEYS UNFLTRD ORG HONEY     ,G4HV22              ,5,30,6.88,6.88,6.75,9.60
3501766,KRO PINEAPPLE TIDBITS JC      ,G4HV24              ,7,14,4.77,13.66,10.16,17.50
3501096,DOLE 100%JCE MNDRN ORANGE     ,G4HV32              ,5,21,6.00,13.00,7.00,13.00
3502240,DELMNT LS MNDRN ORNG 4CT      ,G4HV34              ,8,12,4.00,14.00,10.80,7.40
3504999,KRO NATURAL APPLESCE 6CT      ,G4HV53              ,5,10,7.00,18.50,9.30,21.50
3505395,DOLE VARTY PCK MX FRT CUP     ,G4HV55              ,9,37,4.17,8.23,5.95,3.81
3598199,KRO APPLESAUCE STRBRY CUP     ,G4HV63              ,5,10,6.93,18.94,9.49,21.20
3592557,DELMNT NSGA DCD PEACH 4CT     ,G4HV65              ,8,12,3.93,14.00,10.50,7.40
3503958,JIF CRN PNT BTR  CHOC         ,G4HV73              ,8,15,5.02,11.81,8.94,12.40
3590567,MOTTS AS CINN NS CLR PCH      ,G4HV75              ,5,12,6.40,13.31,10.63,11.55
3506423,DELMNT PFC PEACHES LS         ,G4HV83              ,8,25,3.75,10.13,6.88,3.80
3501324,DOLE MXD FRT CHRY GEL 4CT     ,G4HV85              ,8,13,4.30,13.00,10.00,8.00
3501885,MHLM FRIED APPLE CINNAMON     ,G4HW02              ,6,17,5.60,12.00,9.29,12.92
3505509,DOLE NSGA PCHS IN WTR 4CT     ,G4HW04              ,8,13,4.30,13.25,10.00,7.50
3500214,MOTTS APPLESAUCE              ,G4HW12              ,5,10,7.20,18.50,9.20,25.80
3501537,DOLE 100%JCE CHNK PNEAPLE     ,G4HW14              ,15,14,2.10,13.70,10.30,8.00
3503264,OCSP WHOLE CRANBERRY SCE      ,G4HW22              ,9,8,4.00,18.00,12.00,25.70
3505539,DOLE FRT BWL PCH/STRWBRY      ,G4HW24              ,8,38,4.17,8.23,5.95,3.81
3503489,KRO SLICED PEACHES ELS        ,G4HW32              ,5,8,7.13,18.88,12.42,46.00
3506012,DOLE PINEAPPLE TIDBITS        ,G4HW34              ,8,38,4.17,8.23,5.95,3.58
3503962,JIF DRK RST CRMY PNT BTR      ,G4HW53              ,8,15,5.02,11.81,8.94,12.40
3505514,DOLE PINEAPPLE CHUN           ,G4HW55              ,7,11,4.63,13.75,10.25,17.49
3500995,MOTTS CINNAMON APPLESAUCE     ,G4HW63              ,5,10,7.25,18.50,9.25,25.80
3594471,MOTTS APLSCE POUCH 12CT       ,G4HW65              ,5,12,6.40,13.31,10.63,11.50
3598076,MOTTS SG APPLESAUCE 12CT      ,G4HW75              ,5,12,5.75,13.31,10.63,11.50
3590760,MOTTS APLS STRBY PCH 12CT     ,G4HW85              ,5,12,6.40,13.31,10.63,11.50
3596897,MSLMN BIG CUP APLSCE 4CT      ,G4HX24              ,6,7,5.25,17.75,13.25,10.30
3502917,JIF NO ADDED SUGAR PEANUT     ,G4HX32              ,6,15,6.24,16.13,8.13,17.75
3594021,KRO APLS PCH VTY NSA 12PK     ,G4HX34              ,6,15,6.30,13.46,8.27,8.40
3504889,MOTTS CINN APPLESAUCE 6CT     ,G4HX53              ,5,10,7.00,19.00,9.30,20.20
3596895,MSLMN BG CP CIN APLSC 4CT     ,G4HX55              ,7,7,5.25,13.13,9.19,10.30
3505394,DOLE VRTY PCK MX FRT JUCE     ,G4HX65              ,9,37,4.17,8.23,5.95,3.58
3501457,BARLLA SW  SPC PEPPR SCE      ,G4JA73              ,9,31,4.06,5.20,10.24,6.37
3594196,KRO FRT YGRT PCH SB 12CT      ,G4JA75              ,6,15,6.30,13.46,8.27,8.40
3594559,KRO APLS PCH VTY NSA 24PK     ,G4JA83              ,6,12,5.79,12.20,10.63,10.90
3594597,KRO FRT YGRT PCH BB 12CT      ,G4JA85              ,6,15,6.30,13.46,8.27,8.40
3595371,STO APLSCE UNSWT PCH 12CT     ,G4JB02              ,5,15,6.30,13.46,8.27,8.40
3595007,KRO CLSC APL PCH NSA 24PK     ,G4JB04              ,6,12,5.79,12.20,10.63,10.90
3594470,MOTTS STRAWBRY APLSCE 6CT     ,G4JB12              ,5,10,6.69,18.75,9.12,21.00
3596850,MOTTS 3FLV NSGR VP 12PK       ,G4JB14              ,6,12,5.88,13.31,10.50,12.45
3504428,RAGU CU SMPLY RSTD GARLIC     ,G4JB22              ,5,20,6.72,11.38,7.38,13.97
3594829,STO CINN APLSC PCH 12CT       ,G4JB24              ,6,15,6.30,13.46,8.27,8.40
3504888,MOTTS NTRL APPLESAUCE 6CT     ,G4JB32              ,5,10,7.00,18.00,9.50,18.90
3594418,MOTTS MNGO PCH APLSCE 6CT     ,G4JB53              ,5,10,6.50,18.15,9.63,20.30
3590542,KRO CIN APLS PCH NSA 12CT     ,G4JB55              ,6,15,6.30,13.46,8.27,8.40
3598583,STO UNSWT APPLESAUCE          ,G4JB63              ,5,10,7.00,18.50,9.25,21.20
3594822,KRO FRT VEG PCH SZPS 12CT     ,G4JB65              ,6,15,6.30,13.46,8.27,8.40
3504887,MOTTS APPLESAUCE 6CT          ,G4JB73              ,5,10,7.00,19.00,9.30,20.30
3598463,KRO UNSWT APPLESAUCE          ,G4JB83              ,5,12,7.09,14.17,9.65,19.00
3597723,KRO APPLESAUCE CINN CUPS      ,G4JB85              ,5,10,7.00,18.50,9.25,21.20
3591592,SNACK PACK GEL BLUE SOUR      ,G4JC02              ,8,9,4.75,16.69,11.56,11.57
3591594,SNACK PACK GEL FANTA ORAN     ,G4JC12              ,8,9,4.75,16.69,11.56,11.57
3585926,MOTTS AS CINN NS TUB 6PK      ,G4JC22              ,6,10,6.95,18.15,9.62,19.50
3501602,SNKPK CHOC VAN PDNG 12CT      ,G4JC32              ,6,8,8.00,17.60,11.30,17.60
3503569,SKPY CREAMY PEANUT BUTTER     ,G4JC53              ,7,17,5.00,12.25,9.25,12.99
3502310,SNKPK TAPIOCA PUDDING 4CT     ,G4JC63              ,8,9,4.70,16.70,11.40,11.40
3595089,SNKPK DOV DRK CH PDNG 6CT     ,G4JC73              ,8,9,4.75,16.69,11.56,11.45
3501965,SNACKPACK LEMON PUDDING 4     ,G4JC83              ,8,9,5.00,11.00,16.50,11.40
3595108,SNKPK SPLSH STRW GLS 4PK      ,G4JD02              ,8,9,4.75,16.75,11.44,11.69
3595141,SNKPK JCY GLS ORNG 4PK        ,G4JD12              ,8,9,4.75,16.75,11.44,11.69
3502626,SNKPK CHOC FDGE PDNG 12CT     ,G4JD22              ,4,8,8.00,17.00,11.30,17.60
3502348,SNKPK BTRSCTCH PDNG 4CT       ,G4JD32              ,8,9,5.00,11.00,16.50,11.40
3502139,SNKPK JCY GLS STRWBRY 4CT     ,G4JD53              ,8,9,5.00,11.70,16.00,11.10
3502284,SNKPK VANILLA PUDDING 4CT     ,G4JD63              ,9,9,5.00,16.70,11.40,11.40
3502417,SNKPK SGF VANLLA PDNG 4CT     ,G4JD73              ,8,9,4.80,16.90,11.20,11.40
3509522,SWTSU CHKN  DUMPLINGS         ,G4JD83              ,8,10,4.00,16.10,12.00,22.00
3594024,KRO STR APL PCH NSA 12CT      ,G4JF12              ,6,15,6.30,13.46,8.27,8.40
3500152,STRKST CHNK LT TUNA WTR       ,G4JF73              ,16,28,2.69,10.50,7.00,4.45
3590249,STO SPICY MARINARA SAUCE      ,G4JF83              ,6,15,6.35,13.94,7.13,18.00
3591048,BTYC SPDRMN FS 10CT           ,G4JG02              ,5,20,8.00,12.00,8.00,5.13
3501238,SNKPK CHO  VAN PDNG 4CT       ,G4JG12              ,8,9,4.70,16.70,11.40,11.40
3501317,SNKPK CHOC FDGE PDNG 4CT      ,G4JG22              ,9,9,4.70,16.70,11.40,11.40
3502265,SNKPK CHOCOLATE PDNG 4CT      ,G4JG32              ,6,9,4.70,16.70,11.40,11.40
3502098,SNKPK JCY GLS SF CHRY 4CT     ,G4JG53              ,8,9,4.70,17.00,11.50,11.10
3502138,SNKPK JCY GLS STRW ORANGE     ,G4JG63              ,9,9,4.70,16.70,11.40,11.10
3502384,SNKPK SGF CHOC PDNG 4CT       ,G4JG73              ,9,9,4.70,16.70,11.40,11.40
3502590,SNKPK BNNA CREAM PDNG 4CT     ,G4JG83              ,6,9,4.70,16.70,11.40,11.40
3594286,SNCK PCK SGRF STRWBRY 4CT     ,G4JH02              ,8,9,4.75,16.69,11.56,11.52
3502039,SNKPK JCY SGF GLS STRW OR     ,G4JH12              ,8,9,4.70,16.70,11.40,11.10
3501617,SNKPK MILK CHOC PUDDING 4     ,G4JH22              ,6,9,4.70,16.70,11.40,11.40
3591320,BTYC FRT BLUEY SNKS 40CT      ,G4JH32              ,5,15,9.75,16.00,7.75,9.65
3597835,FRT RLUP SOUR                 ,G4JH53              ,6,20,7.87,12.00,8.00,4.50
3591442,MOTTS FRUIT SHAPES 40CT       ,G4JH63              ,5,15,10.00,16.00,8.00,12.00
3591319,BTYC FRT SCBY SNKS 40CT       ,G4JH73              ,5,15,9.75,16.00,7.75,9.65
3598952,BTYC FRT SNK STCH 10CT        ,G4JH83              ,4,20,7.87,12.00,8.00,5.13
3504739,PRSL ROASTED GARLIC SAUCE     ,G4JJ02              ,7,23,6.03,10.25,6.86,14.00
3504745,PRSL MARINARA SAUCE           ,G4JJ12              ,7,23,6.03,10.28,6.86,14.00
3594777,MOTTS ANM AST FF SNK 40CT     ,G4JJ22              ,5,15,9.75,16.00,7.75,9.65
3597911,BTYC SCB FRT FLV SNK 22CT     ,G4JJ32              ,5,18,9.75,13.75,7.50,8.20
3598337,BTYC FSNK SNC HDGHG 22CT      ,G4JJ63              ,3,18,9.75,13.75,7.50,8.00
3596885,BTYC FG MF FRT SNCK 22CT      ,G4JJ83              ,5,18,9.75,13.75,7.50,8.00
3593815,BTYC FRT FSN VRTY PK 16CT     ,G4JK04              ,4,21,8.65,13.50,6.70,5.80
3590369,FBTF VARIETY PACK FS 12CT     ,G4JK12              ,4,20,9.00,16.00,7.75,5.20
3594513,BTYC FRT SNK BLUEY 10CT       ,G4JK14              ,4,20,7.87,12.00,8.00,5.12
3594985,MOTTS MDLY ASRTD SNK 10CT     ,G4JK22              ,4,20,8.00,12.12,7.18,5.10
3594989,BTYC SPONGE BOB FS 10CT       ,G4JK24              ,4,20,8.00,12.12,7.18,5.10
3503213,RAGU OLD STYL TRDTNL          ,G4JK32              ,4,15,8.00,13.00,8.60,18.30
3584809,GUSHERS FRT SNK VAR 6CT       ,G4JK34              ,5,20,7.87,12.00,8.00,4.50
3584810,FRT GSHR TRPCL FT SNK 6CT     ,G4JK53              ,4,20,8.87,12.00,8.00,4.50
3584803,FBTF BRRY TIE DYE FS 6CT      ,G4JK55              ,5,20,7.00,12.00,8.00,4.10
3594326,BTYC JRNCHR FRT RLUP 10CT     ,G4JK63              ,5,20,8.00,12.12,7.18,4.30
3595044,FRT RLUP STWBRY SEN 10CT      ,G4JK65              ,4,20,8.00,12.12,7.18,4.30
3584804,FBTF VARIETY FRT SNK 6CT      ,G4JK75              ,5,20,7.00,12.00,8.00,4.10
3510788,PRGO TRADTNAL ITAL SAUCE      ,G4JK83              ,6,16,5.30,12.00,9.00,15.50
3590096,BTYC VRTY FRUIT SNCKS 8CT     ,G4JK85              ,4,20,7.87,12.00,8.00,4.00
3595803,BTYC PIXAR FRT SNCKS 10CT     ,G4JL02              ,4,20,7.87,12.00,8.00,5.13
3577069,CLSC RSTD GARLIC PSTA SCE     ,G4JL12              ,5,14,6.70,14.00,10.30,30.20
3501876,BRTL MUSHRM ALFREDO SAUCE     ,G4JL22              ,5,15,6.00,12.18,9.17,19.40
3597885,BTYC FG WTRMLN SOUR APPLE     ,G4JL24              ,4,20,7.87,12.00,8.00,4.33
3510709,RAGU SAUTEED ONGRLC SCE       ,G4JL32              ,5,11,7.25,14.00,11.00,28.60
3597836,MOTTS BRRY FRT SNKS 40CT      ,G4JL34              ,4,15,9.75,16.00,7.75,9.65
3597886,BTYC FRT SNK MINCRFT 10CT     ,G4JL53              ,4,20,7.87,12.00,8.00,5.12
3597891,BTYC FRT SNK MOANA 10CT       ,G4JL55              ,4,20,7.87,12.00,8.00,5.12
3578205,CLSC ITL SG PPR ON PST SC     ,G4JL63              ,5,14,7.00,13.10,9.70,28.30
3515300,CLSC VODKA PASTA SAUCE        ,G4JL73              ,5,14,6.50,14.00,10.50,28.20
3504747,PRSL VODKA SAUCE              ,G4JL83              ,5,23,6.03,10.28,6.86,14.00
3594322,FRT GSHR MEGA PK 20CT         ,G4JL85              ,3,18,9.75,13.75,7.50,7.40
3500437,KRO TRAD PASTA SAUCE          ,G4JM02              ,6,11,5.50,11.88,10.75,28.20
3590391,FBTF VARIETY PACK 30 CT       ,G4JM04              ,3,18,9.75,13.75,8.00,7.00
3510816,RAGU OLD STYL TRAD SAUCE      ,G4JM12              ,5,11,7.25,14.50,10.50,28.20
3502592,PRGO TRAD ITALIAN SAUCE       ,G4JM22              ,4,12,8.60,15.60,11.00,27.80
3503492,PRGO FRSH MSHRM ITLIN SCE     ,G4JM32              ,4,12,9.00,15.63,10.19,27.60
3500498,KRO MARINARA PASTA SAUCE      ,G4JM53              ,6,11,5.50,11.88,10.75,28.20
3506605,KRO HH LS BFY PST SCE         ,G4JM63              ,4,11,7.50,14.00,10.25,28.20
3501756,RAGU DBL CHDR CHSY SAUCE      ,G4JM73              ,7,14,5.92,12.75,9.40,20.50
3500380,KRO TRAD PASTA SAUCE          ,G4JN02              ,4,14,7.50,13.06,8.68,23.30
3510824,CLSC SPCY RD PPR PSTA SCE     ,G4JN12              ,5,14,7.00,12.40,10.50,28.10
3506602,KRO NS BFY PASTA SCE          ,G4JN22              ,6,11,6.17,11.88,10.75,28.20
3595011,BTYC FRT RLLUP VRTY 10CT      ,G4JN24              ,4,20,8.00,12.12,7.18,4.30
3500404,MRKT CORNED BEEF HASH         ,G4JN32              ,8,16,4.50,12.00,9.10,12.70
3500500,KRO 6 CHEESE PASTA SAUCE      ,G4JN53              ,6,11,6.00,14.19,10.69,28.20
3502475,BRTL SAUCE GRLC VDKA          ,G4JN63              ,5,22,6.91,10.63,6.96,14.10
3503474,BARLLA PESTO GENOVESE         ,G4JN73              ,8,31,4.06,5.20,10.24,6.17
3510081,BRTL OLIVE OIL  GRLC SCE      ,G4JN83              ,4,12,7.50,13.80,10.30,26.90
3501871,BARILLA VEGAN PESTO           ,G4JP22              ,11,31,4.06,5.20,10.24,6.46
3504353,BRTL MARINRA HRBGRLC SCE      ,G4JP32              ,5,22,6.67,10.63,6.75,14.00
3500032,RAOS HMD ARBT HT SCE          ,G4JP53              ,4,20,7.00,7.50,6.00,19.00
3515310,CLSC TRAD SWT BSL PST SCE     ,G4JP63              ,5,14,7.00,13.30,9.80,27.20
3502816,RAGU CHKY TM GAR ON PST       ,G4JQ02              ,4,12,8.62,15.08,9.80,26.35
3515119,CLSC SPCY TM  BSL PST SC      ,G4JQ12              ,5,14,7.00,13.30,9.80,27.00
3500014,PRGO CHKY GDN CMB ITL SCE     ,G4JQ73              ,5,11,6.80,13.90,10.60,26.50
3504737,PRSL ARRABBIATA SAUCE         ,G4JQ83              ,5,23,6.03,10.28,6.86,14.00
3505515,PRGO TOM BSL GAR ITL SCE      ,G4JR02              ,5,11,6.80,13.90,10.60,26.90
3510200,CLSC FR RST TM GRL PST SC     ,G4JR12              ,5,14,6.50,12.60,10.50,27.00
3506591,PRGO MARINARA SAUCE           ,G4JR22              ,5,11,6.56,13.90,10.25,27.10
3510737,BRTL TOMATO  BASIL SAUCE      ,G4JR32              ,5,12,7.00,13.50,10.30,26.90
3515101,CLSC FOUR CHEESE PSTA SCE     ,G4JR53              ,5,14,6.70,14.00,10.00,26.00
3510832,CLSC TMTO  BASL PSTA SCE      ,G4JR73              ,5,14,7.00,13.00,10.00,26.20
3500754,BARLLAL CRMY TMATO SCE        ,G4JR83              ,9,31,4.06,5.20,10.24,6.55
3501375,PRGO THREE CHS ITAL SAUCE     ,G4JS02              ,5,11,6.80,13.90,10.60,26.70
3500185,PRGO RSTD GRLC  HRB SCE       ,G4JS12              ,6,11,6.50,13.60,10.10,26.70
3500413,KRO MARINARA PASTA SAUCE      ,G4JS22              ,5,14,7.50,13.06,8.68,23.30
3501694,RAGU CLSSC ALFREDO            ,G4JS32              ,5,22,7.12,10.50,6.90,13.27
3590756,STO TRADITIONAL PASTA SCE     ,G4JS53              ,6,15,6.35,13.94,7.13,18.00
3506154,RAGU OLD STYL TRAD SAUCE      ,G4JS63              ,5,16,5.27,11.60,8.72,16.46
3500157,BRTL CRMY BSL ALFRDO SCE      ,G4JS73              ,6,15,6.00,12.18,9.17,19.40
3511219,CLSC CREAMY ALFREDO SAUCE     ,G4JS83              ,6,17,6.00,12.00,9.00,20.00
3510727,RAGU CLSC ALFRDO CHSY SCE     ,G4JT53              ,6,14,6.00,13.00,9.50,21.10
3502375,HNTS RST GRLC  ONION SCE      ,G4JT63              ,7,14,5.40,13.70,10.30,20.60
3515068,CLSC 4 CHS ALFRD PSTA SCE     ,G4KA02              ,6,17,5.70,12.00,8.70,20.00
3504486,RAGU CCRTN GRLC PRMSN SCE     ,G4KA12              ,6,14,5.92,12.75,9.40,20.50
3501212,RAOS PIZZA SAUCE              ,G4KA14              ,3,29,5.19,9.13,6.30,7.30
3512987,CLSC SN DR TOM ALF PST SC     ,G4KA73              ,5,17,5.80,11.60,8.60,19.50
3502400,PREGO TRADITIONAL             ,G4KA83              ,4,16,8.25,12.88,8.56,19.01
3503251,PREGO FLAVORED WITH MEAT      ,G4KB02              ,4,16,8.25,12.88,8.56,19.01
3503491,CLSC ALFREDO RST GRLC SCE     ,G4KB12              ,6,17,5.70,11.90,8.70,18.70
3505420,CBAD CHEESE PIZZA KIT         ,G4KB14              ,4,12,8.00,12.80,10.10,14.30
3504801,PRGO HRT SMRT TRD ITL SCE     ,G4KB22              ,5,23,6.56,10.44,6.88,13.30
3505018,PRGO CHKY GDN TOM ON GRLC     ,G4KB32              ,4,16,8.25,12.88,8.56,18.97
3598862,STO VEGETABLE STOCK ORGNC     ,G4KB53              ,3,25,9.88,8.25,7.50,16.90
3504731,KRO TOM BASIL PASTA SAUCE     ,G4KB63              ,5,14,7.50,13.06,8.68,23.30
3503327,PRGO FR MSHRM PASTA SAUCE     ,G4KB73              ,4,16,8.25,12.88,8.56,19.00
3510725,RAGU CHKY GRDN CMBO SCE       ,G4KB83              ,5,11,6.50,14.50,10.50,28.40
3503626,KRO PIZZA CRUST MIX           ,G4KB85              ,5,16,8.00,20.30,6.00,8.80
3503597,KRO SPICY RED PEP PZA SCE     ,G4KC02              ,6,16,6.00,12.00,9.00,16.79
3505245,RAGU KTL RST GRLC PST SCE     ,G4KC12              ,5,11,6.72,14.23,10.73,27.87
3504043,CLSC FAM FAV TRADNL SAUCE     ,G4KC22              ,5,21,6.80,13.10,6.50,18.30
3503230,RAGU CHKY TM GR ON PST SC     ,G4KC32              ,4,15,8.00,13.50,9.00,18.30
3500031,KRO CHNKY PS MUSHRM/ONION     ,G4KC53              ,5,11,6.88,11.88,10.75,28.20
3505260,RAGU KTLE MARNRA PSTA SCE     ,G4KC63              ,5,11,6.72,14.23,10.73,27.87
3536153,BRTL GARLIC ALFREDO SAUCE     ,G4KC73              ,6,15,6.00,12.10,9.10,19.40
3503877,PRGO PIZZRA STYL PZZA SCE     ,G4KC83              ,6,16,5.30,12.00,9.00,16.30
3510850,RAGU HMMDE STYLE PZZA SCE     ,G4KD22              ,6,16,5.50,11.80,8.50,15.50
3501033,RAGU CHNKY GARDEN COMBO       ,G4KD32              ,4,15,7.94,13.63,9.00,18.30
3505685,PRGO SPICY MARINAR PST SC     ,G4KD53              ,5,23,6.56,10.44,6.88,14.96
3506152,BRTL FAM SZD  ALFREDO SCE     ,G4KD63              ,5,22,7.12,10.50,6.90,13.46
3503215,RAGU OLD STYL FLVR W/MEAT     ,G4KF02              ,4,15,8.00,13.50,9.00,18.30
3510706,RAGU SPR CHNKY MSHRM SCE      ,G4KF12              ,5,11,7.25,14.50,10.80,28.30
3502733,CLSC TRADTIONAL PIZZA SCE     ,G4KF73              ,8,15,4.80,12.50,9.40,17.50
3502529,PRGO NSA TRDTIONAL SAUCE      ,G4KF83              ,5,23,6.63,10.88,7.00,13.80
3597425,STO TOM BASIL PASTA SCE       ,G4KG02              ,5,15,6.35,13.91,7.13,18.70
3501622,PRGO RSTD GRLC PRM ALF SC     ,G4KG12              ,5,15,6.13,12.06,9.25,18.10
3501347,RAOS NRTL MARINARA SAUCE      ,G4KG22              ,4,11,7.00,14.00,10.50,28.30
3504405,BRTL ORG MAR W/ GARHERBS      ,G4KG32              ,5,22,6.91,10.63,6.96,14.10
3510735,BRTL ALFRD SCE W/AGD PARM     ,G4KG53              ,6,15,6.00,12.30,9.00,19.40
3510203,CLSC BASL PSTO SCE  SPRD      ,G4KG63              ,10,17,3.60,11.20,8.30,10.80
3500357,KRO PARM ROM PASTA SAUCE      ,G4KG73              ,6,11,6.00,11.88,10.75,28.20
3503611,BRTL OLV OL BSL  GRL SCE      ,G4KG83              ,4,22,6.91,10.63,6.96,14.10
3597135,ST VEGAN ALFREDO SAUCE        ,G4KH02              ,5,30,5.88,8.63,5.88,9.50
3504730,KRO TOM BASIL PASTA SAUCE     ,G4KH12              ,6,11,6.00,11.88,10.75,28.20
3506560,BRTL FIVE CHS PASTA SAUCE     ,G4KH22              ,5,22,6.91,10.63,9.96,14.10
3506322,HRML BLK LABEL CHPD BACON     ,G4KH24              ,4,38,7.70,9.30,5.30,2.25
3556328,PROG CHICKEN FLVRD BROTH      ,G4KH32              ,4,15,8.62,14.37,7.50,25.69
3504871,PRGO GARLIC PARMESAN SCE      ,G4KH53              ,7,11,6.80,13.90,10.60,26.90
3501000,PRGO TRADTNAL ITAL SAUCE      ,G4KH63              ,7,11,6.80,13.90,10.60,26.70
3503141,RAGU TRADTNL PASTA SAUCE      ,G4KH73              ,5,12,8.60,15.00,9.80,26.40
3503148,RAGU OLD STYL FLVR W/MEAT     ,G4KH83              ,5,12,8.60,15.00,9.80,26.40
3500444,PRGO ITL SCE FLVRD W/MEAT     ,G4KJ02              ,7,11,6.80,13.90,10.60,26.70
3500114,PRGO CHKY GDN TOM ON GRLC     ,G4KJ12              ,7,11,6.80,13.90,10.60,26.70
3501361,PRGO FR MSHRM PASTA SAUCE     ,G4KJ22              ,7,11,6.80,13.90,10.60,26.70
3501618,PRGO ITL SG  GRLC MT SCE      ,G4KJ32              ,7,11,6.80,13.90,10.60,26.30
3510815,RAGU OLD STYL MT PSTA SCE     ,G4KJ53              ,6,11,7.25,14.50,10.60,26.20
3504728,KRO CHNKY PS GRNPPR MSHRM     ,G4KJ63              ,6,11,6.88,11.88,10.75,28.20
3503780,KRO RSTED GARLIC ALFREDO      ,G4KJ73              ,7,16,6.55,12.13,9.00,20.08
3503760,KRO ALFREDO SAUCE             ,G4KJ83              ,7,16,6.55,12.13,9.00,20.08
3503020,RAGU SMPLY TRDTNL SCE         ,G4KK02              ,5,20,6.72,11.38,7.38,13.97
3506162,PRGO RSTD GRLC PARM SAUCE     ,G4KK12              ,5,22,6.19,10.56,6.94,12.89
3500036,RAOS HMD TMT BSL SCE          ,G4KK22              ,4,20,7.00,7.50,6.00,19.00
3501363,HNTS TRAD SPAGHETTI SAUCE     ,G4KK32              ,8,14,5.40,13.70,10.30,20.60
3503778,KRO 4 CHEESE ALFREDO          ,G4KK53              ,7,16,6.55,12.13,9.00,20.08
3501329,RAOS ROASTED GARLIC SAUCE     ,G4KK63              ,4,20,7.00,11.00,7.50,19.00
3501627,HNTS ITL GRLC  HRB SAUCE      ,G4KK73              ,8,14,5.40,13.70,10.30,20.60
3501946,HNTS FOUR CHS PASTA SAUCE     ,G4KK83              ,8,14,5.40,13.70,10.30,20.60
3501130,BRTL TOMATO  BASIL SAUCE      ,G4KL02              ,6,22,6.67,10.63,6.75,13.96
3510712,RAGU CHKY TM GR ON PST SC     ,G4KL32              ,6,11,6.50,14.50,10.80,30.50
3591613,STO BASIL PESTO               ,G4KL53              ,10,48,4.13,4.72,6.89,4.50
3501972,PRGO CREAMY BASIL PESTO       ,G4KL63              ,7,15,6.13,12.06,9.25,18.08
3500403,RAOS ROASTED GARLIC SAUCE     ,G4KL73              ,4,11,7.00,14.00,10.00,30.00
3502785,BRTL VODKA SAUCE              ,G4KL83              ,6,22,6.91,10.63,6.96,14.10
3503431,KRO PARLOR STY PIZZA SCE      ,G4KM02              ,7,17,5.00,12.00,9.00,16.80
3500408,RAOS NRTL MARINARA SAUCE      ,G4KM12              ,4,20,7.00,7.50,6.00,19.00
3503556,BARLLA BASIL PESTO SAUCE      ,G4KM22              ,11,31,4.06,5.20,10.24,6.17
3502242,HNTS MEAT FLV PASTA SAUCE     ,G4KM32              ,8,14,5.40,13.70,10.30,20.60
3506153,BRTL FAM SZD GRL ALFR SCE     ,G4KM53              ,5,22,7.12,10.50,6.90,13.46
3500285,PRGO HMSTYL ALFRDO SAUCE      ,G4KM63              ,7,15,6.20,9.63,6.38,9.30
3501380,RAOS TOMATO BASIL SAUCE       ,G4KM73              ,4,11,7.00,14.00,10.50,30.00
3594721,PROG RS CHKN CRN CHWDR        ,G4KN02              ,8,14,4.56,14.00,10.50,16.39
3594720,OEP MEX STYL CHKN  RICE       ,G4KN12              ,10,14,4.56,14.00,10.50,16.39
3555957,KRO FAT FREE VEG BROTH        ,G4KN22              ,5,25,8.25,9.88,7.50,16.50
3506160,PRGO HMSTYL ALFRDO SAUCE      ,G4KN32              ,6,11,6.25,14.00,10.38,25.78
3504746,PRSL TOMATO BASIL SAUCE       ,G4KN53              ,7,23,6.03,10.28,6.86,14.00
3555390,SWNS UNSLT CHICKEN STOCK      ,G4KN63              ,5,15,8.81,14.75,7.69,25.74
3500386,SWNS BEEF COOKING STOCK       ,G4KN73              ,4,15,8.50,14.50,8.60,26.50
3555356,SWNS CHK BONE BROTH           ,G4KN83              ,5,15,8.81,14.75,7.69,25.69
3555737,SWNS NG FF LS CHKN BROTH      ,G4KP02              ,5,15,8.00,12.50,9.50,25.40
3500412,SWNS NAT CHICKEN STOCK        ,G4KP12              ,5,15,8.60,14.50,7.60,26.50
3505135,PREGO ITAL SAUSAGE GAR        ,G4KP22              ,6,16,8.25,12.88,8.56,18.58
3555584,KRO 99% FF CHICKEN BROTH      ,G4KP32              ,5,20,8.13,9.50,9.50,19.00
3555015,SWNS 99% FF CHICKEN BROTH     ,G4KP53              ,5,15,8.25,12.50,9.50,25.30
3590709,PROG MDTR STYL LENTL SOUP     ,G4KP63              ,10,14,4.56,14.00,10.50,16.74
3502908,SWNS 99% FF BEEF BROTH        ,G4KP73              ,5,15,9.00,14.75,7.50,25.60
3556917,SWNS NTRL FF BEEF BROTH       ,G4KP83              ,5,15,7.94,12.63,9.75,25.21
3502709,SWNS 99% FF NAT CHKN BRTH     ,G4KQ02              ,4,15,8.88,14.50,7.50,25.40
3555304,SWNS UNSLT CHICKEN BROTH      ,G4KQ12              ,4,15,8.63,14.69,7.81,25.67
3503093,PROG VC FRENCH ONION SOUP     ,G4KQ14              ,8,14,4.50,14.00,10.50,16.40
3502789,SWNS NG FF LS CHKN BROTH      ,G4KQ22              ,4,15,9.00,14.75,7.50,25.40
3500353,CAMP SOG CHKN MINI NDL SP     ,G4KQ24              ,5,28,4.50,11.00,5.50,6.50
3596257,GRDN PB CKN NDL SUP VEGAN     ,G4KQ32              ,8,16,4.56,12.13,9.19,13.00
3501205,PROG TRAD CHKN HRB DMPLNG     ,G4KQ34              ,8,14,4.56,14.00,10.50,16.40
3598848,STO CHICKEN BROTH ORGANIC     ,G4KQ53              ,5,25,8.25,9.88,7.50,16.90
3598857,STO CHICKEN STOCK ORGANIC     ,G4KQ63              ,5,25,8.25,9.88,7.50,16.90
3555188,KRO FF CHICKEN STOCK          ,G4KQ73              ,5,25,8.25,9.88,7.50,16.90
3502836,SWNS 99% FF CHICKEN BROTH     ,G4KQ83              ,4,15,8.88,14.75,8.00,25.60
3502407,KRO CHICKEN RICE SOUP         ,G4KR02              ,8,10,4.00,16.25,10.75,18.60
3594827,PROG HRTY GRAIN VEG SOUP      ,G4KR12              ,7,14,4.56,14.00,10.50,16.74
3500589,PROG RH CHKNHMSTYL NDLE       ,G4KR14              ,8,14,4.50,14.00,10.00,15.80
3510862,RAGU PRMSN RMNO PSTA SCE      ,G4KR22              ,5,11,6.50,14.50,10.80,29.30
3502441,CAMP CHNKY CHILI RDHS BWL     ,G4KR34              ,10,12,3.50,16.70,8.50,8.90
3506155,RAGU KTL CKD PST SCE HRB      ,G4KR53              ,5,20,6.63,11.00,7.25,13.89
3556537,KRO 50% LS BEEF BROTH         ,G4KR63              ,5,25,8.25,9.88,7.50,16.50
3556532,KRO FF BEEF BROTH             ,G4KR73              ,5,25,8.25,9.88,7.50,16.50
3555049,KRO 34% LS CHICKEN BROTH      ,G4KR83              ,5,25,8.25,9.88,7.50,16.90
3500354,CAMP TOMATO SOUP FS           ,G4KS02              ,6,15,5.80,12.80,9.50,20.00
3594857,PROG BROC CHS BRWN RICE       ,G4KS04              ,6,14,4.56,14.00,10.50,15.87
3595559,STO LS VEGETABLE BROTH        ,G4KS12              ,4,25,8.25,9.88,7.50,16.50
3500873,PROG LT SAVORY VEG BARLEY     ,G4KS14              ,8,14,4.50,14.00,10.00,16.50
3502732,SWNS FF LS BEEF BROTH         ,G4KS22              ,4,15,8.88,14.50,7.50,25.40
3595937,STO BEEF BROTH                ,G4KS32              ,4,25,8.25,9.88,7.50,16.50
3500315,CAMP CHNKY CHICKEN DMPLNG     ,G4KS34              ,8,12,3.30,17.00,8.50,8.70
3590447,STO CHICKEN BONE BROTH        ,G4KS53              ,5,25,8.25,9.88,7.50,16.90
3508764,CAMP CHCKN NDLE SOUP CUP      ,G4KS63              ,6,10,8.20,16.00,10.80,38.50
3590302,STO BEEF BONE BROTH           ,G4KS73              ,5,25,8.25,9.88,7.50,16.90
3508673,CAMP TOMATO SOUP              ,G4KS83              ,6,10,8.20,16.00,10.70,35.20
3598850,STO LS CHICKEN BRTH ORGNC     ,G4KT22              ,5,25,8.25,9.88,7.50,16.90
3504060,PROG RH LOADED POTATO BCN     ,G4KT32              ,8,14,6.00,10.50,14.00,16.40
3509858,SWNS 99% FF BEEF BROTH        ,G4KT53              ,8,8,4.50,17.70,11.70,24.90
3504585,KRO 99% FF BEEF BROTH         ,G4KT63              ,8,8,4.60,18.00,12.00,24.40
3500175,KRO FF LS CHICKEN BROTH       ,G4LA02              ,8,8,4.50,18.00,12.00,24.40
3555650,SWNS UNSLT BEEF BROTH         ,G4LA12              ,5,15,8.63,14.69,7.81,25.59
3500730,KRO JASMINE RICE              ,G4LA73              ,4,13,8.25,16.25,8.19,25.50
3590488,STO BEEF STOCK                ,G4LA83              ,5,25,8.25,9.88,7.50,16.90
3509860,SWNS NG FF LS CHKN BROTH      ,G4LB02              ,10,8,4.80,17.80,11.80,23.10
3508659,KRO 99% FF CHICKEN BROTH      ,G4LB12              ,8,8,5.00,18.00,12.00,23.30
3555236,KRO 34% LS CHICKEN BROTH      ,G4LB22              ,5,20,8.13,9.50,9.50,19.00
3500599,KRO CLSC TOMATO SOUP          ,G4LB32              ,8,14,5.63,16.38,12.06,22.60
3505199,PROG TRAD MNHTN CLAM CHWD     ,G4LB53              ,10,14,4.50,14.00,10.50,16.60
3556317,KRO 99% FF CHICKEN BROTH      ,G4LB63              ,5,25,8.25,9.88,7.50,16.50
3500347,CAMP CHICKEN NOODLE SP FS     ,G4LB73              ,6,15,5.80,12.80,9.50,19.30
3500839,KRO 98% FF CRM CHKN SOUP      ,G4LB83              ,12,10,4.06,16.31,10.88,19.00
3500871,KRO 98% FF CRM MUSH SOUP      ,G4LC02              ,12,10,4.06,16.31,10.88,19.00
3501014,CAMP CHICKEN NOODLE 4CT       ,G4LC12              ,12,10,4.13,16.13,10.75,18.90
3596761,STO UNSALT CHK BONE BROTH     ,G4LC22              ,5,25,8.25,9.88,7.50,16.50
3556358,KRO FF BEEF STOCK             ,G4LC32              ,4,25,9.88,8.25,7.50,16.50
3590708,PROG PRTN STWST STY BK BN     ,G4LC53              ,10,14,4.56,14.00,10.50,16.39
3503278,CPRI SN 100% JCE FRT VEG      ,G4LC63              ,6,12,5.56,15.00,9.50,17.68
3500665,CAMP TOMATO SOUP 4CT          ,G4LC73              ,12,10,4.13,16.13,10.75,18.90
3594741,OEP CHKN TORTILLA SOUP        ,G4LC83              ,10,14,4.56,14.00,10.50,16.39
3500385,CAMP CREAM OF MUSHROOM FS     ,G4LD02              ,6,15,5.80,12.80,9.50,19.70
3500372,CAMP CREAM OF CHICKEN FS      ,G4LD12              ,6,15,5.80,12.80,9.50,19.70
3503380,CAMP HR TOMATO SOUP           ,G4LD14              ,8,20,4.13,10.75,8.25,9.40
3590697,PROG CHCKPEA N NODLE SOUP     ,G4LD22              ,10,14,4.56,14.00,10.50,16.39
3581624,PROG LGHT CRMY CHKN NDDL      ,G4LD32              ,10,14,4.56,14.00,10.50,16.39
3503261,CPRI SN FRT PUNCH 10CT        ,G4LD53              ,6,12,5.56,15.00,9.50,17.14
3590343,PROG TRAD HMSTY CHKN NDLE     ,G4LD55              ,8,14,4.50,13.75,10.50,16.70
3508674,KRO CHICKEN  RICE SOUP        ,G4LD63              ,8,10,4.20,16.60,11.00,19.50
3581627,PROG LGHT ITLN WED SP         ,G4LD65              ,7,14,4.56,14.00,10.50,16.39
3508671,KRO CREAM OF CELERY SOUP      ,G4LD73              ,8,10,4.10,16.00,11.00,19.50
3500889,PROG RS CHICKEN  WLD RCE      ,G4LD75              ,7,14,4.50,14.00,10.00,16.70
3500894,KRO HRT HLTHY CND CR CHK      ,G4LD83              ,8,10,4.50,16.31,10.88,19.00
3598854,CAMP CHNKY CRMY CHCK SOUP     ,G4LD85              ,6,15,5.06,12.81,9.50,16.18
3506994,CAMP CREAM OF MSHROOM 4CT     ,G4LF02              ,6,10,4.13,16.13,10.75,18.90
3500533,PROG VC GREEN SPLIT PEA       ,G4LF04              ,8,14,4.50,14.00,10.50,16.70
3500130,KRO TOMATO SOUP               ,G4LF12              ,8,10,4.13,16.38,10.88,18.80
3596318,PROG SOUP RH IT SSGPOT        ,G4LF14              ,8,14,4.56,14.00,10.50,16.39
3507666,KRO BEAN W/BACON SOUP         ,G4LF22              ,8,10,4.30,16.30,10.80,18.70
3500674,PROG 99%FF CHICKEN NOODLE     ,G4LF24              ,8,14,4.50,14.00,10.50,16.70
3505854,CAMP SOUP CHICKEN NOODLE      ,G4LF32              ,8,10,4.13,16.13,10.75,18.62
3596302,GRDN PB CH RC SOUP VEGAN      ,G4LF34              ,7,16,4.56,12.13,9.19,13.00
3506993,CAMP CRM OF CKN SOUP 4CT      ,G4LF53              ,8,10,4.13,16.13,10.75,18.60
3596713,PROG PTMST HRT SMKHS STY      ,G4LF55              ,8,14,4.56,14.00,10.50,16.39
3502600,KRO RS CHKN NOODLE SOUP       ,G4LF63              ,8,10,4.00,16.30,10.80,18.50
3500414,CAMP CRM OF CHCKN W/HERBS     ,G4LF65              ,6,20,4.00,11.00,8.10,9.30
3502451,KRO CREAM OF CHICKEN SOUP     ,G4LF73              ,6,14,5.81,13.50,10.13,22.60
3502945,CAMP DBL NDL CHCKN BROTH      ,G4LF75              ,8,20,4.13,10.75,8.25,9.20
3506049,CAMP HS CHK NDL CD SP 4CN     ,G4LF83              ,9,10,4.13,16.13,10.75,18.42
3503321,CAMP CHNKY HR CHKN NDLE       ,G4LF85              ,6,15,5.00,12.80,9.50,15.40
3508784,CAMP CHNKY STEAK  POT SP      ,G4LG02              ,5,15,5.30,12.80,9.50,17.00
3505112,CAMP CHNKY CHDBCN BKD PT      ,G4LG04              ,6,15,5.00,13.00,9.50,15.50
3508668,CAMP CHNKY POT CK BRC CHS     ,G4LG12              ,5,15,5.50,13.00,9.50,17.20
3500669,CAMP VEGETABLE SOUP           ,G4LG14              ,5,20,4.10,10.70,8.20,9.20
3508664,KRO CREAM OF CHICKEN SOUP     ,G4LG22              ,8,10,4.30,16.30,10.80,18.10
3508660,KRO VEGETABLE BEEF SOUP       ,G4LG32              ,9,10,4.30,16.00,10.80,17.90
3598212,CAMP CHNKY CRMY CHCKN NDL     ,G4LG53              ,7,15,5.00,12.88,9.50,16.24
3502442,CAMP CHNKY CHILI W BEANS      ,G4LG55              ,8,12,3.40,16.90,8.80,8.90
3503289,PROG RH CHKN CORN CHOWDER     ,G4LG63              ,7,14,4.50,13.70,10.40,16.50
3590743,PROG ORG CHICKEN NOODLE       ,G4LG65              ,8,17,4.56,12.37,9.25,13.10
3596009,RAOS CKN GNCCH SOUP           ,G4LG73              ,4,30,6.31,9.25,6.00,9.70
3501332,CAMP TOMATO BISQUE            ,G4LG75              ,9,20,4.13,10.94,8.13,9.40
3501962,CAMP CHNKY SVRY POT ROAST     ,G4LG83              ,6,15,5.00,13.00,9.50,16.40
3506958,CAMP CHNKY NE CLAM CHOWDR     ,G4LG85              ,6,15,5.50,13.00,9.00,15.50
3500973,CAMP CHNKY HR NE CLM CHDR     ,G4LH02              ,6,15,5.00,12.80,9.50,16.40
3507658,CAMP CHNKY CHICKEN DMPLNG     ,G4LH04              ,6,15,5.00,12.80,9.50,16.40
3508757,PROG VC VEGETABLE SOUP        ,G4LH12              ,8,14,4.50,13.80,10.30,17.00
3507680,PROG VC HRTY TOMATO SOUP      ,G4LH14              ,8,14,4.50,13.70,10.20,15.70
3501858,CAMP BEEF CONSOMME            ,G4LH22              ,8,20,4.00,10.00,8.00,9.20
3581621,PROG CRMY CHKN NDDL SP        ,G4LH24              ,7,14,4.56,14.00,10.50,16.39
3502702,PROG LT SANTA FE CHICKEN      ,G4LH32              ,7,14,4.50,14.00,10.50,16.70
3591789,CAMP CHNKY CHILI MAC SOUP     ,G4LH34              ,5,15,5.00,12.88,9.50,16.30
3500880,PROG RH NE CLAM CHOWDER       ,G4LH53              ,8,14,5.00,13.50,10.00,16.70
3503425,CAMP HR CREAM OF CHICKEN      ,G4LH55              ,8,20,4.13,10.75,8.25,9.20
3508713,PROG TRAD CHKNWILD RICE       ,G4LH63              ,8,14,4.50,13.80,10.30,17.00
3502944,CAMP CHICKEN RICE SOUP        ,G4LH65              ,8,20,4.13,10.75,8.25,9.20
3598738,PROG TRAD CHICKARINA SOUP     ,G4LH73              ,8,14,4.56,14.00,10.50,16.74
3504586,KRO VEGETABLE BROTH           ,G4LH75              ,8,8,4.50,18.00,12.00,23.50
3594769,RAOS CHICKEN ORZO S           ,G4LH83              ,6,30,6.00,9.50,6.38,9.62
3500360,CAMP CHNKY SSG CHKN GUMBO     ,G4LJ02              ,7,15,5.00,13.00,9.50,16.20
3503209,ANNIES GF CHKN PSTA SOUP      ,G4LJ04              ,8,17,4.56,12.37,9.25,13.05
3557057,SWNS SPICY CHICKEN            ,G4LJ12              ,4,15,8.63,14.69,7.81,25.57
3500673,PROG TRAD HRTY CHKN ROTNI     ,G4LJ14              ,8,14,4.50,14.00,10.50,16.70
3598321,PROG RH CHS TRTLLN SPNCH      ,G4LJ22              ,8,14,4.56,14.00,10.50,16.39
3502652,CAMP SK TOM BASIL BISQUE      ,G4LJ24              ,8,12,3.50,16.80,8.30,8.70
3500590,PROG RH BEEF PT RST W/VEG     ,G4LJ32              ,7,14,4.50,13.60,10.30,15.80
3500622,PROG LT NE CLAM CHOWDER       ,G4LJ34              ,8,14,4.50,14.00,10.50,16.70
3595976,RAOS VEGETABLE MINESTRONE     ,G4LJ53              ,4,30,6.31,9.25,6.00,9.70
3500727,CAMP VEGETARIAN VEG SOUP      ,G4LJ55              ,7,20,4.10,10.70,8.20,9.20
3500591,KRO CHICKEN NOODLE SOUP       ,G4LJ63              ,8,10,4.00,16.25,10.75,18.60
3506962,CAMP CHNKY BEEF SOUP          ,G4LJ65              ,7,15,5.00,13.00,10.00,16.40
3598210,PROG TRAD CRMY TOMATO PNN     ,G4LJ73              ,8,14,4.56,14.00,10.50,16.39
3508733,PROG VC MINESTRONE SOUP       ,G4LJ75              ,7,14,4.50,13.80,10.50,16.20
3503319,CAMP HR HS CHICKEN NOODLE     ,G4LJ83              ,8,20,4.00,10.80,8.30,8.60
3596716,PROG PTMST SMKHS GR CHK       ,G4LJ85              ,8,14,4.56,14.00,10.50,16.74
3503088,PROG VC CREAMY MUSHROOM       ,G4LK02              ,8,14,4.50,14.00,10.50,15.90
3503880,PROG TRAD BEEF BARLEY         ,G4LK12              ,8,14,4.56,14.00,10.50,16.60
3591040,ANNIE HMG SHLL  CHD CHS       ,G4LK14              ,5,28,7.25,10.75,6.19,5.50
3500524,PROG TRAD CHKN RICE VEG       ,G4LK22              ,8,14,4.50,14.00,10.50,16.70
3506043,CAMP CNDNS SP CRM OF CHKN     ,G4LK24              ,9,20,4.13,10.94,8.13,9.16
3508942,PROG VC TOMATO BASIL SOUP     ,G4LK32              ,8,14,4.50,13.70,10.00,15.90
3596196,CAMP CHNKY CHCKN TORTILLA     ,G4LK53              ,7,15,5.00,12.88,9.50,16.10
3506409,CAMP HR CHICKEN NOODLE        ,G4LK55              ,8,20,4.13,10.94,8.13,9.30
3598842,STO VEGETABLE BRTH ORGNC      ,G4LK63              ,4,25,8.25,9.88,7.50,16.90
3503210,CAMP HMSTY CHICKEN NOODLE     ,G4LK65              ,9,20,4.13,10.75,8.25,9.20
3500649,PROG TRAD CHICKEN TRTILLA     ,G4LK73              ,7,14,4.50,14.00,10.50,16.70
3598323,PROG RH LASGN ITLN SAUGE      ,G4LK75              ,8,14,4.56,14.00,10.50,16.39
3503096,PROG LT CHKN POT PIE SOUP     ,G4LK83              ,8,14,4.00,14.00,10.50,16.40
3505427,CAMP CND SP CRM MRM UNSLT     ,G4LK85              ,9,20,4.13,10.94,8.13,9.16
3503586,PROG TRAD BEEF VEGETABLE      ,G4LL02              ,7,14,4.50,14.00,10.50,16.40
3508739,PROG VC LENTIL SOUP           ,G4LL04              ,7,14,4.50,14.00,10.20,15.90
3501272,PROG LT CHICKEN  DUMPLNG      ,G4LL12              ,8,14,4.50,14.00,10.50,16.70
3500311,CAMP BEEF VEG BARLEY SOUP     ,G4LL14              ,8,20,4.13,10.94,8.13,9.29
3509242,CAMP CHNKY CHCKN CRN CHDR     ,G4LL22              ,7,15,5.00,12.50,9.50,16.40
3506957,CAMP CHNKY VEGETABLE SOUP     ,G4LL24              ,5,15,5.00,13.00,9.00,15.50
3501596,KRO CREAM OF CELERY SOUP      ,G4LL32              ,8,10,4.00,16.25,10.75,18.60
3510889,CAMP CHNKY BEAN  HAM SP       ,G4LL34              ,5,15,5.00,12.80,9.50,16.50
3590698,PROG ITLN STY BN PST SOUP     ,G4LL53              ,8,14,4.56,14.00,10.50,16.39
3504951,CAMP CHNKY JAMBALAYA          ,G4LL55              ,5,15,5.00,12.80,9.50,16.30
3501201,PROG VC GARDEN VEGETABLE      ,G4LL63              ,8,14,4.56,14.00,10.50,16.40
3505105,CAMP LS CHKN W RICE SOUP      ,G4LL65              ,8,20,4.13,10.94,8.13,9.16
3502683,PROG LT CHICKEN NOODLE        ,G4LL73              ,8,14,4.50,14.00,10.50,16.70
3501218,PROG TRAD SPLIT PEA W/HAM     ,G4LL83              ,7,14,4.56,14.00,10.50,16.60
3596816,PROGRESSO HMSTYL CHCKN SP     ,G4LL85              ,7,17,4.56,12.37,9.25,13.00
3503291,CPRI SN TROP PNCH 10CT        ,G4LM22              ,6,12,5.56,15.00,9.50,17.21
3505122,CAMP LS BEAN W BACON SOUP     ,G4LM24              ,8,20,4.13,10.94,8.13,9.72
3581626,PROG CHS TORT VEG TOM SP      ,G4LM32              ,8,14,4.56,14.00,10.50,16.39
3596719,PROG PTMST STKHS STYL         ,G4LM34              ,8,14,4.56,14.00,10.50,16.39
3502679,PROG LT BEEF POT ROAST        ,G4LM53              ,9,14,4.50,14.00,10.50,16.70
3596722,PROG SOUP MDTR MTBLL CHKN     ,G4LM55              ,8,14,4.56,14.00,10.50,16.39
3505140,PROG TRAD NE CLAM CHOWDER     ,G4LM63              ,8,14,4.50,13.60,10.30,16.40
3502969,CAMP VEGETABLE BEEF SOUP      ,G4LN04              ,9,20,4.13,10.75,8.25,9.20
3505711,YOO-HOO CHOCOLATE 32PK        ,G4LN12              ,6,15,5.05,13.23,8.49,15.38
3503132,HI-C BPPN STRBRRY JC 8 PK     ,G4LN73              ,7,15,4.40,16.31,8.13,17.80
3500722,CAMP CREAM MSHRM RST GRLC     ,G4LN75              ,7,20,4.10,10.70,8.20,9.40
3503436,CAMP HR CREAM OF MUSHROOM     ,G4LN85              ,8,20,4.13,10.75,8.25,9.20
3503070,MOTTS 100% APPLE JCE 8PK      ,G4LP04              ,7,16,4.90,12.90,8.10,15.60
3597568,PROG PTMST SSG  BR CHS        ,G4LP14              ,8,14,4.56,14.00,10.50,15.87
3504274,HI-C TRNTL TROP PNCH 8PK      ,G4LP22              ,7,15,4.40,16.31,8.13,17.60
3502449,JCYJCE APPL BRRY GRP 32PK     ,G4LP24              ,10,18,3.60,11.60,8.10,10.25
3504125,HI-C FLASHN FRT PNCH 8PK      ,G4LP32              ,7,15,4.40,16.31,8.13,17.80
3502640,JCYJCE IM SUP OR MNG 8PK      ,G4LP34              ,6,18,4.90,13.40,7.90,16.00
3594826,RAOS TUSCAN BEEF SO           ,G4LP53              ,5,30,6.00,9.50,6.38,9.54
3500874,MOTTS 100% APL JUICE PET      ,G4LP55              ,5,22,6.61,10.38,7.75,10.62
3503109,YOO HOO STRWBRY DRINK 10P     ,G4LP63              ,7,14,5.00,13.29,9.80,19.43
3597809,PROG TOM SSGE  LNTL SP        ,G4LP65              ,8,14,4.56,14.00,10.50,16.74
3504126,HI-C ORNGE LAVABURST 8PK      ,G4LP73              ,7,15,4.40,16.31,8.13,17.80
3505220,KL AID JMRS TRPL PNCH 30      ,G4LP75              ,4,16,5.56,15.00,9.50,13.22
3501840,KRO LT RNCH SLD DRSSNG        ,G4LP83              ,3,20,10.19,14.50,8.38,15.00
3504079,CPRI SN RW FRT PNCH 10PK      ,G4LQ02              ,8,12,5.56,15.00,9.50,17.19
3500247,CNTRYT STRWBRY LMNDE 10PK     ,G4LQ12              ,8,12,5.56,15.00,9.50,17.21
3505078,KL AID BURST BRY BLUE 6PK     ,G4LQ22              ,6,10,8.25,14.75,12.00,27.00
3503433,CPR SN FRUIT PUNCH JCE        ,G4LQ32              ,7,20,6.25,10.63,8.75,10.60
3505769,KL AID BURST TRP PNCH 6PK     ,G4LQ53              ,6,10,8.50,15.00,12.00,25.40
3501651,LIL HUG AST FRT DRNK 20PK     ,G4LQ63              ,9,14,5.00,12.50,9.60,10.70
3502887,CPRI SN PACIFIC CLR 10PK      ,G4LQ73              ,8,12,5.50,15.40,9.60,17.50
3503432,CPRI SN PCFC COOLER JCE       ,G4LQ83              ,7,20,6.25,10.63,8.75,10.59
3556337,PROG BEEF FLVRD BROTH         ,G4LR02              ,4,15,8.62,14.37,7.50,25.69
3596277,GRDN FB BEEFCNTY VEG SUP      ,G4LR12              ,8,16,4.56,12.13,9.19,13.00
3503229,KL AID JMRS CHERRY 10PK       ,G4LR22              ,8,12,5.50,15.40,9.60,17.50
3501198,JCYJCE 100% FT PCH JC 8PK     ,G4LR32              ,6,18,4.90,13.50,7.90,16.00
3500330,CNTRYT LEMONAD DRNK 10PK      ,G4LR53              ,8,12,5.56,15.00,9.50,17.21
3508771,CAMP CRM OF CHICKEN SOUP      ,G4LR63              ,6,10,8.50,16.00,10.50,35.10
3503227,CPRI SN STRWBRY KIWI 10PK     ,G4LR73              ,8,12,6.00,15.40,9.60,17.50
3502819,CPRI SN FRUIT PUNCH 10PK      ,G4LR83              ,8,12,5.50,15.40,9.60,17.50
3506557,CPRI SN FRUIT JUICE 10PK      ,G4LS02              ,8,12,5.56,15.00,9.50,16.98
3503549,KL AID JMRS GRAPE 10PK        ,G4LS12              ,8,12,5.50,15.40,9.60,17.50
3504988,CPRI SN FRUIT PUNCH 30PK      ,G4LS22              ,8,16,5.50,11.80,10.00,13.20
3503191,HI-C STRW KIWI KRAZE 8PK      ,G4LS32              ,7,15,4.40,16.31,8.13,17.80
3503307,KL AID JMRS TRP PNCH 10PK     ,G4LS53              ,8,12,5.50,15.40,9.60,17.50
3503302,KL AID JMRS BLU RASP 10PK     ,G4LS63              ,8,12,5.50,15.40,9.60,17.50
3502260,CPRI SN VARIETY 30PK          ,G4LS73              ,8,16,5.56,11.25,9.50,13.08
3509857,SWNS 99% NAT CHKN BRTH        ,G4LS83              ,10,8,5.00,17.50,12.00,23.40
3502155,KL AID JMRS VARTY 30PK        ,G4LT02              ,8,16,5.56,11.25,9.50,12.94
3505705,KL AID ZERO TRPC PNC 10PK     ,G4LT12              ,8,12,5.56,15.00,9.50,16.98
3504988,CPRI SN FRUIT PUNCH 30PK      ,G4LT22              ,8,16,5.50,11.80,10.00,13.20
3502457,CPRI SN RW TRP FRUIT 10PK     ,G4LT32              ,8,12,5.50,15.10,9.50,17.50
3503508,CPRI SN WILD CHERRY 10PK      ,G4LT53              ,6,12,5.50,15.40,9.60,17.50
3501280,PROG RS CRMY TOM W/BASIL      ,G4LT55              ,8,14,4.50,14.00,10.50,16.70
3501891,KL AID JAMMER STWBY PUNCH     ,G4LT63              ,6,12,5.56,15.00,9.50,16.98
3503399,CAMP 98% FF CRM OF CHICKN     ,G4LT65              ,8,20,4.13,10.75,8.25,9.20
3504376,CPRI SN RN WTR RTD 30 PK      ,G4LT73              ,7,16,5.56,11.25,9.50,12.93
3500888,MOTTS 100% ORNG JCE PET       ,G4LT75              ,5,22,6.61,10.38,7.75,10.64
3500494,MOTTS TOTS APPLE JCE 8PK      ,G4LT83              ,7,16,4.90,12.96,8.19,15.30
3500371,NESQUIK RTD ASP CHOC 12/8     ,G4LT85              ,6,25,5.60,9.90,7.40,7.60
3503397,CAPRI SUN SUMME               ,G4LU02              ,6,12,5.56,15.00,9.50,17.27
3500694,CAMP CHICKEN BROTH            ,G4LU04              ,6,20,4.10,10.70,8.20,9.20
3590016,CAMP CHNKY HRTY BF BARLEY     ,G4LU12              ,7,15,5.00,12.88,9.50,16.20
3508798,CAMP CHNKY VEG BEEF SOUP      ,G4LU14              ,5,15,5.00,13.00,9.50,15.80
3504080,PROG TRAD ITALIAN WEDDING     ,G4LU22              ,7,14,4.50,10.50,14.00,16.40
3500365,CAMP SOG CHICKEN STARS SP     ,G4LU24              ,5,28,4.50,11.00,5.50,6.50
3500786,LIL HUG FRBRLS AST 40PK       ,G4LU32              ,3,15,9.75,13.00,10.56,23.60
3505246,KL AID JMRS READY TO DRNK     ,G4LU34              ,6,12,5.56,15.00,9.50,17.23
3504069,PROG RH CHICKEN POT PIE       ,G4LU53              ,7,14,4.50,10.50,14.00,16.40
3505011,CAMP CHNKY SRL STK HTY VG     ,G4LU63              ,6,15,5.00,12.80,9.50,16.30
3596195,CAMP CHNKY MNESTRNE SAUSG     ,G4LU65              ,7,15,5.00,12.88,9.50,16.30
3503511,PROG RS SW BLK BEAN  VEG      ,G4LU73              ,8,14,4.50,14.00,10.50,16.40
3503329,CAMP CHNKY GRL CKSSG GMB      ,G4LU75              ,7,15,5.00,12.80,9.50,15.50
3505861,CAMP SOUP PASTA               ,G4LU83              ,8,10,4.13,16.13,10.75,18.42
3501865,CAMP CHICKEN GUMBO SOUP       ,G4LU85              ,5,20,4.00,10.50,8.50,9.10
3504939,CAMP CHNKY CHCKN POT PIE      ,G4LV12              ,6,15,5.00,12.80,9.50,16.30
3502635,CAMP CHNKY HR SIRLN BURGR     ,G4LV14              ,7,15,5.00,12.80,9.50,16.40
3505092,CAMP SOG CLSC TOMATO SOUP     ,G4LV22              ,7,28,4.50,11.00,5.50,6.70
3503363,CAMP 98% FF CRM OF MUSHRM     ,G4LV24              ,9,20,4.13,10.75,8.25,9.20
3500747,KRO RS CRM MUSHROOM SOUP      ,G4LV32              ,8,10,4.00,16.25,10.75,18.60
3501763,KRO CREAM OF CHICKEN SOUP     ,G4LV53              ,8,10,4.00,16.25,10.75,18.60
3581619,PROG BROCCOLI CHEESE SP       ,G4LV55              ,7,14,4.56,14.00,10.50,15.87
3585989,PROG TCC MSRM BARLY SOUP      ,G4LV63              ,8,14,4.56,14.00,10.50,16.39
3503574,CAMP CHEDDAR CHEESE SOUP      ,G4LV65              ,8,20,4.13,10.75,8.25,9.20
3598669,RAOS ITAL WED SOUP            ,G4LV73              ,5,30,6.50,9.25,6.00,9.70
3503284,PROG RS RSTD CHICKEN NDLE     ,G4LV75              ,7,14,4.50,14.50,10.50,15.90
3502406,KRO BEAN W/ BACON SOUP        ,G4LV83              ,8,10,4.00,16.25,10.75,19.90
3508929,CAMP CHNKY SIRLN BURGR SP     ,G4LV85              ,7,15,5.00,12.50,9.50,15.60
3503311,CAMP LS CHCKN NOODLE SOUP     ,G4LW02              ,8,20,4.10,10.70,8.20,9.20
3500402,CAMP BEEFY MUSHROOM SOUP      ,G4LW04              ,8,20,4.00,11.00,8.10,9.30
3594683,PROG RS NE CLAM CHOWDER       ,G4LW12              ,8,14,4.56,14.00,10.50,16.39
3595953,RAOS TOMATO BASIL SOUP        ,G4LW22              ,4,30,6.00,9.25,6.30,9.70
3502970,CAMP CREAM OF CELERY          ,G4LW24              ,8,20,4.13,10.75,8.25,9.20
3500703,CAMP GOLDEN MUSHROOM SOUP     ,G4LW32              ,8,20,4.10,10.70,8.20,9.40
3505252,CAMP BROCCOLI CHEESE SOUP     ,G4LW34              ,7,20,4.00,11.00,8.00,9.30
3590695,RAOS SLOW SIMMERD LNTL SP     ,G4LW53              ,6,30,6.00,9.50,6.38,9.80
3501861,CAMP FRENCH ONION SOUP        ,G4LW55              ,8,20,4.00,11.00,8.50,9.20
3503414,CAMP CREAM ONION SOUP         ,G4LW63              ,8,20,4.10,11.00,8.20,9.40
3590703,RAOS BTRNT SQUASH SOUP        ,G4LW73              ,6,30,6.00,9.50,6.38,9.80
3500896,CAMP LS CREAM MUSHROOM        ,G4LW83              ,9,20,4.13,10.94,8.13,9.29
3590863,ANNIES CHCKN NOODLE SOUP      ,G4LX02              ,7,17,4.56,12.37,9.25,13.10
3501356,CAMP BEAN WITH BACON SOUP     ,G4LX04              ,9,20,4.13,10.94,8.13,9.80
3594821,CAMP CNKY SP SPC CKN NDL      ,G4LX12              ,4,15,5.00,12.88,9.50,15.98
3594026,CAMP CHNKY CRMY CHCK SOUP     ,G4LX14              ,4,15,5.06,12.81,9.50,16.18
3597968,CAMP CHKY SOUP SP CHK SSG     ,G4LX22              ,7,15,5.06,12.81,9.50,16.18
3500409,CAMP HR CREAM OF CELERY       ,G4LX24              ,7,20,4.00,11.00,8.00,8.90
3502890,CAMP CREAM OF POTATO SOUP     ,G4LX32              ,9,20,4.13,10.75,8.25,9.20
3557058,SWNS SPICY BEEF BRO           ,G4LX53              ,4,15,8.63,14.69,7.81,25.57
3506959,CAMP CHNKY CHKN NOODLE SP     ,G4LX63              ,7,15,5.25,13.00,9.50,15.40
3503464,CAMP CHICKEN  STARS SOUP      ,G4LX65              ,8,20,4.13,10.75,8.25,9.20
3595948,RAOS CHICKEN NOODLE SOUP      ,G4LX73              ,4,30,6.00,9.25,6.30,9.70
3502630,CAMP HK COOL SHP PST CHKN     ,G4LX75              ,4,20,4.00,10.70,8.20,9.20
3594950,CAMP BTRNT SQSH SW POT SP     ,G4LX83              ,7,28,4.75,11.25,5.56,6.42
3500683,CAMP BEEF BROTH               ,G4LX85              ,8,20,4.10,10.70,8.20,9.20
3500913,KRO ARBORIO RICE              ,G4MA02              ,11,30,5.70,7.28,7.67,6.28
3502318,CHEETOS MAC N CHSE PASTA      ,G4MA04              ,4,18,8.00,11.00,9.00,5.90
3594742,OEP JALP CHK NDL SOUP         ,G4MA12              ,7,14,4.56,14.00,10.50,16.39
3502717,CAMP HS CHICKEN NOODLE        ,G4MA14              ,9,12,3.30,17.00,8.50,9.00
3594743,OEP CHKN CHS ENCH SOUP        ,G4MA22              ,7,14,4.56,14.00,10.50,16.39
3503299,CAMP CREAMY TOMATO SOUP       ,G4MA24              ,7,12,3.50,17.00,8.50,8.40
3502739,CAMP CHICKEN NOODLE SOUP      ,G4MA32              ,9,12,3.50,15.50,8.50,8.70
3504908,LIPTON RS ONION  DIP 2CT      ,G4MA34              ,6,24,5.60,10.10,8.10,2.50
3501802,CAMP SK RSTD CHKN NOODLE      ,G4MA53              ,11,12,3.40,8.30,17.10,8.80
3508722,PROG TRAD CHICKEN NOODLE      ,G4MA55              ,7,14,4.50,13.80,10.50,16.40
3502377,BARLLA PLUS ANGEL HAIR        ,G4MA63              ,3,22,11.20,11.50,6.80,22.40
3505136,LIPTON SS EXTR NOODLE 2CT     ,G4MA65              ,4,24,5.50,9.80,8.30,4.50
3555144,KRO ONION SOUP  DIP MIX       ,G4MA73              ,5,20,6.44,8.81,8.56,2.60
3505998,WYLR CHKN FLVRD GRANULES      ,G4MA75              ,6,28,4.00,11.50,5.88,4.80
3508705,LIPTON CAS CHCKN NDLE 4CT     ,G4MA83              ,6,26,5.70,9.50,7.70,2.50
3503138,BSTLO MEDM ROAST COFFEE       ,G4MA85              ,4,28,9.13,11.56,5.56,4.58
3500350,CAMP SOG CREAMY TOMATO        ,G4MB02              ,7,28,4.70,11.20,5.60,6.50
3501710,KRO PROTEIN PENNE             ,G4MB04              ,4,10,8.00,20.00,9.50,12.90
3506259,KRO PARBOILED RICE            ,G4MB12              ,4,15,8.00,12.63,10.00,24.94
3500310,CAMP CHNKY CHKN NOODLE SP     ,G4MB14              ,9,12,3.30,17.00,8.50,8.70
3508841,LIPTON RS BF ON SP MX 2CT     ,G4MB22              ,5,24,5.50,9.80,8.40,2.80
3500696,LIPTON SOUP SCRT NDL SOUP     ,G4MB24              ,5,24,5.50,10.00,8.00,4.50
3591094,CAMP CHNKY CHILI MAC BOWL     ,G4MB32              ,10,12,3.38,17.00,8.50,8.79
3555752,KNOR VEGETABLE SOUP MIX       ,G4MB34              ,5,36,6.74,8.53,5.70,1.30
3501709,KRO PROTEIN SPAGHETTI         ,G4MB53              ,3,20,11.38,11.50,7.63,20.10
3595416,PROG RH SOUP CRM CKNBRCL      ,G4MB55              ,7,14,4.56,14.00,10.50,16.39
3504719,CRBL MACCHS SHRP CHEDDAR      ,G4MB63              ,6,16,6.81,12.00,9.63,12.03
3504277,PRNI HERB ANGEL HAIR          ,G4MB65              ,4,18,8.00,11.00,9.00,5.00
3504791,BTYC DLTS TRPL CHNK BRWNI     ,G4MB73              ,4,16,7.56,11.87,9.50,14.30
3595806,GRDN PLNT BSD ITLN MTBLLS     ,G4MB75              ,8,16,4.57,12.13,9.19,12.95
3500503,HMB HLPR BEEF PASTA           ,G4MB85              ,5,33,6.63,12.50,4.38,1.22
3505178,KRO 90 SEC RD BN  RCE         ,G4MD02              ,5,35,8.10,9.40,5.50,4.70
3505391,MHTMA EX LNG GRN WHT RICE     ,G4MD12              ,4,10,7.47,16.50,11.43,36.80
3505123,KRO JASMINE FMLY SIZE RCE     ,G4MD22              ,4,28,8.85,9.64,6.69,7.70
3597999,ANNIES 25% LS MAC  CHS        ,G4MD53              ,5,28,7.25,11.00,5.80,5.40
3504122,KRO LONG GRAIN RICE           ,G4MD55              ,4,13,8.50,15.25,9.50,31.00
3500422,KRO SPAGHETTI                 ,G4MD63              ,3,20,11.50,7.80,11.30,22.00
3502175,SKNR PENNE RIGATE             ,G4MD73              ,4,12,7.63,15.75,9.06,10.30
3504972,CRBL MACCHS SHP CHDR WHT      ,G4MD83              ,6,16,6.81,12.00,9.63,12.03
3504093,MHTMA JASMNE LNG GRN RICE     ,G4MF02              ,3,9,8.40,14.50,14.40,41.00
3502723,MHTMA EX LNG GRN WHT RICE     ,G4MF12              ,4,9,8.40,14.50,14.40,41.00
3500875,MHTMA EX LNG GRN WHT RICE     ,G4MF22              ,4,13,9.50,15.60,9.80,37.00
3503293,VELVEETA SHL  CH GF ORIG      ,G4MF32              ,5,16,6.81,12.00,9.63,10.40
3505615,ADLP LONG GRAIN RICE          ,G4MF53              ,4,10,7.70,13.50,12.50,37.10
3505385,RRNI MXCN STRT CRN STYL       ,G4MF63              ,5,30,7.00,8.13,7.06,5.20
3591042,ANNIES DLX SHLAGD CHD         ,G4MF73              ,3,14,6.60,12.90,9.80,9.00
3504234,MHTMA BASMATI WHITE RICE      ,G4MF83              ,5,10,7.67,15.07,11.67,31.27
3504408,KRO PINTO BEANS               ,G4MG02              ,4,13,8.50,15.25,9.50,30.90
3504105,KRO ENRCHD LNG GRAIN RICE     ,G4MG12              ,6,8,6.00,17.81,11.50,31.00
3503541,BARLLA SPAGHETTI              ,G4MG22              ,3,20,11.44,7.94,11.81,25.60
3504718,KRO PINTO BEANS               ,G4MG32              ,8,8,5.13,17.81,11.50,25.00
3501629,ZTRN EX LONG GRN RICE         ,G4MG53              ,8,9,4.00,15.38,14.00,24.10
3505479,MHTMA LNG GRN JASMNE RICE     ,G4MG63              ,4,13,7.80,16.60,8.50,25.00
3501680,MHTMA BASMATI RICE            ,G4MG73              ,4,12,7.00,16.00,8.50,25.00
3505482,BARLLA SPAGHETTI              ,G4MG83              ,3,38,11.10,5.50,8.80,10.60
3500816,MHTMA XTR LONG GRAIN RICE     ,G4MH02              ,5,13,7.10,15.60,8.80,24.90
3500752,SKNR SPAGHETTI                ,G4MH12              ,4,12,9.00,11.50,9.00,25.10
3506347,VSAMPAMPC USA LIQ DIN SHA     ,G4MH22              ,5,16,6.81,12.00,9.63,8.91
3505590,ZTRN SPANISH RICE MIX         ,G4MH32              ,5,34,6.63,8.25,6.69,4.10
3501643,KRO 90 SEC BSMATI RCE PCH     ,G4MH34              ,4,36,7.08,10.03,5.11,5.51
3503341,KRFT MAC  CHS JLPN MCRWV      ,G4MH53              ,3,16,12.50,12.69,9.00,4.70
3510927,SKNR VERMICELLI               ,G4MH55              ,7,12,5.00,10.70,8.00,19.30
3501749,KRO PROTEIN ROTINI            ,G4MH65              ,4,10,8.00,20.00,9.50,12.90
3504292,KRO LONG GRAIN WHITE RICE     ,G4MH73              ,4,15,10.00,12.65,8.00,24.80
3591032,ANNIES CHDR CRCKRS 12CT       ,G4MH75              ,3,18,9.75,15.18,6.62,3.00
3500292,MNRC WHITE RICE               ,G4MH83              ,3,10,10.60,19.30,9.00,23.50
3505317,BARLLA PENNE                  ,G4MH85              ,4,12,8.00,7.10,19.90,14.00
3594393,BARLLA  AL  BRN ORG BCTNI     ,G4MJ02              ,3,20,11.18,11.81,7.87,24.80
3500534,SDNY PSTA SLD CLASSIC         ,G4MJ04              ,4,20,8.12,10.00,9.56,7.40
3504291,KRO LONG GRAIN BROWN RICE     ,G4MJ12              ,4,15,8.00,12.65,10.00,24.80
3500160,KRO RADIATORE                 ,G4MJ14              ,4,10,8.00,9.50,20.00,14.00
3504562,KRO MEDIUM GRAIN RICE         ,G4MJ22              ,4,15,8.00,12.65,10.00,24.90
3505627,MNRC CILNTR N LM JMN RICE     ,G4MJ24              ,6,15,5.20,14.67,7.63,5.50
3502743,MHTMA BROWN RICE              ,G4MJ32              ,4,13,7.10,15.60,8.80,24.90
3505000,ZTRN DIRTY RICE MIX           ,G4MJ34              ,4,16,8.25,11.13,10.19,10.43
3510965,KRFT DELUXE MAC  CHEESE       ,G4MJ53              ,3,16,12.10,13.10,9.60,24.00
3505795,RRNI CHK BRTH RC  VRMCLI      ,G4MJ55              ,3,16,12.69,12.44,8.88,4.70
3506606,KRFT DLX MAC  CHS 3CT         ,G4MJ63              ,4,12,9.00,13.07,11.94,23.50
3510961,SKNR LASAGNA                  ,G4MJ65              ,3,12,11.30,12.50,10.50,15.80
3501671,KRO LARGE ELBOW MACARONI      ,G4MJ73              ,4,10,8.00,20.00,9.50,22.00
3505796,RRNI CHDR BRCLI RICE PSTA     ,G4MJ75              ,3,16,12.69,12.44,8.88,5.00
3519868,KRO INSTANT RICE              ,G4MJ83              ,3,10,10.50,19.50,9.50,23.40
3502034,KRO POT-SIZE SPAGHETTI        ,G4MJ85              ,5,17,6.50,11.60,8.90,14.00
3505197,VELVEETA  XTR CR SHL  CH      ,G4MK02              ,5,16,6.90,12.30,9.50,9.78
3504944,KRO BABY LIMA BEANS           ,G4MK04              ,6,17,5.50,12.00,9.00,12.90
3506137,KRO BOW TIES PASTA            ,G4MK12              ,3,9,12.50,8.12,15.93,11.60
3504946,KRO MICHIGAN NAVY BEANS       ,G4MK14              ,6,17,5.50,12.00,9.00,12.90
3515196,BARLLA ANGEL HAIR PASTA       ,G4MK22              ,3,22,11.20,11.50,6.80,22.40
3504876,KRO BLACK BEANS               ,G4MK24              ,6,17,5.50,12.00,8.75,12.80
3577402,BARLLA THICK SPAGHETTI        ,G4MK53              ,3,22,11.20,11.50,6.80,22.40
3504607,KRO GREEN SPLIT PEAS          ,G4MK55              ,6,17,5.50,12.00,9.00,12.90
3515193,BARLLA THIN SPAGHETTI         ,G4MK63              ,3,22,11.00,11.60,6.90,22.40
3520106,SCCS WH GRN BRWN RICE 4CT     ,G4MK65              ,3,13,8.50,15.00,9.50,12.70
3503739,KRO 100% WHL WHT SPAGHETT     ,G4MK73              ,3,20,11.38,11.50,7.63,22.00
3503715,SCCS THAI JASMNE RICE 4CT     ,G4MK75              ,4,24,8.63,15.69,9.56,12.80
3503725,KRO 100% WW THN SPAGHETTI     ,G4MK83              ,2,20,11.38,11.50,7.63,22.00
3504694,KRO GREAT NORTHERN BEANS      ,G4MK85              ,6,17,5.50,12.00,9.00,12.90
3505132,KRO DLX SHELLS N CHEDDAR      ,G4ML22              ,4,24,4.75,12.00,13.00,10.10
3500230,KRO ANGEL HAIR PASTA          ,G4ML24              ,3,20,11.38,7.63,11.50,26.00
3515204,BARLLA FETTUCCINE             ,G4ML32              ,3,22,11.30,11.60,6.90,22.40
3500295,HMB HLPR CHILI MACARONI       ,G4ML34              ,4,24,8.12,10.00,8.00,5.00
3500394,HMB HLPR CHSBRGR MACARONI     ,G4ML53              ,5,33,6.63,12.50,4.38,1.22
3504824,KRO GARBANZO BEANS            ,G4ML55              ,3,17,5.50,12.00,9.00,12.90
3515192,BARLLA SPAGHETTI              ,G4ML63              ,3,22,11.00,11.60,6.90,22.40
3505339,BARLLA MINI FARFALLE          ,G4ML65              ,4,10,8.00,9.20,19.90,13.80
3506013,KRO FETTUCCINE                ,G4MM02              ,3,20,11.40,11.50,7.70,22.00
3511467,KRO FARFALLE/BOW TIE          ,G4MM04              ,3,10,9.00,12.50,11.50,11.00
3504554,KRO THIN SPAGHETTI            ,G4MM12              ,3,20,11.50,7.80,11.30,22.00
3503700,KRFT CHARACTR MACCHS 4CT      ,G4MM14              ,3,16,11.63,12.75,8.88,4.60
3515194,BARLLA LINGUINE               ,G4MM73              ,3,22,11.00,11.60,6.90,22.40
3503696,KRFT CHARACTER MAC  CHS       ,G4MM75              ,5,26,7.31,9.06,7.69,5.10
3510919,KRO ANGEL HAIR                ,G4MM83              ,3,20,11.50,11.40,7.30,21.00
3502369,BARLLA PLUS THN SPAGHETTI     ,G4MN02              ,3,22,11.40,11.50,6.60,19.90
3500323,KRO SMALL RED BEANS           ,G4MN04              ,7,17,5.50,12.00,9.00,12.90
3501327,BARLLA ORZO                   ,G4MN12              ,7,12,5.60,17.80,17.50,17.50
3505336,BARLLA PLUS PENNE             ,G4MN14              ,4,12,8.00,7.10,19.90,13.00
3502368,BARLLA PLUS SPAGHETTI         ,G4MN22              ,3,22,11.20,11.50,6.80,19.80
3504743,KRO RED LENTILS               ,G4MN24              ,7,17,5.50,12.00,9.00,12.60
3510899,SKNR ELBOWS                   ,G4MN32              ,4,13,9.00,16.00,10.00,19.40
3503357,BARLLA ZITI                   ,G4MN34              ,4,12,8.06,19.94,7.19,13.40
3501389,SKNR SPGHT RIGATE PSTA        ,G4MN53              ,7,12,5.19,12.69,11.50,19.00
3501961,BARLLA CELLENTANI             ,G4MN55              ,4,10,8.06,9.25,19.94,13.80
3510887,SKNR THIN SPAGHETTI           ,G4MN63              ,7,12,5.00,12.80,12.50,19.20
3511458,SKNR EXTR WIDE EGG NOODLE     ,G4MN65              ,3,9,11.00,18.00,11.00,10.50
3510894,SKNR SPAGHETTI                ,G4MN73              ,7,12,5.00,13.30,11.20,19.20
3500375,KRO PROTEIN CAVATAPPI         ,G4MN75              ,6,10,8.00,20.00,9.50,12.90
3511436,SKNR LINGUINE                 ,G4MN83              ,5,12,4.80,12.50,9.20,19.30
3510950,KRO LASAGNA PASTA             ,G4MN85              ,3,12,11.00,12.50,11.00,14.90
3510925,SKNR THIN SPAGHETTI           ,G4MP02              ,7,12,4.50,12.70,8.00,19.30
3511032,KRFT THK  CREAMY MACCHS       ,G4MP04              ,5,13,7.60,13.50,9.00,12.10
3510924,SKNR SPAGHETTI                ,G4MP12              ,7,12,4.50,11.00,8.00,19.30
3505592,ZTRN YELLOW RICE              ,G4MP14              ,5,34,6.63,8.25,6.69,4.10
3500661,SKNR FETTUCCINE               ,G4MP22              ,6,12,5.00,12.38,11.50,19.20
3573006,BARLLA ELBOWS                 ,G4MP24              ,4,22,7.88,11.38,7.00,6.80
3500597,SKNR ANGEL HAIR               ,G4MP32              ,5,12,7.60,11.30,8.00,19.20
3500037,CMLA DRY RED KIDNEY BEANS     ,G4MP34              ,6,20,6.00,7.50,12.00,12.00
3506608,VELVEETA SHELLS  CHS 3CT      ,G4MP53              ,4,12,10.01,13.07,11.94,20.50
3591607,ANNIES MOANA PSTA CHD 4CT     ,G4MP63              ,2,16,13.12,12.31,8.56,5.71
3594308,BARILLA  BRNZ RDT PST BAG     ,G4MP73              ,4,11,8.27,14.09,10.39,13.18
3500458,MNRC INSTNT LG WHT RICE       ,G4MP83              ,3,12,11.70,15.57,9.73,18.10
3504557,KRO ELBOW MACARONI            ,G4MQ02              ,4,8,7.80,18.80,10.80,22.00
3510901,SKNR TRIO ITALIANO            ,G4MQ04              ,4,10,8.40,16.00,9.50,10.50
3510940,SKNR LARGE ELBOW MACARONI     ,G4MQ12              ,4,9,9.00,18.30,10.70,19.20
3501350,BARLLA OVEN-READY LASAGNE     ,G4MQ14              ,4,25,7.95,9.29,7.87,8.60
3510904,SKNR MEDIUM SHELLS            ,G4MQ22              ,3,10,11.00,18.00,12.00,18.90
3504148,KRFT EZ MAC  CHS 4CT          ,G4MQ24              ,3,16,12.50,12.50,9.00,4.70
3505801,KRO JASMINE RICE              ,G4MQ32              ,4,11,7.81,14.19,11.38,31.40
3520104,SCCS FAM SZ WHITE RC 6CT      ,G4MQ53              ,3,9,10.25,14.50,13.50,18.20
3508792,CAMP CRM OF MUSHROOM SOUP     ,G4MQ63              ,4,10,8.38,16.00,10.70,35.70
3504322,MNRC RTS BRN RCQUIN 2CT       ,G4MQ65              ,7,15,5.20,14.67,7.63,5.50
3502722,BARLLA ELBOWS                 ,G4MQ73              ,4,12,8.00,20.00,8.00,18.00
3505023,KRO INSTANT BROWN RICE        ,G4MQ75              ,4,15,9.12,12.00,10.00,12.30
3504491,BARLLA ELBOW MACARONI         ,G4MQ83              ,4,12,7.83,13.30,11.90,17.68
3503402,KRO INSTANT JASMINE RICE      ,G4MQ85              ,4,12,8.70,11.80,9.80,11.50
3504452,KRFT MAC  CHEESE 5CT          ,G4MR02              ,5,14,7.30,18.30,7.30,13.20
3519870,KRO INSTANT RICE              ,G4MR04              ,4,15,9.00,14.00,8.50,14.00
3505961,KRFT DLX FMLY MAC CHEESE      ,G4MR12              ,5,12,7.13,19.38,8.31,15.67
3505337,BARLLA FARFALLE               ,G4MR14              ,4,10,8.00,9.20,19.90,13.80
3504954,KRO PINTO BEANS               ,G4MR22              ,4,15,7.90,14.20,9.00,14.90
3503885,KRO DELUXE MAC AND CHEESE     ,G4MR24              ,4,24,4.75,12.00,13.00,11.50
3504138,KRFT MAC  CHS MCRWV           ,G4MR32              ,4,13,7.75,14.69,9.44,4.98
3510996,KRFT DLX 4 CHS MAC  CHS       ,G4MR34              ,4,16,7.00,13.00,9.50,12.00
3510985,VELVEETA SHELL  CHS FMLY      ,G4MR53              ,5,12,7.60,19.30,8.30,14.50
3502998,BARLLA TRI COLOR ROTINI       ,G4MR63              ,4,12,7.80,20.00,7.90,14.20
3503290,KRO 100% W WHT SLD ROTINI     ,G4MR73              ,4,10,8.13,15.94,12.88,14.65
3501675,KRO CAJUN SOUP MIX            ,G4MR83              ,7,16,5.40,13.50,8.30,16.00
3505390,7.3OZ KRFT PWR MAC            ,G4MR85              ,4,13,7.44,14.50,9.00,12.70
3501646,KRO ORZO                      ,G4MS02              ,6,17,6.38,8.81,12.19,14.00
3504112,KRO LONG GRAIN BROWN RICE     ,G4MS04              ,6,17,5.50,12.00,9.00,12.90
3504647,KRO SALAD ROTINI              ,G4MS12              ,4,10,8.00,15.88,11.63,14.10
3500396,KRO LRG LIMA BEANS            ,G4MS14              ,3,17,5.50,12.00,9.00,12.90
3501254,BARLLA PICLINI MINI PENNE     ,G4MS22              ,4,12,8.00,19.90,7.10,14.00
3506365,KRO FARRO                     ,G4MS24              ,6,20,5.30,9.30,9.30,8.60
3503636,KRO 100% WH WHEAT PENNE       ,G4MS32              ,4,10,8.00,15.80,10.60,14.00
3501308,RCSLCT ROYAL BLEND RICE       ,G4MS34              ,5,25,6.30,8.10,7.80,6.70
3500182,KRO CAVATAPPI                 ,G4MS53              ,4,10,8.00,9.50,20.00,14.00
3503607,MNRC RTS JASMINE RICE 2CT     ,G4MS55              ,7,15,5.20,15.50,7.60,5.50
3510986,KRFT 3 CHEESE MAC  CHS        ,G4MS63              ,4,13,7.50,14.50,9.00,13.10
3502872,BARLLA LASAGNE                ,G4MS73              ,3,12,11.50,13.00,11.00,13.90
3502089,BARLLA PENNE                  ,G4MS75              ,4,19,7.88,11.38,9.00,7.00
3505316,BARLLA RIGATONI               ,G4MS83              ,4,10,8.00,20.00,9.50,13.80
3500096,KRO OVEN READY LASAGNA        ,G4MS85              ,3,12,11.00,12.50,11.00,12.00
3505318,BARLLA ROTINI                 ,G4MT02              ,4,10,8.00,9.20,19.90,13.80
3505596,ZTRN GUMBO MIX W/RICE         ,G4MT04              ,5,34,6.63,8.25,6.69,4.10
3594487,BARLLA ORG  AL BRNZ RGTNI     ,G4MT12              ,4,11,9.13,14.09,11.34,12.94
3500446,HH CHEESEBUGER VALUE PK       ,G4MT14              ,4,20,8.13,9.56,10.00,5.06
3504540,KRO BLACKEYED PEAS            ,G4MT22              ,6,17,5.50,12.00,9.00,12.90
3501388,SKNR MINI PENNE PASTA         ,G4MT24              ,5,10,6.75,18.13,9.88,10.09
3504884,KRO PINTO BEANS               ,G4MT32              ,7,17,5.50,12.00,8.75,12.90
3504335,MNRC BROWN RICE               ,G4MT34              ,3,15,8.60,12.10,9.50,12.20
3504388,KRO HAM FLVR PINTO BEANS      ,G4MT53              ,5,19,5.50,10.50,8.50,12.60
3520150,SCCS WHITE RICE 4CT           ,G4MT55              ,3,13,8.80,15.50,9.80,12.70
3504385,KRO MEDIUM GRAIN RICE         ,G4MT63              ,3,20,5.50,12.00,8.75,12.60
3504367,KRO LENTIL BEANS              ,G4MT73              ,7,17,5.50,12.00,9.00,12.80
3502509,MAR CRMY WHTE 8.25 OZ 4CT     ,G4MT75              ,3,16,12.44,12.69,8.88,6.00
3502748,KNOR ITLN BF BLGNS PST CP     ,G4MT83              ,9,10,4.00,18.44,9.44,2.19
3503237,BSTLO VAN HORCHTA COFFEE      ,G4MT85              ,4,28,9.13,11.56,5.56,4.92
3502001,NOYLK DUMPLING EGG NOODLE     ,G4MU02              ,3,8,11.25,17.50,12.00,10.80
3504094,MNRC RTS WHITE RICE 2CT       ,G4MU04              ,7,15,5.20,15.50,7.70,5.50
3510938,SKNR MEDIUM EGG NOODLES       ,G4MU12              ,3,9,12.00,17.30,11.80,10.50
3500224,MNRC WHITE RICE               ,G4MU14              ,3,15,9.30,12.00,9.60,12.20
3598643,BARLLA  AL BRNZ ORGN SPGH     ,G4MU22              ,3,20,11.18,11.81,7.87,24.78
3500257,KRO LT RED KIDNEY BEANS       ,G4MU24              ,7,17,5.50,12.00,9.00,12.90
3511008,VELVEETA BCN SHLLS  CHS       ,G4MU32              ,4,16,5.50,12.00,13.00,9.20
3502050,BARLLA ROTINI                 ,G4MU34              ,4,19,8.00,10.06,9.00,7.10
3503058,BARLLA JUMBO SHELLS           ,G4MU53              ,3,9,12.80,16.60,10.80,11.90
3502115,KRFT DLX STHRN MAC CHESE      ,G4MU63              ,4,16,6.81,12.00,9.63,10.41
3505287,KMC REST MONT JACK CARAM      ,G4MU65              ,4,24,8.25,9.88,8.00,5.32
3510978,KRFT SPIRALS MAC  CHEESE      ,G4MU73              ,5,13,7.60,11.50,10.50,10.50
3505345,KMC REST EDIT PARM PESTO      ,G4MU75              ,4,24,8.25,9.88,8.00,5.32
3510922,SKNR TWIRLS                   ,G4MU83              ,4,10,7.00,17.70,10.00,10.50
3503219,KRFT VLVTA SHELLSCHS 4CT      ,G4MU85              ,3,16,11.60,12.70,8.80,5.20
3504617,KRO RAINBOW SALAD TWIRLS      ,G4MV02              ,4,12,8.10,15.60,9.70,11.00
3504095,MNRC RTS WHL GR BR RC 2CT     ,G4MV04              ,7,15,5.20,15.50,8.00,5.50
3502028,NOYLK EXTRA BROAD NOODLE      ,G4MV12              ,3,8,11.25,17.75,12.25,10.50
3501838,RCSLCT COUSCOUS               ,G4MV14              ,4,25,6.20,7.50,7.50,7.30
3511559,VELVEETA 2% MLK SHLSCHS       ,G4MV22              ,4,16,7.00,12.00,9.50,10.00
3504899,RRNI BEEF                     ,G4MV24              ,3,30,6.94,5.25,11.88,5.90
3501998,BARLLA FETTUCCINE             ,G4MV32              ,3,38,5.30,11.20,8.80,10.00
3514635,KRO PENNE RIGATE PASTA        ,G4MV34              ,3,10,9.00,13.00,12.00,13.00
3501514,MNRC RTS CHICKEN RICE 2CT     ,G4MV53              ,6,15,5.20,14.67,7.63,5.50
3504151,MHTMA SAFFRON YELLOW RICE     ,G4MV55              ,4,20,8.00,12.80,7.80,8.50
3505818,KRFT DLX CHDDR GRLC HERB      ,G4MV63              ,5,16,6.80,9.60,12.00,10.50
3502610,KRFT MAC CHS ORG PSTA 4CT     ,G4MV65              ,3,16,11.63,12.75,8.88,9.29
3510983,VELVEETA BROC RTINI  CHS      ,G4MV73              ,6,16,5.50,12.00,13.00,9.50
3502586,MNRC RTS BRN  WLD RC 2CT      ,G4MV75              ,7,15,5.20,15.50,7.50,5.50
3510953,KRO WIDE EGG NOODLES          ,G4MV83              ,3,8,12.00,20.00,12.00,12.80
3500124,MHTMA JASMINE LG RICE         ,G4MW02              ,6,9,6.94,18.38,12.00,41.10
3500136,MHTMA EX LNG GRN WHT RICE     ,G4MW12              ,6,9,6.94,18.38,12.00,41.10
3510951,KRO XTRA WIDE EGG NOODLES     ,G4MW22              ,4,8,11.70,20.00,11.70,12.80
3520722,KRAFT MC REST EDIT SHPR       ,G4MW32              ,4,5,9.25,23.63,15.25,28.36
3502334,BARLLA PRTN PLS CELLNTANI     ,G4MW53              ,4,10,8.06,19.94,9.25,12.50
3502270,SKNR OVEN READY LASAGNA       ,G4MW55              ,3,21,9.57,12.80,6.57,8.20
3500280,KRAFT MAC  CHEESE             ,G4MW63              ,4,9,7.40,18.00,10.30,18.20
3505047,KNOR PASTA SIDES ALFREDO      ,G4MW65              ,4,22,8.13,11.50,7.06,4.44
3501088,MHTMA ORGNC WHITE RICE        ,G4MW73              ,5,17,7.75,19.29,5.47,12.50
3505445,KRAFT REST EDIT ROM CAC E     ,G4MW75              ,4,24,8.25,9.88,8.00,5.32
3508916,KNOR RICE SDE CHICKEN         ,G4MW83              ,4,20,7.20,12.00,8.20,4.80
3506280,HMB HLPR BEEF PASTA           ,G4MW85              ,4,20,8.12,10.00,9.56,6.20
3591257,STO DRY RED LENTILS           ,G4MX22              ,6,20,5.30,9.30,9.30,8.60
3503115,KRO RTS SPNSH RCE CPS 2PK     ,G4MX24              ,6,15,4.72,14.76,7.67,6.20
3503359,TNYCH JMBLYA MIX FAM SIZE     ,G4MX32              ,4,22,8.00,7.50,10.50,7.00
3504026,VELVEETA MW SHLLS  CHS        ,G4MX34              ,11,9,3.25,21.00,9.13,2.22
3502399,KRO CRM OF MUSHROOM SOUP      ,G4MX53              ,8,10,4.00,16.25,10.75,18.60
3501358,BARLLA DITALINI               ,G4MX63              ,5,12,7.80,20.00,7.99,17.98
3504997,MNRC STICKY RICE              ,G4NA02              ,6,15,5.20,14.67,7.63,5.50
3506278,HMB HLPR CHSY ITLN SHELLS     ,G4NA04              ,4,24,8.12,10.00,8.00,6.00
3591022,STO DRY GREEN LENTILS         ,G4NA12              ,4,20,5.30,9.30,9.30,8.60
3505597,ZTRN JAMBALAYA RICE MIX       ,G4NB02              ,5,34,6.63,8.25,6.69,4.60
3591011,ANNIES MAC CHS AGD CHED 4     ,G4NB04              ,3,16,13.12,12.31,8.56,5.36
3500561,SDNY PSTA SLD RNCH BACON      ,G4NB12              ,4,20,8.12,10.00,9.56,7.00
3504007,KRFT TANGY ITLN SPAGHETTI     ,G4NB14              ,4,26,7.69,9.25,7.50,7.00
3591039,ANNIES SPRL W/BTRPARM         ,G4NB22              ,5,28,7.25,11.00,5.80,5.60
3515201,BARLLA LASAGNE                ,G4NB24              ,4,23,8.00,11.50,7.50,8.50
3505003,MHTMA BASMATI RICE            ,G4NB32              ,4,39,7.56,8.07,5.91,3.80
3591017,ANNIES MAC CHS WHT CHED 4     ,G4NB34              ,3,16,13.12,12.31,8.56,5.36
3505009,MHTMA RD BNS  RCE NO STY      ,G4NB73              ,4,39,7.56,8.07,5.91,3.80
3511459,SKNR LARGE ELBOWS             ,G4NB75              ,3,10,11.00,18.60,10.70,19.50
3504208,KRAFT MAC  CHS ORIGINAL       ,G4NB83              ,3,16,12.50,11.69,9.31,18.86
3508908,KNOR RICE SDE CHICKN BROC     ,G4NB85              ,4,20,7.50,12.00,8.00,4.70
3506293,TUNA HLPR CLSC CHSY PASTA     ,G4NC02              ,4,20,8.12,10.00,9.56,5.60
3503923,VELVEETA CHS SKL ULT CHSB     ,G4NC04              ,4,22,8.40,11.40,7.10,6.20
3504336,PRNI PARM CHS ANGEL HAIR      ,G4NC12              ,4,18,8.00,11.00,9.00,5.20
3508851,KNOR PASTA SDE CHDDR BRCL     ,G4NC14              ,4,20,7.30,12.00,9.10,4.40
3501434,MHTMA SAFFRON YELLOW RICE     ,G4NC22              ,4,30,6.50,8.50,6.50,4.20
3502002,PRNI PARMESAN  ROMANO 4CT     ,G4NC24              ,3,16,12.69,12.44,8.88,5.30
3501894,KRFT EZ 3 CHS MACCHS 4CT      ,G4NC32              ,3,16,12.50,12.60,9.00,4.90
3505093,KRO 90 SEC LNG GR WLD RCE     ,G4NC53              ,4,35,8.10,9.40,5.50,4.70
3506287,TUNA HLPR CREAMY BROCCOLI     ,G4NC55              ,4,20,8.12,10.00,9.56,6.20
3501291,KNORR BFLO CHKN FLVR PSTA     ,G4NC63              ,5,28,7.45,11.25,6.06,2.89
3500947,KRFT MACCHS SPNG BOB 4CT      ,G4NC65              ,3,16,9.00,12.60,12.50,4.40
3500502,SDNLY PSTA SLD CAESAR         ,G4NC73              ,4,20,8.12,10.00,9.56,6.90
3504175,PRNI GRLC OLIV OIL VRMCLI     ,G4NC75              ,4,18,8.00,11.00,9.00,4.80
3504623,RRNI SAVORY PILAF             ,G4NC83              ,4,30,7.00,8.13,7.06,6.70
3504864,RRNI CRMY FOUR CHEESE CUP     ,G4ND02              ,4,18,6.25,12.25,8.38,2.40
3505958,PRNI BTTR  GRLC ANG HAIR      ,G4ND04              ,4,18,8.00,11.00,9.00,4.90
3594784,STO BASMATI RICE 2LB BAG      ,G4ND12              ,4,9,7.67,15.94,13.19,25.53
3504772,RRNI FRIED RICE               ,G4ND14              ,4,30,6.94,5.25,11.88,5.40
3503765,VELVEETA CHS SKL STRGANFF     ,G4ND24              ,4,22,8.00,11.40,7.30,5.50
3506176,CMTY COF FRST LT PDS LR       ,G4ND34              ,4,20,8.00,12.00,6.38,2.20
3506292,HMB HLPR DBL CHSBRGER MAC     ,G4ND53              ,4,24,8.12,10.00,8.00,6.30
3506270,HMB HLPR STROGANOFF           ,G4ND55              ,4,24,8.12,10.00,8.00,6.40
3505226,KRO 90 SEC JSMNE RICE PCH     ,G4ND63              ,5,36,7.00,10.25,5.25,5.13
3505120,KRO 90 SEC SPNSH RICE PCH     ,G4ND65              ,5,35,7.63,9.40,5.50,4.70
3506935,KNOR ASN SDE CKN FRD RICE     ,G4ND73              ,4,28,7.45,11.25,6.06,3.20
3591030,ANNIES 4 CHS MAC CHS          ,G4ND83              ,5,28,7.12,10.75,5.81,5.26
3501703,KNOR PASTA SDE STROGANOFF     ,G4ND85              ,4,28,7.45,11.25,6.06,2.40
3506275,HMB HLPR CHEESEBURGER MAC     ,G4NF02              ,4,24,8.12,10.00,8.00,6.50
3505604,ZTRN RED BEANS  RICE          ,G4NF04              ,5,34,6.63,8.25,6.69,4.60
3506453,KRFT MACCHS DLX CUPS ORG      ,G4NF12              ,3,16,11.63,12.75,8.88,5.90
3502223,KNOR PASTA SDE CHSY CHDDR     ,G4NF14              ,5,28,7.45,11.25,6.06,2.55
3594796,STO JASMINE RICE 2LB BAG      ,G4NF22              ,4,9,7.67,15.94,13.19,25.53
3505176,KRO 90 SEC W GRN BRN RCE      ,G4NF24              ,4,35,8.10,9.40,5.50,4.70
3502278,PRNI 4 CHS CORKSCRW PASTA     ,G4NF34              ,4,18,8.00,11.00,9.00,5.90
3591024,ANNIES AGED CHDDR CP 8CT      ,G4NF53              ,5,20,7.00,8.00,8.00,2.00
3503219,KRFT VLVTA SHELLSCHS 4CT      ,G4NF55              ,3,16,11.60,12.70,8.80,5.20
3506574,KRO 90 SEC CLNTRO LME RCE     ,G4NF63              ,5,36,7.00,10.25,5.25,5.10
3505412,7.25OZ KRAFT POWER MAC        ,G4NF65              ,4,13,7.44,14.50,9.00,12.62
3505180,KRO 90 SEC RSTD CHKN RCE      ,G4NF73              ,5,35,7.63,9.40,5.50,4.70
3504264,VELVEETA SHELLS  CHS 8CT      ,G4NF83              ,6,30,5.63,7.88,7.81,2.30
3505613,ZTRN BLACK BEANS  RICE        ,G4NF85              ,5,34,6.63,8.25,6.69,4.10
3501708,KNOR PASTA SDE BTTR  HRB      ,G4NG02              ,4,28,7.45,11.25,6.06,2.60
3506201,CMTYCOF DB INTS BLND CP       ,G4NG04              ,4,15,8.00,12.00,6.38,2.20
3505380,KRFT MACCHS ORIGNAL FLVR      ,G4NG22              ,4,26,7.69,9.25,7.50,3.40
3504697,MNRC YLLW RC RTS              ,G4NG24              ,6,15,5.20,14.67,7.63,5.50
3501967,KRO PROTEIN ANGEL HAIR        ,G4NG32              ,3,20,11.38,11.50,7.63,20.10
3506300,HMB HLPR DLX CHSBRGR MAC      ,G4NG34              ,4,24,8.12,10.00,8.00,5.23
3505913,KRO INSTANT WHITE RICE        ,G4NG53              ,3,9,12.10,16.30,11.10,25.50
3505798,RAR CRMY FOUR CHEESE 4PK      ,G4NG63              ,3,16,12.69,12.44,8.88,5.20
3501132,SCCS BASMATI WHT RICE 4CT     ,G4NG73              ,4,28,8.46,13.31,4.92,6.40
3503298,RRNI SPANISH RICE             ,G4NG83              ,4,30,7.00,8.13,7.06,6.40
3501684,KNOR ASIAN SDE TRYKI NDL      ,G4NH02              ,4,28,7.45,11.25,6.06,2.70
3504722,KNOR PASTA CHDR BRCLI         ,G4NH04              ,4,22,8.13,11.50,7.06,4.23
3591023,ANNIES DLX MAC N CHS 4PK      ,G4NH12              ,3,16,13.12,12.31,8.56,6.25
3591036,ANNIES SHLL  WHT CHDR         ,G4NH14              ,5,28,7.25,10.75,6.19,5.50
3504902,RAR CHEDDAR BROCCOLI          ,G4NH22              ,4,30,7.00,12.00,5.25,5.90
3506938,KNOR FSTA SDE MEXCAN RICE     ,G4NH24              ,4,28,7.60,11.05,5.80,3.10
3510979,VELVEETA SHELLS  CHEESE       ,G4NH53              ,3,16,14.00,12.00,9.50,19.80
3503505,PRNI WHITE CHEDDAR SHELLS     ,G4NH55              ,4,18,8.00,11.00,9.00,6.00
3503316,RRNI MEXICAN STYLE            ,G4NH65              ,5,30,6.50,11.75,5.00,5.80
3502075,SMRTWY JASMINE RICE           ,G4NH73              ,5,15,7.28,15.74,7.87,25.40
3500058,BARLLA RDY PASTA ROTINI       ,G4NH85              ,4,36,8.13,5.31,9.88,3.50
3501393,SKNR MAFALDA PASTA            ,G4NJ12              ,5,8,9.50,19.38,11.88,10.67
3501160,BARLLA MANICOTTI              ,G4NJ22              ,4,9,10.28,17.84,11.07,9.40
3502959,KRFT EZ MAC  CHS 8CT          ,G4NJ32              ,7,30,6.00,7.88,7.81,2.13
3501458,KRO RTS JSMNE RCE CPS 2PK     ,G4NJ53              ,9,15,4.72,14.76,7.67,6.16
3500799,KRO RTS CLNTR LME CPS 2PK     ,G4NJ63              ,9,15,4.72,14.76,7.67,6.20
3505612,MNRC JALAPENO RICE MEAL       ,G4NJ73              ,8,15,5.20,14.67,7.63,5.50
3504993,MNRC RTS BUTTER SEA RICE      ,G4NJ83              ,8,15,5.20,14.67,7.63,5.50
3501413,BARLLA CAMPANELLE             ,G4NK02              ,4,10,8.06,19.94,9.25,13.70
3506313,RRNI LG GRAIN  WILD RICE      ,G4NK04              ,4,30,7.00,8.13,7.06,4.50
3504706,RRNI FOUR CHEESE              ,G4NK14              ,4,30,7.00,8.13,7.06,6.10
3504342,PRNI FETTUCCINE ALFREDO       ,G4NK22              ,4,18,8.00,11.00,9.00,4.90
3504471,BARLLA PLUS ROTINI            ,G4NK24              ,4,12,8.06,19.94,7.19,12.20
3508826,KNOR PASTA SDE CHICKEN        ,G4NK32              ,4,20,7.50,12.20,8.00,4.30
3591037,ANNIES CLSC MAC  CHS          ,G4NK34              ,5,24,7.25,10.75,6.19,5.50
3500083,RRNI RICE MIX CKN FLV 3PK     ,G4NK53              ,5,30,6.75,8.00,7.00,6.20
3508838,KNOR PASTA SDE ALFREDO        ,G4NK63              ,4,20,7.50,12.00,8.00,3.90
3502324,CHEETOS FLAMMING HOT          ,G4NK73              ,4,18,8.00,11.00,9.00,5.60
3508909,KNOR RICE SDE CHDR BROC       ,G4NK83              ,4,20,7.50,12.00,8.00,5.10
3504685,MNRC RTS BASMATI              ,G4NL04              ,6,15,5.20,14.67,7.63,5.50
3501926,MHTMA JSMNE RICE MCRWV LG     ,G4NL12              ,4,39,7.56,8.07,5.91,3.80
3506306,RRNI CHICKEN RICE MIX         ,G4NL22              ,4,30,7.00,8.13,7.06,6.40
3501789,KNOR PASTA SDE CHCK BRCCL     ,G4NL24              ,4,28,7.45,11.25,6.06,2.50
3591028,ANNIES WHT CHDDR CP 8CT       ,G4NL32              ,5,20,6.50,8.00,8.00,2.00
3500676,RC RNCH WYGU  BF TLW JAR      ,G4NL53              ,8,30,5.25,6.50,9.50,4.50
3503939,KRFT SPGBOB MAC CHEESE        ,G4NL63              ,5,26,7.31,9.06,7.69,5.10
3501712,KNOR PASTA SDE PARMESAN       ,G4NL65              ,5,28,7.45,11.25,6.06,2.50
3501224,MHTMA CILNTO LMN JSMN RCE     ,G4NL73              ,4,39,7.00,8.07,5.91,3.80
3506936,KNOR FSTA SDE TACO RICE       ,G4NL75              ,4,28,7.45,11.25,6.06,3.10
3506263,MNRC INSTNT JSMN RICE         ,G4NL83              ,3,30,9.00,11.94,5.19,4.90
3503200,CMTY COF 100% COLMBIA         ,G4NM02              ,4,28,8.50,11.19,5.62,5.09
3508918,KNOR FSTA SDE SPANISH RCE     ,G4NM04              ,4,20,7.50,12.00,8.00,4.80
3503239,CMTY COF CHOC LAVA CK         ,G4NM22              ,4,28,8.50,11.19,5.62,4.70
3504022,KRAFT EZ MAC  CHEESE          ,G4NM24              ,13,9,3.06,20.75,9.13,1.86
3506350,CMTY COF FIRST LGHT COF       ,G4NM32              ,4,13,8.50,15.06,8.50,10.10
3506273,HMB HLPR LASAGNA              ,G4NM34              ,4,24,8.12,10.00,8.00,6.70
3504472,FOLGER CLS RST MED COFFEE     ,G4NM53              ,4,7,8.85,19.38,13.00,18.22
3500207,HMB HLPR BEEF STROGANOFF      ,G4NM55              ,4,24,8.12,10.00,8.00,5.70
3501753,KRO VALUE SIZE CREAMER        ,G4NM63              ,4,12,9.25,10.88,12.13,17.03
3504674,KRO ORIGINAL COFFEE           ,G4NM65              ,6,7,6.13,19.38,13.38,13.90
3503767,BARLLA RDY PENNE RIG PSTA     ,G4NM73              ,4,36,8.13,5.31,9.88,3.50
3500325,FOLGER GR SEL BL SLK KCUP     ,G4NM75              ,5,20,6.35,11.99,7.99,2.50
3506239,CFMT NONDAIRY CREAMER         ,G4NM83              ,5,9,6.50,17.25,11.40,15.50
3505355,MWH CLMBN RST MDM             ,G4NM85              ,6,7,5.50,18.88,12.75,10.90
3501417,PRSL VANILLA SYRUP            ,G4NN02              ,4,45,9.63,7.88,5.31,7.50
3504462,FOLGER FRENCH RST COFFEE      ,G4NN04              ,6,7,5.41,19.50,13.13,10.50
3504649,FOLGER CLASSIC ROAST          ,G4NN12              ,5,7,7.40,19.38,13.00,15.20
3506242,BSTLO COFFEE CANISTER         ,G4NN14              ,5,7,7.39,19.50,13.13,16.10
3502084,DNKN HAZLNT GROUND COFFEE     ,G4NN24              ,3,28,9.00,11.40,5.40,5.30
3501127,DNKN FRNCH VNLA GRND COFE     ,G4NN34              ,4,17,9.50,14.56,6.44,7.80
3504230,KRO DECAF COFFEE              ,G4NN53              ,6,7,6.13,19.38,13.38,13.90
3503344,NSCF ESPRS CRML COFFEE        ,G4NN55              ,4,28,7.00,9.35,6.15,8.01
3503900,NSCF INST ICED RST COF        ,G4NN63              ,5,12,6.70,15.00,9.85,4.74
3500788,LUZN GALLON TEA               ,G4NN65              ,5,15,7.19,12.75,9.88,7.00
3504985,KRO SPCL ROAST GR COFFEE      ,G4NN73              ,6,7,6.00,19.13,12.88,12.60
3500335,FOLGERS CLMBN K CUP           ,G4NN75              ,5,20,6.35,11.99,7.99,2.50
3501189,KRO MRCD CBN ESP GRD CFFE     ,G4NN83              ,7,7,4.88,19.38,13.38,11.76
3506563,DNKN ORIG COFFEE KCUP         ,G4NN85              ,5,20,6.35,11.99,7.99,2.60
3505545,FRMKT COFFEE  CHICORY         ,G4NP22              ,6,10,5.50,16.75,12.50,12.40
3503353,SMRTWY ND COFFEE CREAMER      ,G4NP24              ,3,20,9.88,11.81,8.00,9.50
3501052,MXHS MASTER BLEND COFFEE      ,G4NP32              ,6,7,5.58,18.88,12.75,12.30
3503248,CMTY COF GRC DRK RB           ,G4NP34              ,3,18,10.38,14.38,6.25,8.55
3506159,PRSL ZERO SUGAR VANILLA       ,G4NP53              ,4,45,9.63,7.88,5.31,7.50
3501648,PRSL CARAMEL SYRUP            ,G4NP55              ,4,45,9.63,7.88,5.31,7.50
3505359,YUBN PRM MED RST GRND COF     ,G4NP63              ,5,7,6.01,18.88,12.75,12.70
3504438,KRO BRKFST BLND VP COFFEE     ,G4NP65              ,7,7,4.88,19.38,13.38,11.10
3503729,NSCF ESPRS VAN COFFEE         ,G4NQ04              ,4,28,7.00,9.35,6.15,7.96
3505290,FOLGER HOUSE BLEND COFFEE     ,G4NQ12              ,5,7,6.14,19.50,13.13,11.80
3504456,KRO CLASSIC BLEND COFFEE      ,G4NQ14              ,6,7,6.13,19.38,13.38,13.90
3503335,CMTY COF GRC BKFST BLND       ,G4NQ73              ,3,18,10.38,14.38,6.25,8.55
3502290,GVLA GRND TRAD ROAST COFF     ,G4NQ75              ,4,20,9.13,9.25,9.50,4.90
3505021,KRO GRMT FR RST VP COFFEE     ,G4NQ83              ,8,7,4.63,19.13,12.88,11.00
3504738,FOLGER CLASSIC ROAST COF      ,G4NQ85              ,6,16,5.42,12.44,8.50,4.70
3500842,MXHS ORIGINAL LITE COFFEE     ,G4NR02              ,6,7,5.58,18.88,12.75,11.90
3502542,GVLA GRND FRNCH ROAST COF     ,G4NR04              ,4,20,9.13,9.25,9.50,4.90
3502602,NSCF ESPRSS CNCN BLK CF       ,G4NR12              ,4,45,6.25,7.90,5.35,5.42
3502613,GVLA GRND COLOMB RST COFF     ,G4NR14              ,4,20,7.50,9.25,9.13,4.90
3504560,FOLGER BLACK SILK COFFEE      ,G4NR22              ,6,7,5.41,19.50,13.13,10.50
3505618,ZTRN DIRTY RICE MIX           ,G4NR24              ,5,34,6.63,8.25,6.69,4.60
3501459,KRO COLOMBIAN COFFEE          ,G4NR32              ,8,7,4.60,19.20,12.70,11.00
3504269,KRO HALF CAFF COFFEE          ,G4NR34              ,7,7,4.88,19.38,13.38,11.10
3500521,FOLGERS CLS RSTN K CUP        ,G4NR53              ,5,20,6.35,11.99,7.99,2.50
3503277,CFMT SGF HZLNUT CREAMER       ,G4NR55              ,5,30,7.05,9.60,6.25,4.79
3504517,FOLGER GR SPR DARK COFFEE     ,G4NR63              ,7,7,5.41,19.50,13.13,10.50
3501144,FOLGER FRNCH VAN GRND COF     ,G4NR65              ,5,16,5.42,12.44,8.50,4.70
3504434,FOLGER BRKFST BLND COFFEE     ,G4NR73              ,7,7,5.41,19.50,13.13,10.50
3506174,CMTY COF DCF GRD SPC KCUP     ,G4NR75              ,4,20,8.00,12.00,6.38,2.20
3504457,FOLGER 100% COLMBN COFFEE     ,G4NR83              ,6,7,5.41,19.50,13.13,10.50
3502876,GVLA GRND HOUSE BLND COFF     ,G4NR85              ,4,20,7.50,9.25,9.13,4.90
3504415,FOLGER HALF CAFF COFFEE       ,G4NS02              ,6,7,5.41,19.50,13.13,10.50
3503723,DNKN ORIGINAL CANISTER        ,G4NS04              ,4,16,8.63,12.69,8.81,9.20
3504334,FOLGER DCF CLSSC RST CPFF     ,G4NS12              ,7,7,4.81,19.50,13.13,9.10
3503642,CMTY COF PCN PRALINE KCUP     ,G4NS14              ,5,20,6.56,12.63,8.25,1.81
3504032,DNKN CLMBN MD RST GRN CFF     ,G4NS22              ,4,16,7.98,12.63,8.75,8.40
3502091,DNKN ORGNL WHOLE BEAN CFE     ,G4NS24              ,3,28,9.30,11.50,5.50,5.30
3501243,MXHS FRENCH ROAST COFFEE      ,G4NS32              ,6,7,5.58,18.88,12.75,11.90
3506189,CMTY COF BRLFST BLND KCUP     ,G4NS34              ,4,20,8.00,12.00,6.38,2.20
3505365,MXHS ORGNL ROAST MDM          ,G4NS53              ,5,7,6.01,18.88,12.75,12.60
3503689,NSCF ESPRS BLACK COFFEE       ,G4NS55              ,4,28,7.00,9.35,6.15,7.48
3503758,CMTY COF DARK ROAST GRND      ,G4NS63              ,3,28,9.50,11.50,6.00,5.00
3502305,CFMT SGF FRNCH VNLLA CRMR     ,G4NS65              ,4,30,7.05,9.60,6.25,4.80
3511182,CFMT NONDAIRY CREAMER         ,G4NS73              ,4,14,8.00,13.50,10.00,14.40
3500720,FOLGERS BRK BLN K CUP         ,G4NS75              ,4,20,6.35,11.99,7.99,2.14
3505495,TCHC INSTNT COFFEE STICKS     ,G4NS83              ,6,35,5.50,6.75,6.75,1.20
3501416,NSCF ICE ROAST COFFEE         ,G4NS85              ,4,22,7.50,10.50,7.65,7.86
3503638,KRO ND CRMR FRENH VANILLA     ,G4NT22              ,4,30,7.81,9.75,6.31,6.47
3505759,GLVA SIGNAT BLD COF KCUP      ,G4NT24              ,5,20,6.38,12.00,8.00,2.40
3500953,BSTLO ESPRESSO STYLE KCPS     ,G4NT32              ,5,20,6.35,11.99,7.99,2.50
3500580,LUZN DECAF TEA FAMILY SZ      ,G4NT34              ,3,20,10.00,10.00,10.00,9.90
3503658,KRO SF ND CRMR FRNCH VAN      ,G4NT53              ,4,30,8.00,9.50,6.40,4.67
3506186,CMTY COF DARK ROAST KCUP      ,G4NT55              ,4,20,8.00,12.00,6.38,2.20
3506165,CMTY COF NEW ORLNS KCUP       ,G4NT63              ,4,20,8.00,12.00,6.38,2.20
3500559,CFMT CREAMY CHOCLTE CRMER     ,G4NT65              ,5,30,7.05,9.60,6.25,6.59
3501832,FOLGER BLACK SILK DRK CFE     ,G4PA73              ,4,7,7.54,19.38,13.00,15.20
3500161,DNKN HAZELNUT RNG COFFEE      ,G4PA75              ,4,17,9.50,14.56,6.40,7.80
3501265,NSTL CFMT PWDR FRNCH VAN      ,G4PA83              ,4,20,8.85,11.20,7.85,12.65
3502035,NSCF FLV INST CFF HZLNUT      ,G4PB53              ,5,22,6.75,10.55,7.90,7.90
3502476,FRCC HOMESTEAD MED RST        ,G4PB55              ,4,20,7.88,9.63,9.13,5.50
3501570,NSCF CLASICO DK RST COFF      ,G4PB63              ,3,13,9.00,15.05,8.95,16.30
3500974,BSTLO MED RST GRND CFFE       ,G4PB73              ,4,28,9.13,11.56,5.56,4.92
3506193,CMTY COF PCN PRALINE KCUP     ,G4PB75              ,4,20,8.00,12.00,6.38,2.20
3598134,KRO WHT 8-12CP BSK CF FLT     ,G4PB83              ,3,16,12.50,17.25,6.25,5.78
3502952,SMRTWY INSTANT COFFEE         ,G4PC53              ,5,20,7.60,9.53,7.80,8.40
3501092,BSTLO DRK RST GRND CFFE       ,G4PC55              ,4,28,9.13,11.56,5.56,4.92
3506038,FOLGER BLK SLK DRK GR CF      ,G4PC65              ,7,16,5.42,12.44,8.50,4.68
3506119,KRO INSTANT COFFEE            ,G4PC73              ,4,24,7.60,9.53,7.80,8.40
3502418,CMTY ICE TEA BAGS FMLY SZ     ,G4PC75              ,5,13,8.00,14.50,9.00,13.00
3503815,KRO KILO ND COFF CREAMER      ,G4PC83              ,4,12,9.56,14.75,10.00,14.90
3501426,BSTLO MED RST CFE K-CUP       ,G4PC85              ,5,20,6.35,11.99,7.99,2.54
3502871,BSTLO INSTANT COFFEE STK      ,G4PD53              ,5,47,6.90,7.10,5.60,1.20
3501344,FOLGER BRKFST BLND COFFEE     ,G4PD55              ,4,10,8.13,15.31,12.00,5.90
3590783,DNKN ORIGNL WHL BN COFFEE     ,G4PD63              ,4,17,9.50,14.56,6.44,7.80
3501446,BSTLO DRK RST CFE K-CUP       ,G4PD65              ,5,20,6.35,11.99,7.99,2.47
3504932,FOLGER BLK SLK KURG CS 1      ,G4PF02              ,4,10,8.13,16.06,12.00,6.30
3501519,BSTLO DLCE DE LCHE KCUP       ,G4PF04              ,5,20,6.35,11.99,7.99,2.54
3502436,CFMT FRNCH VNLLA CREAMER      ,G4PF12              ,4,30,7.00,9.50,6.50,6.59
3503053,DNKN FRCH VAN GRND COFFEE     ,G4PF14              ,3,28,8.10,11.50,5.60,5.30
3502241,GVLA DCF HSE BLND GRD CFE     ,G4PF73              ,4,20,9.13,9.25,9.50,4.90
3503392,FRCC TEXAS PECAN COFFEE       ,G4PF75              ,4,20,7.88,9.63,9.13,5.50
3500925,TCHC HOUSE BLND INST CFE      ,G4PF83              ,4,30,7.40,7.60,7.50,6.10
3505195,FRCC GET UP ESPRESSO          ,G4PF85              ,4,20,7.88,9.63,9.13,5.50
3501479,NSCF GLD ESPRS BLONDE COF     ,G4PG02              ,6,39,6.40,8.30,5.45,4.73
3502093,MORO INSTANT COFFEE           ,G4PG04              ,6,23,4.60,10.70,7.70,5.70
3503934,CAFE BUSTELO GROUND COFFE     ,G4PG12              ,8,7,4.81,19.50,13.13,10.45
3598338,KRO NAT #4 CONE CFFE FLTR     ,G4PG14              ,3,12,8.75,13.25,11.00,6.05
3502893,DNKN ORIG BLND GRND CFFEE     ,G4PG22              ,4,28,9.00,11.50,5.50,5.30
3505472,DNKN ORIGINAL BLEND KCUP      ,G4PG24              ,4,15,7.69,15.44,7.88,5.00
3501143,NSCF COLOMBIAN CLASICO        ,G4PG32              ,5,22,7.44,10.45,8.11,8.82
3504338,FOLGER CLASSIC ROAST COF      ,G4PG34              ,5,7,6.14,19.50,13.13,11.60
3503269,NSCF DECAF CLASSIC COFFEE     ,G4PG53              ,5,22,7.60,10.15,7.90,8.60
3506039,FOLGER SMPL SM MDRST          ,G4PG63              ,7,7,4.81,19.50,13.13,10.59
3502085,KRO MRCDO INSTNT ESPRSSO      ,G4PG65              ,4,20,7.87,10.95,7.24,7.70
3598385,STO FT PERV SWP DECF COFF     ,G4PG73              ,5,20,7.50,9.44,8.69,4.30
3501727,FREE REIN CF TX PCN PDS       ,G4PG75              ,6,17,6.00,8.00,12.00,6.00
3501121,FOLGER INSTANT COFFEE STK     ,G4PG83              ,4,47,6.90,7.10,5.60,1.10
3501271,AGGIE REVEILLE POD 12CT       ,G4PG85              ,2,24,8.00,12.00,6.00,2.75
3506429,KRO DONUT SHP BLND COFFEE     ,G4PH02              ,8,7,4.63,19.13,12.88,10.70
3500695,LUZN TEA BAGS FAMILY SIZE     ,G4PH04              ,3,20,10.00,10.00,10.00,5.80
3595339,STO FT COLMBN GRND COFFEE     ,G4PH12              ,4,20,7.50,9.44,8.69,4.81
3506564,DNKN DECAF COFFEE KCUP        ,G4PH14              ,5,20,6.35,11.99,7.99,2.60
3501806,NSCF GLD ESPRS INSTNT COF     ,G4PH22              ,6,39,6.40,8.30,5.45,4.73
3501301,RDMND TEA BAGS                ,G4PH24              ,3,20,9.75,11.77,6.85,3.30
3503937,FOLGER 100% COLMBN COF        ,G4PH32              ,7,16,5.42,12.44,8.50,4.67
3598410,STO HOUSE BLEND GRD COFF      ,G4PH53              ,4,20,7.40,7.94,7.94,5.10
3503683,CMTY COF CHCRY DRK KCUP       ,G4PH55              ,5,20,6.56,12.63,8.25,2.90
3504927,FOLGER CLSC RST KURG CS 1     ,G4PH63              ,4,10,8.13,16.06,12.00,6.30
3505643,FOLGER DCF INSTANT COFFEE     ,G4PH65              ,5,20,6.63,11.06,7.13,4.20
3502107,CFMT FRNCH VANLA COF CRMR     ,G4PH73              ,4,20,8.65,14.45,5.90,5.98
3501601,FREE REIN CF HMST MD PDS      ,G4PH75              ,6,17,6.00,8.00,12.00,5.00
3502197,DNKN ORIGINAL KCUP            ,G4PH83              ,4,10,8.13,15.31,12.00,7.20
3502437,CFMT HAZELNUT CREAMER         ,G4PH85              ,4,30,7.00,9.30,6.50,6.59
3500951,TCHC FRENCH RST INST CFE      ,G4PJ02              ,4,30,7.40,7.60,7.50,6.10
3526365,FOLGER CLSC RST CFE SNGLS     ,G4PJ04              ,4,15,9.50,15.90,7.60,4.70
3503446,NESCAFE CLASICO BRAZIL DA     ,G4PJ12              ,4,22,7.65,10.75,7.65,8.89
3506565,DNKN FRNCH VNLLA CF KCUP      ,G4PJ14              ,5,20,6.35,11.99,7.99,2.60
3504299,KRO MASTER BLEND COFFEE       ,G4PJ22              ,6,7,6.13,19.38,13.38,12.00
3500803,FOLGER INSTANT COFFEE         ,G4PJ24              ,4,16,7.77,12.13,8.19,6.00
3501595,FREE REIN CF AM DR DR PDS     ,G4PJ32              ,6,17,6.00,8.00,12.00,5.00
3502062,FREE REIN CF PRSP LR PDS      ,G4PJ63              ,6,17,6.00,8.00,12.00,5.00
3503745,CMTY COFFEE AMERICAN KCUP     ,G4PJ65              ,5,20,6.38,12.00,8.50,4.88
3501062,KRO BOLD SATIN ROAST COFF     ,G4PJ73              ,7,7,4.88,19.38,13.38,11.76
3501304,DNKN FRNCH VNLA COFF PODS     ,G4PJ75              ,4,15,7.69,15.44,7.88,4.70
3503513,CMTY COF RBCHIC COFFEE        ,G4PJ83              ,3,19,9.75,12.25,6.13,6.16
3598257,STO HOUSE BLEND WB COFFEE     ,G4PJ85              ,3,20,9.38,7.94,7.94,5.10
3502103,CFMT ORGNL LQUD COF CRMR      ,G4PK02              ,4,20,8.30,14.45,5.90,6.76
3506180,CMTY COF CHCRY DRK KCUP       ,G4PK04              ,4,20,8.00,12.00,6.38,2.20
3506666,BSTLO COFFEE BRICK            ,G4PK12              ,6,20,5.62,14.25,6.56,8.00
3503515,CMTY COF DB IN BLN DR GR      ,G4PK22              ,3,28,9.75,11.50,6.00,10.07
3503598,CMTY COF DRKBLD ESSPR RG      ,G4PK32              ,3,28,9.75,11.50,6.00,10.07
3503693,CMTY COF SNTR BD DK RT CF     ,G4PK53              ,4,15,7.94,15.50,8.00,5.51
3500866,NSTL COFFEE MATE HZLNT TB     ,G4PK63              ,4,20,8.65,14.45,5.90,5.98
3503540,DNKN CRML CAKE GRND CFFEE     ,G4PK65              ,4,28,9.10,11.50,5.50,4.90
3503710,CMTY COF BKFT BD MD RT CF     ,G4PK73              ,4,15,7.94,15.50,8.00,5.51
3590144,DNKN ORIGINAL RNG COFFEE      ,G4PK75              ,4,17,9.50,14.56,6.44,7.80
3503716,CMTY COF DB INTS BLND CP      ,G4PK83              ,4,20,8.50,12.00,6.38,3.69
3503015,CMTY COF CAFE SPCL GRND       ,G4PK85              ,3,28,9.50,11.50,6.00,5.00
3503720,CMTY COF BRKFST BLND GRND     ,G4PL02              ,3,28,9.50,11.50,6.00,5.00
3503036,CMTY COF COLOMBIA CLASSCO     ,G4PL04              ,3,28,9.50,11.50,6.00,5.00
3504191,NSCF CAFE DE OLLA CIN COF     ,G4PL12              ,5,22,7.10,10.10,7.45,7.08
3503040,CMTY COF HAZELNUT GRND        ,G4PL14              ,3,28,9.50,11.00,6.00,5.00
3501917,NSCF FLV INST CFF VNLLA       ,G4PL22              ,6,22,6.75,10.55,7.90,7.90
3503804,CMTY COF DARK ROAST WBEAN     ,G4PL32              ,3,28,9.50,11.00,5.50,5.50
3503619,FOLGER CLASSIC ROAST KCUP     ,G4PL34              ,4,15,7.69,15.44,7.88,4.00
3503813,CMTY COF SNTR BD DK RT CF     ,G4PL53              ,4,10,8.38,15.38,12.13,7.70
3503055,CMTY COF BREAKFST BLND WB     ,G4PL55              ,3,28,9.50,11.00,5.50,5.50
3503830,CMTY COF BKFT BD MD RT CF     ,G4PL63              ,4,10,8.38,15.38,12.13,7.70
3503068,CMTY COF MARDI GRAS GRND      ,G4PL65              ,4,28,8.50,11.18,5.63,5.00
3503836,CMTY COF CAFE GRC RB          ,G4PL73              ,3,19,9.75,12.25,6.13,6.16
3501288,DNKN COLOMBIAN CFFE KCUP      ,G4PL75              ,6,20,6.35,11.99,7.99,2.60
3503859,CMTY COF CAFE SPCL GRND       ,G4PL83              ,3,20,11.60,11.60,7.80,10.00
3505642,FOLGER INST CLSC CF CRYST     ,G4PM02              ,5,20,6.63,11.13,6.13,4.20
3503258,DNKN DCF GRD ORIG BLD COF     ,G4PM04              ,4,28,8.50,11.70,5.50,5.30
3506231,GVLA CAPPUCCINO KCUP          ,G4PM12              ,8,12,4.25,11.88,12.00,3.30
3501244,AGGIE COWBY BOLD POD 12CT     ,G4PM14              ,2,24,8.00,6.00,12.00,2.75
3503155,CMTY COF HLF CAFF MED DRK     ,G4PM24              ,3,28,9.75,11.50,6.00,4.80
3501582,LUZN DECAF TEA FAMILY SZ      ,G4PM32              ,5,23,7.38,10.06,8.06,2.90
3503176,CMTY COF  CHICORY GRND        ,G4PM34              ,3,28,9.50,11.50,6.00,5.00
3503863,CMTY COF BRKFST BLND GRND     ,G4PM53              ,3,20,11.60,11.60,7.80,10.00
3503196,CMTY COF DCAF GRND SPCL       ,G4PM55              ,3,28,9.50,11.50,6.00,5.00
3503895,CMTY COF FRST LT PDS LR       ,G4PM63              ,4,20,8.50,12.00,6.38,3.00
3503218,CMTY COF HOUSE BLEND GRND     ,G4PM65              ,3,28,9.50,11.00,6.00,5.00
3503348,KRO ND COFF CREAMER           ,G4PM73              ,3,26,9.56,10.38,7.06,7.10
3500957,FRCC AMERICAN DIRT COFFEE     ,G4PM75              ,4,20,7.88,9.63,9.13,5.50
3503898,CMTY COF DARK ROAST GRND      ,G4PM83              ,3,20,11.60,11.60,7.80,10.00
3503224,CMTY COF CARAMEL GROUND       ,G4PM85              ,3,28,9.50,11.25,5.75,5.50
3506738,LUZN SWEET TEA BAGS 22CT      ,G4PN02              ,5,30,7.13,8.13,8.00,2.48
3504721,DUNKIN BUTTER PECAN KCUP      ,G4PN12              ,7,20,6.35,11.99,7.99,2.61
3503637,KRO ND CRMR HAZELNUT          ,G4PN22              ,4,30,7.81,9.75,6.31,6.45
3503927,CMTY COF DRK BLD ESPR         ,G4PN32              ,3,28,9.25,11.56,6.00,5.00
3503634,FOLGER BLCK SLK GRD KCUP      ,G4PN53              ,4,15,7.69,15.44,7.88,4.00
3504774,8OCLK CFE ORIGNL MR WB        ,G4PN55              ,4,30,7.88,8.13,8.12,4.48
3503919,NSCF GOLD DECAF ESPR INST     ,G4PN63              ,6,39,6.30,8.10,5.35,4.63
3501122,NSCF CLSCO DRK RST COFFEE     ,G4PN73              ,4,22,7.50,10.50,7.65,8.70
3505237,LUZN UNSWEET ICED TEA POD     ,G4PN83              ,5,20,6.00,7.56,11.50,2.09
3503247,CMTY COF PECAN PRLN GRND      ,G4PN85              ,3,28,9.50,11.25,5.75,5.50
3501552,LUZN TEA BAGS FAMILY SIZE     ,G4PP02              ,4,23,6.90,9.50,7.80,3.10
3501818,LUZN COLD BREW BLACK TEA      ,G4PP12              ,5,23,7.30,10.60,8.00,2.60
3503426,CMTY COF AMRCN CLASSIC        ,G4PP14              ,4,28,9.00,11.25,6.00,4.75
3503350,CMTY COF NEW ORLEANS BLND     ,G4PP22              ,3,28,9.25,11.25,5.75,4.90
3505305,8OCLK ORIGINAL WB BOFFEE      ,G4PP34              ,4,20,8.63,14.31,6.10,7.80
3505309,8OCLK ORIGINAL GRND COFFE     ,G4PP53              ,4,20,8.63,14.31,6.10,7.80
3501340,8OCLK COLOMBIAN PEAKS GRO     ,G4PP55              ,4,30,7.88,8.13,8.13,4.30
3505312,8OCLK CLMBN PEAKS WB COFF     ,G4PP63              ,4,20,8.63,14.31,6.30,7.80
3502042,EIGHT OCLOCK COFFEE ORI       ,G4PP65              ,4,30,7.88,8.13,8.13,4.30
3500231,NESCAFE GOLD CARAME           ,G4PP73              ,6,39,6.30,8.10,5.30,4.67
3501101,DNKN HAZELNUT COFFEE KCUP     ,G4PP75              ,5,20,6.35,11.99,7.99,2.72
3594661,ST PRTN MUSH DECAF COFF       ,G4PP83              ,7,13,5.50,13.50,9.00,5.10
3506194,CMTY COF CAFE SPEC KCUPS      ,G4PP85              ,4,20,8.00,12.00,6.38,2.20
3594972,BTYC HMSTYL CHS SCLLP POT     ,G4PQ02              ,4,16,8.12,12.00,10.00,4.80
3506169,CMTY COF CRNVL CAKE KCUPS     ,G4PQ04              ,2,24,8.00,12.00,6.38,2.20
3595412,BTYC AU GRATIN POTATOES       ,G4PQ14              ,4,16,8.12,12.00,10.00,4.80
3500776,NESCAFE GOLD VANILL           ,G4PQ22              ,6,39,6.30,8.10,5.30,4.67
3501118,CAFE BUSTELO ESPRSS KCUP      ,G4PQ24              ,4,15,7.69,15.44,7.88,4.82
3595068,BTYC SWT POT MSH POTATOES     ,G4PQ32              ,4,33,8.25,9.93,5.68,2.46
3501948,NSCF FLV INST CFF MOCHA       ,G4PQ53              ,6,22,6.75,10.55,7.90,7.90
3595181,BTYC SCALLPD CASSRL POT       ,G4PQ55              ,4,16,8.12,10.81,10.12,4.60
3501126,CMTY COF CN RLL PODS          ,G4PQ63              ,4,20,8.00,12.00,6.38,2.25
3597545,BTYC CHEDDR CLASSIC 3 CHS     ,G4PQ65              ,4,16,8.12,12.00,10.00,4.80
3594736,ST WHEY PROTEIN COFFEE        ,G4PQ73              ,7,13,6.00,13.75,9.50,5.10
3515221,STVTP TURKEY STUFFING MIX     ,G4PQ75              ,4,16,8.00,11.50,10.50,5.90
3501331,CMTY COF CHOCLVA CAKE POD     ,G4PQ83              ,4,20,8.00,12.00,6.38,2.25
3501102,DNKN HZLNUT KCUPS             ,G4PQ85              ,4,15,7.69,15.44,7.88,4.23
3503167,OSCM BACON BITS               ,G4PR02              ,7,33,4.13,8.25,6.75,1.50
3501310,DUNKIN  DECAF MDM K CUP       ,G4PR04              ,4,15,7.69,15.44,7.88,4.74
3504159,CMTY COF ICD CF VNL POD       ,G4PR12              ,4,20,8.50,6.38,12.00,2.64
3505238,LUZN SWEET ICED TEA POD       ,G4PR22              ,5,20,6.00,7.56,11.50,2.12
3584604,KRO CORNBREAD STUFFNG MX      ,G4PR24              ,4,16,8.25,12.31,10.19,5.50
3504185,CMTY COF ICD CFFE BLK POD     ,G4PR32              ,4,20,8.50,6.38,12.00,2.64
3584605,KRO PORK STUFFING MIX         ,G4PR53              ,4,16,8.38,12.38,10.25,5.50
3503571,STVTP CHICKEN STUFFING MX     ,G4PR63              ,4,16,7.70,11.30,10.50,5.80
3590936,BTYC MASHED POTATO BUDS       ,G4PR65              ,3,18,11.37,13.50,7.87,12.25
3501202,AGGIE BOTTLECAP POD 12CT      ,G4PR75              ,2,24,8.00,6.00,12.00,2.75
3598686,KRO CHICKEN STUFFING MIX      ,G4PR83              ,4,16,8.38,12.38,10.25,5.50
3501147,AGGIE TEXAS PCN POD 12CT      ,G4PR85              ,2,24,8.00,6.00,12.00,2.75
3515214,STVTP CORN BREAD STUFFING     ,G4PS22              ,5,16,8.00,11.00,10.50,5.60
3590701,BTYC RSTD GRLC MSHD POT       ,G4PS24              ,4,33,8.25,9.93,5.68,2.10
3596336,BC JULIENNE CSRL POTATOES     ,G4PS32              ,4,16,8.12,12.00,10.00,4.85
3595666,BTYC SCALLOPED POTATOES       ,G4PS34              ,4,16,8.12,12.00,10.00,4.80
3578277,STVTP SAVORY HERB STUFFNG     ,G4PS53              ,5,16,8.10,11.30,10.40,5.90
3598661,KRO TURKEY STUFFING MIX       ,G4PS55              ,4,16,8.25,12.31,10.19,5.50
3513642,HRSHY SYRUP BOTTLE FAM SZ     ,G4QA02              ,3,10,11.00,22.00,7.90,39.50
3502598,DUNHNS DLY PRTN CHO CK MX     ,G4QA04              ,3,22,11.25,10.38,7.63,12.83
3508297,WHT WNG FLOUR                 ,G4QA12              ,5,12,7.50,12.10,11.80,30.50
3503454,DUNHNS DLY PRTN YLW CK MX     ,G4QA14              ,3,22,11.25,10.38,7.63,12.83
3505324,KROGER APPLE CIDER VNEGAR     ,G4QA73              ,3,12,12.50,13.00,13.00,38.00
3590800,STAR EXTRA VRGN OLIVE OIL     ,G4QA75              ,4,25,9.80,9.80,6.50,16.60
3515500,BISQK PANCAKE  BAKING MX      ,G4QA83              ,3,12,10.80,13.60,11.80,33.00
3503792,BTYC SPR MST CH FDG CK MX     ,G4QA85              ,4,16,7.56,11.87,9.50,12.20
3502949,MBTW SYRUP                    ,G4QB02              ,3,13,12.00,14.06,9.38,29.79
3503332,BTYC REESES NT BTR CKI MX     ,G4QB04              ,4,16,8.25,11.87,10.00,10.27
3503309,PONR ROAST PORK GRAVY MIX     ,G4QB12              ,3,56,6.25,6.38,4.75,1.56
3514931,BTYC SUGAR COOKIE MIX         ,G4QB14              ,3,16,8.50,13.20,9.20,14.40
3508407,PONR CMPLT BTRMLK PNCK MX     ,G4QB22              ,3,9,9.10,13.10,12.60,26.10
3515069,BTYC CHOC CHIP COOKIE MIX     ,G4QB24              ,5,16,8.10,13.00,9.50,14.60
3506370,PLMG SLF RISNG WHT CORNML     ,G4QB32              ,5,10,7.50,16.00,11.00,41.50
3503653,KRO PLAIN BREAD CRUMBS        ,G4QB34              ,5,22,7.00,10.38,7.13,7.10
3504267,PONR BAKING MIX               ,G4QB53              ,3,9,10.10,13.60,12.10,27.60
3503803,KRO ITALIAN BREAD CRUMBS      ,G4QB55              ,5,22,7.00,10.38,7.13,7.10
3502583,LGCB REGULAR SYRUP            ,G4QB63              ,3,15,10.70,13.60,10.00,27.51
3501817,CAMP CHICKEN GRAVY            ,G4QB65              ,7,20,4.13,10.94,8.13,9.00
3501111,CRCKPT POT ROAST SEASON       ,G4QB73              ,6,72,5.75,5.69,4.31,1.10
3502879,PONR TURKEY GRAVY MIX         ,G4QB75              ,5,56,6.63,6.63,5.00,1.50
3596153,STO CANNED PUMPKIN            ,G4QB83              ,7,17,4.75,12.00,9.00,14.00
3505194,C SHLBY WHITE CHKN CHILI      ,G4QB85              ,5,32,6.25,9.25,6.13,2.50
3505143,PRSL AVOCADO OIL              ,G4QC02              ,2,45,11.50,8.00,5.25,23.50
3590597,STO PANKO                     ,G4QC04              ,3,20,9.00,13.81,5.19,3.60
3504808,KRO COUNTRY SAUSAGE GRAVY     ,G4QC12              ,8,17,4.63,12.13,9.00,13.10
3503593,PRSL PARM HERB PANKO          ,G4QC14              ,4,31,8.75,11.13,5.13,2.40
3501172,HEINZ HMSTYL MSHROOM GRVY     ,G4QC22              ,6,18,5.60,11.10,8.80,15.00
3500849,SHKNBK PORK SSND MX 2CT       ,G4QC24              ,4,24,7.50,10.00,7.88,4.60
3505868,MCCO BROWN GRAVY MIX          ,G4QC32              ,4,60,5.75,8.75,5.00,2.00
3500211,HORMEL ORIGINAL CHILI SEA     ,G4QC34              ,6,37,5.44,8.81,5.94,2.00
3502438,DLY PRTN CRM STRWBR FRST      ,G4QC53              ,10,15,3.94,14.75,7.44,8.69
3528474,PONR COUNTRY GRAVY MIX        ,G4QC55              ,5,20,6.00,9.50,9.50,4.80
3503396,KRO TURKEY GRAVY              ,G4QC63              ,7,19,5.25,11.25,8.50,16.00
3502079,MAWT WILDBERRY MUFFIN MIX     ,G4QC65              ,4,28,7.50,12.00,5.50,5.70
3501448,HUNGRY JACK 5 LB PANCAKE      ,G4QC73              ,4,10,9.06,11.60,15.50,32.50
3505273,HORMEL MILD CHILI SEASONI     ,G4QC75              ,6,37,5.44,8.81,5.94,2.00
3500655,MRTN NATURES SEASONING        ,G4QC83              ,6,26,6.30,9.70,7.30,7.40
3505278,MCCORMICK 30% LESS SODIUM     ,G4QC85              ,5,60,6.25,5.25,4.38,0.98
3577081,LIBBY CNTRY SAUSAGE GRAVY     ,G4QD02              ,7,15,4.56,12.37,9.25,12.60
3503568,PONR COUNTRY FF GRAVY MIX     ,G4QD04              ,4,40,6.30,9.50,4.70,2.30
3503445,KRO CHICKEN GRAVY             ,G4QD12              ,7,19,5.25,11.25,8.50,16.00
3505865,MCCO CHILI SEASON MIX         ,G4QD14              ,3,60,6.25,8.69,5.25,2.40
3501841,CAMP BEEF GRAVY               ,G4QD22              ,9,20,4.00,12.88,9.50,9.00
3500199,KRO LIGHT BROWN SUGAR         ,G4QD32              ,6,10,5.75,18.00,12.75,25.00
3500837,KRO PECAN PIECES              ,G4QD34              ,5,20,6.88,7.25,12.00,3.15
3500240,PONR SAUSAGE GRAVY MIX        ,G4QD53              ,4,20,6.40,9.00,9.50,4.90
3500018,STEVIA EXTRACT IN THE RAW     ,G4QD55              ,4,8,8.00,18.10,11.00,4.90
3502036,KRO WHITE COOKING WINE        ,G4QD63              ,4,45,9.25,7.00,4.50,5.90
3500736,SHKNBK EXTRA CRISPY           ,G4QD65              ,2,24,7.50,10.00,7.88,4.60
3528476,PONR BISCUIT GRAVY MIX        ,G4QD73              ,4,20,6.20,9.50,9.00,4.80
3502014,BTYC GLTN FR CHOC CHP CKY     ,G4QD75              ,3,38,7.81,10.00,6.37,8.14
3510759,HEINZ HMSTYL TURKEY GRAVY     ,G4QD83              ,6,18,5.00,11.50,9.00,14.10
3501475,PAM CKNG SPR OLV OIL 2PK      ,G4QD85              ,4,26,9.69,9.50,7.19,8.10
3500864,KRO GRAPESEED OIL             ,G4QF02              ,6,34,10.00,5.95,8.80,10.00
3596202,BRTL XVRG OLV OIL DRS DRZ     ,G4QF12              ,6,45,9.30,7.80,5.50,6.97
3504058,HEINZ HMSTYL PORK GRAVY       ,G4QF22              ,6,18,5.50,8.80,11.60,14.80
3505639,PILLSBURY SWIRL CAK           ,G4QF24              ,6,12,7.56,11.94,12.88,13.88
3510766,HEINZ HMSTYL CHICKEN GRVY     ,G4QF32              ,6,18,5.50,11.50,9.00,14.40
3503708,PONR FF BROWN GRAVY MIX       ,G4QF34              ,6,56,6.30,6.20,4.70,1.70
3510764,HEINZ HMSTYL BEEF GRAVY       ,G4QF53              ,6,18,5.20,11.50,8.50,14.10
3504205,KRO GRAHAM CRACKER CRUMBS     ,G4QF55              ,6,16,5.81,12.50,8.75,6.00
3505866,MCCO AU JUS GRAVY MIX         ,G4QF63              ,6,60,4.38,6.25,5.25,1.00
3504460,KRO SWEETND COCONUT FLAKE     ,G4QF65              ,5,20,6.50,10.24,8.66,6.00
3512893,DMNO PURE CANE GRNLT SUGR     ,G4QF73              ,6,10,7.50,19.00,9.50,40.00
3505110,KROGER RED WINE VINEGAR       ,G4QF83              ,3,59,9.38,6.56,4.38,5.60
3500801,PLLSBRY FUNFETTI CK MIX       ,G4QG02              ,6,12,7.56,12.88,11.94,16.58
3595787,FLRD DMERARA CANE SUGAR       ,G4QG12              ,10,10,5.00,15.25,10.50,12.69
3591618,STO CCNT MLK 17-19% FAT       ,G4QG22              ,10,16,4.53,12.60,9.02,12.40
3503373,HEINZ HMSTYL BROWN GRAVY      ,G4QG32              ,6,18,5.38,11.56,8.75,14.27
3591106,KRO 100% PURE OLIVE OIL       ,G4QG53              ,4,27,10.20,9.84,6.62,13.20
3595751,ST PROTEIN BROWNIE            ,G4QG63              ,5,21,7.75,12.50,6.25,6.47
3500890,BRTL BALSAMIC VINEGAR         ,G4QG73              ,5,34,9.40,6.28,8.08,10.45
3501007,CARN LECHE FLV EVPRT MILK     ,G4QG83              ,8,8,4.00,17.90,12.35,23.20
3503471,KRO PUMPKIN                   ,G4QH02              ,10,10,5.00,16.20,12.10,27.00
3505325,KROGER APPLE CIDER VNEGAR     ,G4QH12              ,5,10,9.50,20.00,10.50,40.00
3505403,LWRY CASERO GRLC PWDR         ,G4QH22              ,5,20,6.44,11.19,8.31,7.87
3504629,KRO LT CORN SYRUP PLASTIC     ,G4QH32              ,3,11,9.63,11.81,13.75,36.70
3500942,BRTL RED WINE VINEGAR         ,G4QH53              ,5,34,9.40,6.28,8.08,10.45
3501013,KRO SIMPLY5 CHOC SYRUP        ,G4QH63              ,5,20,7.12,9.25,9.56,17.00
3500256,KRO IODIZED SALT              ,G4QH73              ,8,7,5.50,20.19,13.57,41.30
3502130,PTS GL CMP BM PNCK WFL MX     ,G4QH83              ,5,9,8.90,13.10,12.40,26.60
3500959,BRTL WHITE WINE VINEGAR       ,G4QJ02              ,5,34,9.40,6.28,8.08,10.45
3500253,KRO FREE FLOWING SALT         ,G4QJ12              ,8,7,5.50,20.19,13.57,41.30
3502866,CPRI SN STRWBRY KIWI 30PK     ,G4QJ22              ,8,16,5.50,11.00,9.50,13.20
3500344,SMRTWY GROUND BLCK PEPPER     ,G4QJ32              ,8,80,4.13,5.25,3.25,1.20
3591606,KRO EXTRA VRGN OLIVE OIL      ,G4QJ53              ,4,42,8.70,8.10,5.50,6.90
3505608,HEINZ HMSTYL AU JUS GRAVY     ,G4QJ63              ,8,18,5.38,11.56,8.75,14.27
3500962,SWMS MRSHMW HT CC MX 30CT     ,G4QJ73              ,4,15,10.75,16.00,7.75,12.38
3523031,LIBBY 100% PURE PUMPKIN       ,G4QJ83              ,12,10,4.80,16.00,12.40,25.70
3500690,KRO REG MARSHMALLOWS          ,G4QK02              ,5,10,8.50,15.75,12.00,8.80
3505555,BETTY CROCKER MMS P           ,G4QK12              ,6,17,8.00,11.75,9.12,9.50
3500883,SWMS DBL CHOC FLAV 6CT        ,G4QK22              ,4,20,10.88,11.94,8.13,6.98
3505623,BTYC PB CC SFT CKIE MX        ,G4QK32              ,5,20,9.00,10.00,6.00,8.30
3506018,PRL MLG LITE SYRUP BUTTER     ,G4QK53              ,3,12,10.00,13.00,11.44,24.70
3503390,BTYC REESES NO BAKE BR MX     ,G4QK55              ,4,17,8.25,11.75,9.12,9.90
3501093,SMRTWY PAPRIKA                ,G4QK63              ,5,80,4.13,5.25,3.25,1.10
3502820,HD VLY RNCH NGHT SSNG MIX     ,G4QK65              ,6,23,6.13,8.81,5.94,1.83
3503197,KRO BEEF GRAVY                ,G4QK73              ,7,19,5.25,11.25,8.50,16.00
3505375,KRO MARSHMALLOW CREME         ,G4QK83              ,5,6,6.50,19.00,14.50,12.10
3590665,ST ITALIAN BREADCRUMB         ,G4QK85              ,5,37,6.13,8.50,7.75,4.50
3505562,BTYC SPR MST VNLA CKE MIX     ,G4QL02              ,6,16,7.56,11.87,9.50,12.25
3505826,PRSL GRDE A AMBR MPLE SYR     ,G4QL12              ,4,18,8.00,12.50,8.25,22.00
3508407,PONR CMPLT BTRMLK PNCK MX     ,G4QL22              ,3,9,9.10,13.10,12.60,26.10
3502779,LIBBY 100% PURE PUMPKIN       ,G4QL32              ,10,8,4.50,17.60,11.70,26.30
3501829,CAMP TURKEY GRAVY             ,G4QL53              ,9,20,4.13,10.94,8.13,9.05
3590723,ST PLAIN BREADCRUMB           ,G4QL55              ,5,37,6.13,8.25,7.75,4.50
3502381,DLY PRTN CRMY VNLLA FRTNG     ,G4QL63              ,10,15,3.94,14.75,7.44,8.69
3501528,KRO UNSWTND COCONUT FLAKE     ,G4QL65              ,6,20,5.28,9.25,8.54,3.10
3502525,MBTW SYRUP PLASTIC            ,G4QL73              ,4,12,10.00,12.00,11.00,25.80
3506021,PRL MLG COMP BTRMLK PANCK     ,G4QL83              ,5,12,7.00,12.80,12.40,25.70
3501016,BRTL CKNG OIL CNLA   OLV      ,G4QM22              ,6,33,10.50,6.22,9.33,9.98
3501029,BRTL CKNG OIL CNLA   OLV      ,G4QM32              ,6,20,10.90,11.90,7.90,19.21
3500529,SMRTWY GRND CINNAMON          ,G4QM53              ,8,80,4.13,5.25,3.25,1.20
3512943,HEINZ APPLE CIDER VINEGAR     ,G4QM63              ,3,11,9.80,14.50,11.00,35.10
3507772,HRSHY SPEC DRK CHOC SYRUP     ,G4QN02              ,3,16,9.50,12.50,8.50,17.50
3501524,PLBRY MLK CHOC BROWNIE MX     ,G4QN04              ,4,16,7.56,11.94,9.88,15.50
3503249,PLBRY FNFTI GF CAKE MIX       ,G4QN12              ,4,16,7.91,11.86,9.88,14.50
3504793,BTYC DLTS SUPR BROWNIE MX     ,G4QN14              ,4,17,7.75,11.93,9.12,13.00
3521983,STNS SYRUP GLASS              ,G4QN73              ,5,15,7.00,12.50,9.50,20.00
3505300,KRAFT JETPFF MARSHM CREME     ,G4QN75              ,8,20,4.13,11.81,7.88,3.40
3505322,KROGER DSTLLD WHT VINEGAR     ,G4QN83              ,4,17,7.80,12.00,9.00,21.00
3502365,DLY PRTN VNLA CK MIX          ,G4QN85              ,3,22,11.25,10.38,7.63,12.83
3506006,PRL MLG PANCAKE MIX           ,G4QP02              ,4,12,8.69,12.81,12.50,26.70
3503615,PRSL ITALIAN PANKO            ,G4QP04              ,4,31,8.75,11.13,5.13,2.40
3502113,JIFFY BAKING MIX              ,G4QP12              ,4,14,9.19,13.50,10.50,21.18
3500100,EAGLE SWTND CONDENSD MILK     ,G4QP14              ,4,48,9.13,4.00,9.88,6.00
3502315,MBTW LITE SYRUP PLASTIC       ,G4QP22              ,3,16,10.38,12.63,11.25,25.30
3504446,KRO SWEETND COCONUT FLAKE     ,G4QP24              ,6,10,5.63,15.47,10.63,11.50
3505707,SMRTWY GARLIC POWDER          ,G4QP32              ,7,80,4.13,5.25,3.25,1.10
3505225,CLBR BAKING POWDER            ,G4QP34              ,8,18,4.06,11.56,8.50,7.20
3513946,CARN EVAPORATED MILK          ,G4QP53              ,8,8,4.00,18.00,12.00,22.60
3500778,SHKNBK CHCKN COATING 2CT      ,G4QP55              ,5,24,7.50,10.00,7.88,4.10
3504142,KRO APPLE PIE FILLING         ,G4QP63              ,7,14,4.90,13.70,10.50,19.50
3505811,KRO BAKING POWDER             ,G4QP65              ,8,18,4.06,11.56,8.50,7.00
3512681,KRO BAKING SODA               ,G4QP73              ,6,9,5.30,14.80,12.80,24.80
3500815,KRO PECAN HALVES              ,G4QP75              ,5,20,6.88,7.25,12.00,3.15
3520560,LIBBY PUMPKIN PIE MIX         ,G4QP83              ,7,10,4.80,16.00,12.40,26.46
3501929,HRSHY SF CHOCOLATE SYRUP      ,G4QP85              ,3,33,9.25,8.38,6.44,7.40
3506916,BISQK REDUCED FAT MIX         ,G4QQ02              ,3,12,9.87,13.43,12.06,27.80
3515151,MRSN PANCAKE KITS MIX         ,G4QQ04              ,4,10,7.10,15.00,10.10,14.00
3512664,AHMR BAKING SODA              ,G4QQ12              ,5,15,7.20,12.50,9.30,26.50
3505787,SWISS MISS HOT COCOA MIX      ,G4QQ14              ,3,15,10.75,16.00,7.75,12.07
3597927,KRO EXTR VIRGIN OLIVE OIL     ,G4QQ22              ,4,30,9.14,9.45,6.42,10.10
3503621,KRO PANKO                     ,G4QQ24              ,2,20,14.00,9.00,5.50,3.50
3506084,KRO XTRA CHRY PIE FILLING     ,G4QQ32              ,7,14,4.90,13.70,10.50,19.50
3500939,PRMR PRTN BTRM PNCK           ,G4QQ34              ,3,22,9.06,10.88,7.06,8.57
3501376,PEARL PANCAKEWAFFLE MIX       ,G4QQ53              ,3,14,10.88,13.75,10.81,33.14
3502793,PLBRY MS SPR CHOC CAK MIX     ,G4QQ55              ,4,16,7.56,11.94,9.88,13.18
3513906,KRO FF SWTND CNDNSD MILK      ,G4QQ63              ,11,8,3.40,18.00,12.00,24.40
3505629,PILLSBURY PISTACHIO           ,G4QQ65              ,5,16,7.56,11.94,9.88,13.18
3506629,PET EVAPORATED MILK           ,G4QQ73              ,9,9,4.00,19.92,12.00,23.30
3501492,PLBRY MS SPR SF YLW CK MX     ,G4QQ75              ,4,16,7.56,11.94,9.88,13.70
3501758,PEARL BUTTER RICH SYRUP       ,G4QQ83              ,3,12,10.69,16.06,9.56,31.10
3506639,BKRS SEMI SWEET CHOC BAR      ,G4QQ85              ,3,32,3.38,8.63,6.31,3.60
3506020,PRL MLG SYRUP                 ,G4QR02              ,4,12,11.13,13.00,11.44,27.70
3506917,BISQK PANCAKE  BAKING MX      ,G4QR12              ,4,12,9.87,13.43,12.06,27.60
3506317,KRO BUTTER PANCAKE SYRUP      ,G4QR22              ,4,14,10.63,13.06,11.79,25.00
3503630,KRO 100% PURE PUMPKIN         ,G4QR32              ,10,17,4.46,12.07,9.04,13.50
3506016,PRL MLG LITE SYRUP REGULR     ,G4QR53              ,4,12,10.13,13.00,11.44,24.70
3500626,STEVIA IN THE RAW SWTNR       ,G4QR63              ,7,15,6.30,13.33,8.75,4.93
3501959,DOMINO SUGAR CUBES            ,G4QR73              ,9,20,4.73,11.86,7.96,12.90
3501060,PILLSBURY 32 OUNCE ALL PU     ,G4QR83              ,7,15,7.00,16.00,7.88,24.87
3506731,KROGER WHITE VINEGAR          ,G4QS02              ,4,9,13.00,13.00,13.00,32.90
3503282,DUNHNS CRML BRWNIE MIX        ,G4QS12              ,4,20,11.25,11.63,7.75,13.98
3502033,KRO SF PANCAKE SYRUP          ,G4QS22              ,4,14,10.45,14.13,9.13,21.90
3503610,KRO BAKING MIX                ,G4QS32              ,4,17,10.00,14.69,6.88,17.50
3506019,PRL MLG BUTTER RICH SYRUP     ,G4QS53              ,4,12,10.13,13.00,11.44,27.50
3504201,PONR BUTTERMLK BAKING MIX     ,G4QS63              ,4,12,11.25,14.06,9.68,24.10
3505325,KROGER APPLE CIDER VNEGAR     ,G4QS73              ,5,10,9.50,20.00,10.50,40.00
3500081,JET PUFF MARSH                ,G4QS83              ,3,8,14.13,18.88,11.75,15.64
3510003,FLRD CANE SUGAR BAG           ,G4QT12              ,10,10,4.50,15.60,10.50,12.70
3503751,SMRTWY DSTLLD WHTE VNGR       ,G4QT22              ,4,11,9.75,15.00,11.25,25.50
3506731,KROGER WHITE VINEGAR          ,G4QT32              ,4,9,13.00,13.00,13.00,32.90
3500636,SMRTWY PARSLEY FLAKES         ,G4QT53              ,8,80,4.13,5.25,3.25,0.50
3506835,DUNHNS CLSC WHITE CAKE MX     ,G4QT55              ,3,22,11.50,10.50,7.50,12.90
3500623,HNJK CMPLT XTR LT PNCK MX     ,G4QT63              ,4,20,9.10,12.60,6.80,13.39
3502292,STAR RED WINE VINEGAR         ,G4QT73              ,4,20,7.88,11.00,7.50,9.50
3502832,JIFFY CORN MUFFIN MIX 6CT     ,G4QT83              ,6,13,5.75,14.00,9.50,14.50
3505284,KKMN PANKO BREAD CRUMBS       ,G4QT85              ,3,11,13.13,7.88,10.63,7.70
3504798,JELLO LEMON GELATIN           ,G4QU53              ,12,20,3.00,13.30,7.30,5.70
3505532,PILLSBURY WHIPPED P           ,G4QU55              ,10,15,3.87,14.44,7.25,6.77
3501836,DUNHNS CMSTK APPLE FILLNG     ,G4QU63              ,5,21,4.63,14.50,7.00,12.27
3503448,PONR CMPLT BTRMLK PNCK MX     ,G4QU65              ,3,28,8.70,12.10,5.70,5.50
3513890,EAGLE CONDENSED MILK          ,G4QU73              ,10,9,3.40,18.00,12.00,22.50
3500486,LCBN ALL NATURAL SYRUP        ,G4QU75              ,4,15,7.50,14.63,7.69,16.71
3503796,BTYC SPR MST WHITE CK MIX     ,G4QU83              ,4,16,7.56,11.87,9.50,13.00
3504023,NSTL ABLT COCOA MIX 8CT       ,G4QU85              ,4,16,7.85,12.10,10.40,7.70
3513661,HRSHY CHOCOLATE SYRUP BTL     ,G4QV53              ,5,8,9.50,17.00,14.00,40.00
3502282,KRO PANCAKE SYRUP             ,G4QV63              ,3,13,11.63,14.63,9.81,40.10
3594585,ST ALMOND MEAL                ,G4QV73              ,4,17,8.31,14.88,6.38,6.80
3500616,HNJK CMPLT BTRMLK PNCK MX     ,G4QV83              ,3,20,13.75,12.50,9.00,13.39
3512950,HEINZ DISTILLED WHT VINGR     ,G4QW02              ,4,11,9.80,14.50,11.00,38.00
3506736,KROGER WHITE VINEGAR          ,G4QW12              ,4,10,10.63,19.94,10.44,34.30
3505276,CRCKPT STEW SSNG CLSC CZY     ,G4QW22              ,6,72,5.75,5.69,4.31,1.18
3503706,KRO ORIGINAL PANCAKE SYRP     ,G4QW32              ,4,14,10.50,18.00,7.00,28.00
3506082,KRO STRAWBRRY PIE FILLING     ,G4QW53              ,7,14,4.90,13.70,10.50,19.50
3501955,DUNHNS DLY PTN CS CAK MIX     ,G4QW63              ,4,25,9.19,11.13,6.50,8.57
3503017,BISQK SHAKE  POUR             ,G4QW65              ,3,17,9.68,12.00,9.31,7.20
3500758,KNOX UNFLVRD GELATIN 4CT      ,G4QW73              ,3,22,6.40,10.90,7.80,4.80
3500978,KRAFT JETPFF MINI FUNMALW     ,G4QW75              ,3,8,10.10,19.10,9.50,11.20
3502835,HD VLY RNCH NGHT SSNG MIX     ,G4QW83              ,6,23,6.13,8.81,5.94,1.84
3506772,SWMS NSA HT COCOA MIX 8CT     ,G4QW85              ,3,22,11.00,10.44,8.00,6.00
3505813,KRO BROWN GRAVY MIX           ,G4QX02              ,5,70,6.50,6.00,4.50,0.70
3506465,KRO BAKING COCOA              ,G4QX12              ,10,8,3.25,17.00,13.00,9.00
3501987,LKYL PREM APL FLLNG TPPNG     ,G4QX22              ,7,21,4.63,13.38,7.00,12.50
3505006,PONR ROASTED BEEF GRVY MX     ,G4QX24              ,4,56,6.63,6.63,5.00,1.56
3502909,NSQK CHOC MILK POWDER MIX     ,G4QX32              ,5,18,6.75,18.20,5.70,9.00
3503179,PONR CHICKEN GRAVY MIX        ,G4QX34              ,4,56,6.63,6.63,5.00,1.70
3505912,WKFL FALSE ALRM CHILI KIT     ,G4QX53              ,6,32,6.25,9.25,6.13,2.40
3505567,PLBRY FLFY FNFTI VAN FRST     ,G4QX65              ,9,15,4.21,14.44,7.25,6.84
3505699,SWMS MILK CHOCOLATE CAN       ,G4QX73              ,4,14,8.00,21.13,5.88,13.31
3502703,HRSHY BAKING COCOA            ,G4QX75              ,7,10,4.50,16.63,9.69,7.72
3505558,JELLO NO BK CHEESECAKE        ,G4QX83              ,3,25,8.13,9.75,7.56,5.10
3528470,PONR BROWN GRAVY MIX          ,G4QX85              ,4,28,6.20,9.30,6.20,2.90
3505417,LWRY SEASONED SALT            ,G4RA02              ,6,19,6.50,11.50,8.50,14.30
3502453,IMPR SUGAR                    ,G4RA12              ,4,15,6.63,10.00,17.13,13.16
3505434,BRTL XTRA LIGHT OLIVE OIL     ,G4RA22              ,3,30,9.30,9.00,6.10,10.20
3502607,GMAS MOLASSES                 ,G4RA32              ,5,20,6.50,11.50,8.30,19.30
3501184,TNYCH SEASONED FRY ALL        ,G4RF02              ,4,16,7.50,10.50,9.70,10.00
3504981,JELLO PINEAPPLE GELATIN       ,G4RF12              ,12,20,3.06,13.44,7.25,5.35
3501559,HNJK MWVBL BUTTER SYRUP       ,G4RF22              ,5,17,7.44,11.12,9.06,13.90
3502340,NSTL HT CCA MNI MRSHMLWS      ,G4RF24              ,4,16,7.85,12.10,10.40,6.96
3505257,LWRY GARLIC SLT W PARSLEY     ,G4RF32              ,6,19,6.50,11.50,8.50,10.50
3501099,BTYC TRPL BERRY MUFFIN MX     ,G4RF53              ,4,24,5.10,10.00,7.80,4.10
3502234,CARN EVAPORATED MILK          ,G4RF63              ,10,12,2.70,15.70,10.50,10.60
3582495,STO FLAXSEED MEAL             ,G4RF65              ,3,17,8.31,14.88,6.38,6.04
3503576,KRO RNBW IC CRM CUPS 18CT     ,G4RF83              ,4,8,9.00,22.00,10.12,5.00
3501913,PLBRY FNFTI CONFETTI FRST     ,G4RF85              ,8,15,4.21,14.44,7.25,8.60
3500807,LCBN SUGAR FREE SYRUP         ,G4RG02              ,3,15,10.56,13.63,10.00,21.85
3500241,BTYC SUPR WLNUT BRWNIE MX     ,G4RG04              ,3,16,11.80,9.60,7.90,14.20
3504990,JELLO SF INST WH CHOC PDG     ,G4RG12              ,12,14,3.06,17.69,7.13,2.60
3503204,BTYC SPR MST SPICE CK MX      ,G4RG14              ,4,16,7.56,11.87,9.50,12.20
3500563,MRTN LITE SALT                ,G4RG22              ,6,25,5.50,10.40,7.50,9.20
3556543, KRO FRST DNT MLT PK 10CT     ,G4RG24              ,4,11,8.25,14.31,10.88,7.50
3503150,KRO SWTND CONDENSED MILK      ,G4RG32              ,11,8,3.50,18.00,12.00,22.50
3507006,DUNHNS SGN RED VLVT CK MX     ,G4RG34              ,3,22,11.50,10.50,7.50,12.90
3510335,KRO SUGAR CONES 12CT          ,G4RG53              ,3,12,10.50,15.50,10.50,7.00
3506092,KRO CHERRY PIE FILLING        ,G4RG63              ,7,14,4.90,13.70,10.50,19.50
3503798,BTYC SPR MST YELLOW CK MX     ,G4RG65              ,4,16,7.56,11.87,9.50,12.20
3506719,KRO EVAPORATED MILK           ,G4RG73              ,9,8,4.00,17.90,12.35,22.70
3506475,PRSL DK CH FDG DSRT TPPNG     ,G4RG75              ,6,32,4.00,6.25,9.00,9.00
3513945,CARN LITE SKIM EVAP MILK      ,G4RG83              ,8,8,4.00,18.00,12.00,22.80
3505660,KRO PECAN PIECES              ,G4RG85              ,5,21,6.63,15.25,5.25,2.50
3505806,NSTL MEDIA CREMA              ,G4RH12              ,8,8,2.87,18.23,12.13,14.40
3500436,MAGN SWTND CONDENSED MILK     ,G4RH22              ,9,9,3.37,17.88,12.00,24.09
3512663,AHMR BAKING SODA              ,G4RH32              ,5,9,5.00,14.70,12.50,29.90
3500517,KRO MINI MARSHMALLOWS         ,G4RH53              ,4,10,8.50,15.75,12.00,8.80
3505673,KRO SLICED ALMONDS            ,G4RH55              ,5,21,6.63,15.25,5.25,2.50
3506415,KRO YELLOW CORNMEAL           ,G4RH63              ,6,8,5.63,16.75,13.25,21.00
3501269,KRO WAFFLE BOWL 10CT          ,G4RH65              ,4,6,7.40,20.50,15.50,8.70
3513662,HRSHY STRAWBERRY SYRUP        ,G4RH73              ,4,16,9.00,12.50,8.80,18.50
3506157,SWMS MLK CHOC MARSH MIX       ,G4RH83              ,4,14,8.00,21.13,5.88,13.05
3555201,HOST SUZY Q SINGLE SRV        ,G4RH85              ,5,10,7.19,15.81,10.31,9.81
3503279,DUNHNS FUDGY BRWNIE MIX       ,G4RJ02              ,3,20,11.25,11.63,7.75,14.66
3506640,BKRS UNSWTN CHOCOLATE BAR     ,G4RJ04              ,3,32,3.50,9.19,6.31,3.60
3508074,BTYC OATMEAL COOKIE MIX       ,G4RJ12              ,3,16,8.50,13.00,9.30,14.40
3501035,BTYC CHOC CHIP MUFFIN MIX     ,G4RJ14              ,4,16,7.50,11.80,9.50,12.60
3595152,STO APPLE PIE FILLING         ,G4RJ22              ,8,21,4.63,13.75,7.00,12.50
3555213,HOST CHURRO DONUT             ,G4RJ24              ,5,10,7.19,18.56,9.56,6.38
3501433,CARN EVAP MILK TETRA          ,G4RJ32              ,4,20,6.90,15.25,5.75,15.27
3555125,SMRTWY FRST MIN DONUT BAG     ,G4RJ34              ,5,10,6.75,18.88,10.06,4.90
3505320,KROGER APPLE CIDER VNEGAR     ,G4RJ63              ,4,17,7.80,12.00,9.00,21.00
3500471,DUNHNS CHWY FUDGE BROWNIE     ,G4RJ73              ,3,20,11.16,11.59,7.66,15.37
3510002,ST CORNBREAD MIX              ,G4RJ75              ,3,20,8.75,10.50,7.75,7.50
3505278,MCCORMICK 30% LESS SODIUM     ,G4RJ83              ,5,60,6.25,5.25,4.38,0.98
3504740,BTYC DLTS CKY BROWNIE BAR     ,G4RJ85              ,5,17,7.75,11.93,9.12,10.70
3500245,DUNHNS CMSTK CHRY PIE FIL     ,G4RK02              ,5,21,4.63,14.50,7.00,12.27
3502912,PRL MLG BTRMLK MIX            ,G4RK04              ,5,23,7.13,11.00,7.44,2.40
3506091,KRO BLUEBERRY PIE FILLING     ,G4RK12              ,7,14,4.90,13.70,10.50,19.50
3503826,BTYC TRAD MLK CHO BROWNIE     ,G4RK14              ,4,16,7.56,11.87,9.50,13.90
3502553,PLLSBRY MS CREAMY ALMOND      ,G4RK22              ,4,16,7.56,11.94,9.88,13.18
3504123,BERTOLLI BALSAMIC GLAZE       ,G4RK24              ,3,46,6.50,6.70,4.70,4.00
3506832,DUNHNS CLSC BTTR CAKE MIX     ,G4RK32              ,3,22,11.50,10.50,7.50,12.90
3502225,BTYC CINN STREUSL MFFN MX     ,G4RK34              ,4,16,7.50,11.80,9.50,11.90
3503044,BTYC SPR MST FR VAN CK MX     ,G4RK53              ,4,16,7.56,11.87,9.50,12.20
3500891,OVALTINE RICH CHOC CAN        ,G4RK55              ,6,20,6.60,12.00,8.00,5.50
3505636,HRSHY SMPLY 5 CHOC SYRUP      ,G4RK63              ,3,16,9.38,12.69,8.50,18.10
3504439,NSQK STRAWBERRY SYRUP         ,G4RK65              ,4,34,8.40,7.30,6.80,9.40
3502144,PONR SWT CRM WFFL MX          ,G4RK73              ,3,28,8.75,12.13,5.75,5.50
3505384,DUNHNS CMSTK NSA CHRY FLG     ,G4RK75              ,6,21,4.63,14.50,7.00,11.62
3501179,TNYCH CREOLE SEASONING        ,G4RK83              ,7,19,4.50,10.80,8.00,7.00
3503848,BTYC SPR MST BUTR CAKE MX     ,G4RK85              ,4,16,7.56,11.87,9.50,12.20
3513347,KRO WAFFLE CONES 12CT         ,G4RL22              ,4,7,12.00,20.50,13.00,10.00
3515147,MRSN YLW CORNBRD MFFN MIX     ,G4RL32              ,6,10,7.00,15.00,10.00,14.70
3505809,NSTL LA LECHERA SWTN MILK     ,G4RL53              ,12,8,3.20,18.00,12.00,24.00
3503472,KRO 100% PURE PMPKN NKD       ,G4RM02              ,5,17,9.00,12.00,9.00,27.50
3502574,MBTW SUGAR FREE SYRUP         ,G4RM12              ,5,16,10.50,12.63,8.63,21.60
3514913,BTYC WHT ANGEL FD CAKE MX     ,G4RM73              ,4,16,8.00,11.60,9.90,14.50
3506469,PRSL CARMEL DSSRT TOPPING     ,G4RM75              ,8,27,4.00,6.25,9.00,9.00
3595843,KNDR ITLN HRB PNKO BLND       ,G4RN02              ,5,28,8.25,10.94,5.38,2.47
3505039,NSQK CHOC MILK MIX POWDER     ,G4RN12              ,6,10,7.65,15.95,5.35,16.10
3500296,KRO POWDERED SUGAR            ,G4RN22              ,5,7,8.00,18.00,10.00,25.00
3555013,HOST STRWB CUPCAKES 8CT       ,G4RN32              ,7,12,5.88,12.80,11.50,6.40
3555410,HOST DONETS MINI FRST BAG     ,G4RN53              ,4,10,8.25,18.50,9.75,7.10
3503006,OVALTINE CLSSC CHOC MALT      ,G4RN55              ,5,20,6.56,15.81,11.88,5.40
3505138,JIFFY HONEY CORN MUFFIN       ,G4RN63              ,6,13,5.75,14.00,9.50,14.50
3500334,BTYC BANANA NUT MUFFIN MX     ,G4RN65              ,4,16,7.50,11.80,9.50,10.70
3512732,MRTN ICE CREAM SALT           ,G4RN73              ,4,15,7.80,13.00,9.70,34.20
3512585,CARN LF EVAPORATED MILK       ,G4RN75              ,8,8,4.00,18.00,12.00,22.80
3503799,BTYC DRK CHOC BROWNIE MIX     ,G4RP02              ,6,16,7.56,11.87,9.50,13.90
3555110,KRO PENUT BUTR WAFER BARS     ,G4RP12              ,4,10,10.81,15.75,11.50,20.00
3508407,PONR CMPLT BTRMLK PNCK MX     ,G4RP22              ,3,9,9.10,13.10,12.60,26.10
3502152,NSQK CNMN CHRO DRN PWD MX     ,G4RP32              ,8,29,5.95,13.00,4.75,4.61
3505144,NSQK CHOCOLATE POWDER         ,G4RP53              ,6,29,5.70,13.00,5.00,4.60
3503497,PLLSBRY MS GLDN BTR CK MX     ,G4RP55              ,4,16,7.56,11.94,9.88,13.18
3502942,BTYC SPR MST BTRPCN CK MX     ,G4RP63              ,4,16,7.56,11.87,9.50,12.20
3506831,DUNHNS DK CHOC FDG CK         ,G4RP65              ,3,22,11.50,10.50,7.50,12.90
3500772,KRO SLICED ALMONDS            ,G4RP73              ,5,20,6.88,7.25,12.00,3.15
3500613,TYNCH CAJUN KICK SSNG         ,G4RP75              ,7,40,4.50,8.50,5.50,3.50
3500763,DUNHNS SGN CARROT CAKE        ,G4RP83              ,3,22,11.50,10.50,7.50,12.90
3501506,PLBRY MS SPR WHIT CAKE MX     ,G4RP85              ,3,16,7.56,11.94,9.88,13.10
3503669,JIFFY VGTRN CORN MFFN MIX     ,G4RQ02              ,6,13,5.75,14.00,9.50,14.50
3515066,DUNHNS SMPL MRNG BBRY MFN     ,G4RQ12              ,3,20,11.25,11.56,7.81,18.01
3505097,BTYC BLUEBERRY MUFFIN MIX     ,G4RQ14              ,6,24,5.00,10.00,7.75,4.50
3501981,MAWT BLUBRY CHSCK MFFN MX     ,G4RQ22              ,4,28,7.75,11.88,5.44,5.90
3501635,PLBRY FNFTI CAKE MIX          ,G4RQ24              ,4,16,7.56,11.94,9.88,13.00
3515153,MRSN CORN KITS CRNBRD MIX     ,G4RQ32              ,4,10,7.10,15.00,10.10,15.00
3505684,KRO WALNUT PIECES             ,G4RQ34              ,5,21,6.63,15.25,5.25,2.50
3502805,MAWT SWT YLLW CORNBRD MIX     ,G4RQ53              ,5,28,7.50,11.88,5.44,5.88
3503013,KRO REGULAR MARSHMALLOWS      ,G4RQ73              ,3,9,11.00,17.50,10.81,13.50
3555466,HOST DONETS MINI PWDR SGR     ,G4RQ83              ,4,10,8.80,17.70,9.60,6.70
3502569,GLDL YELLOW CORNBREAD MIX     ,G4RR02              ,4,28,7.75,11.88,5.44,5.14
3500789,MAWT BANANA NUT MUFFN MIX     ,G4RR04              ,5,28,8.00,12.00,5.50,6.20
3505327,KBLR RDY CRST GRAHM CRCKR     ,G4RR12              ,5,16,6.56,10.50,10.44,8.20
3595794,ST PROT BLUEBERRY MFN MX      ,G4RR22              ,3,21,9.38,12.63,6.38,8.50
3501401,PLBRY SF CH FDG BRWNIE MX     ,G4RR24              ,4,16,7.56,11.94,9.88,11.00
3506837,DUNHNS CLSC YELLOW CK MIX     ,G4RR32              ,3,22,11.50,10.50,7.50,12.90
3500658,PLLSBRY CRTDLLO CKE MIX       ,G4RR34              ,5,12,7.56,11.94,12.88,13.41
3595797,ST PROT APP CIN MFN MX        ,G4RR55              ,3,21,9.38,12.63,6.38,8.50
3595815,ST PROT DOUB CHOC MFN MX      ,G4RR73              ,3,21,9.38,12.63,6.38,8.50
3503858,KRAFT JETPFF JMB MRSHMLLW     ,G4RR83              ,3,8,11.60,18.80,11.70,14.00
3556552,KRO FRST HN BN MT PK 8 CT     ,G4RR85              ,4,8,8.13,16.06,13.06,9.00
3511222,KRAFT JETPFF MARSHMALLOWS     ,G4RS02              ,3,10,11.20,18.20,10.00,13.30
3500656,KRO WALNUT HALVESPIECES       ,G4RS04              ,5,20,6.88,7.25,12.00,3.15
3505177,DUNHNS SGN STRAWBRRY CAKE     ,G4RS12              ,3,22,11.50,10.50,7.50,12.90
3508753,PROG PLAIN BREAD CRUMBS       ,G4RS14              ,4,11,7.20,14.70,11.20,12.50
3505905,GEBH EAGLE CHILI POWDER       ,G4RS22              ,5,36,6.38,8.25,6.38,3.00
3503267,KRAFT JETPFF VAN MLLW BTS     ,G4RS24              ,4,30,6.19,9.25,6.25,1.93
3500282,KRAFT JETPFF MINI MRSHMLW     ,G4RS32              ,2,10,13.00,18.00,9.50,12.90
3555059,HOSTESS SUZY Q                ,G4RS34              ,6,12,5.88,13.06,11.44,6.34
3503162,BYTC SPR MST GRMNCH CK MX     ,G4RS53              ,4,16,7.56,11.87,9.50,12.20
3505156,KRO CHOCOLATE SYRUP           ,G4RS63              ,4,15,8.75,9.81,12.44,20.10
3503779,GM WONDRA POUR  SHAKE         ,G4RS65              ,3,30,7.50,9.60,6.50,6.10
3500070,BKRS ANGEL FLAKE COCONUT      ,G4RS73              ,6,12,5.70,16.00,9.50,9.50
3502483,SWMS HOT COCOA MARSH 8CT      ,G4RS75              ,3,20,10.88,11.88,8.06,10.10
3503164,LKYL PEACH FRUIT FILLING      ,G4RS83              ,8,21,4.62,13.75,7.00,12.50
3505910,OVALTINE RICH CHOC CAN        ,G4RS85              ,7,21,4.75,16.15,5.50,4.10
3503793,BTYC SPR MST DVL FD CK MX     ,G4RT02              ,4,16,7.56,11.87,9.50,12.20
3503460,KRO RED COOKING WINE          ,G4RT04              ,3,45,9.25,7.00,4.50,5.90
3503124,NSQK NSA CHOC MILK MIX        ,G4RT12              ,5,18,6.50,18.00,5.70,7.40
3505370,KRO MARSHMALLOW CREME         ,G4RT14              ,6,10,5.00,15.60,11.60,6.50
3500554,BTYC BLUEBERRY MUFFIN MIX     ,G4RT22              ,4,16,7.50,11.80,9.50,14.20
3556551,KRO PDR SG DNT MT PK 10CT     ,G4RT24              ,4,11,8.25,14.31,10.88,7.50
3515474,JIFFY CORN MUFFIN MIX         ,G4RT32              ,6,13,6.00,13.80,9.50,14.50
3501555,HNJK MICROWAVABLE SYRUP       ,G4RT34              ,4,17,7.44,11.12,9.06,13.90
3501641,PLBRY CHOC FDG BROWNIE MX     ,G4RT53              ,4,16,7.56,11.94,9.88,15.50
3502504,SWMS DIET HT CHOC ENV 8CT     ,G4RT55              ,3,22,11.00,10.44,8.00,4.00
3505906,AHMR FRDG FRZR BAKNG SODA     ,G4RT63              ,6,18,5.00,7.80,12.90,11.80
3503358,BTYC SPR MST TR CH FDG CK     ,G4RT65              ,4,16,7.56,11.87,9.50,12.20
3514893,BTYC DBL CHOC CHNK CKY MX     ,G4RT83              ,3,16,8.50,13.30,9.50,14.60
3555125,SMRTWY FRST MIN DONUT BAG     ,G4RT85              ,5,10,6.75,18.88,10.06,4.90
3505880,PLLSBRY MEX WDDNG CK MIX      ,G4RU04              ,5,12,7.56,11.94,9.88,14.54
3511223,KRAFT JETPFF MINI MRSHMLW     ,G4RU34              ,3,10,11.40,18.00,10.00,13.00
3597690,STAR EXT VRGN OLV OIL         ,G4RU53              ,4,31,8.40,8.60,5.70,10.50
3501902,MAWT BLUEBERRY MUFFIN MIX     ,G4RU63              ,4,28,7.50,12.00,5.50,5.70
3591617,STO BLACK CHIA SEEDS          ,G4RU73              ,6,28,6.63,10.00,6.75,5.30
3506837,DUNHNS CLSC YELLOW CK MIX     ,G4RU83              ,3,22,11.50,10.50,7.50,12.90
3502579,ACNT FLAVOR ENHANCER          ,G4RV12              ,3,40,4.70,8.30,6.10,8.20
3502077,MAWT STRAWBERRY MUFFN MIX     ,G4RV14              ,4,28,7.50,12.00,5.50,5.70
3503588,MAWT CTTN CNTRY CRNBRD MX     ,G4RV22              ,4,28,7.70,11.80,5.40,5.20
3594424,HOST CINN COFFEE CAKE 2CT     ,G4RV24              ,8,9,3.50,17.75,10.75,5.60
3500664,4THHEART ORIGINAL GHEE        ,G4RV32              ,7,28,4.80,9.30,6.60,6.70
3504165,AGAVE IN THE RAW              ,G4RV34              ,3,30,8.80,7.40,6.50,10.30
3502395,BTYC CHOC CHIP MUFFIN MIX     ,G4RV55              ,4,24,5.10,10.00,7.70,4.50
3507008,DUNHNS SGN PINEAPPLE CAKE     ,G4RV63              ,3,22,11.50,10.50,7.50,12.90
3505652,KRO PECAN CHIPS               ,G4RV73              ,4,21,6.63,15.25,5.25,2.50
3515002,BTYC OTML CHOC CHP CKY MX     ,G4RV83              ,3,16,8.50,13.00,9.50,14.40
3513345,KRO JMBO CAKE CONES 12CT      ,G4RV85              ,3,9,10.00,17.00,11.50,4.50
3506040,TNYCH CREOLE SEASONING        ,G4RW02              ,5,28,6.25,9.87,6.50,7.13
3504425,NSQK CLCM FRTFD CHOC SYRP     ,G4RW04              ,3,34,8.40,7.30,6.80,9.40
3507005,DUNHNS SGN LEMON CAKE MIX     ,G4RW12              ,3,22,11.50,10.50,7.50,12.90
3598019,BFREE GF HIGH PRTN CARB       ,G4RW14              ,5,16,5.90,11.60,9.80,6.96
3502191,STAR WHITE WINE VINEGAR       ,G4RW24              ,4,20,7.80,10.80,7.50,9.50
3503116,SWMS CHOC SENSATION 8CT       ,G4RW32              ,3,20,11.00,11.80,8.00,9.00
3507004,DUNHNS SGN SPICE CAKE MIX     ,G4RW34              ,3,22,11.50,10.50,7.50,12.90
3505159,MARTHA WHITE 7.4 OUNCE CI     ,G4RW63              ,4,28,7.75,11.88,5.44,6.17
3501502,PLBRY MS SPR STRWBR CK MX     ,G4RW65              ,3,16,7.56,11.94,9.88,13.10
3506833,DUNHNS CLSC DVLS FD CK MX     ,G4RW73              ,3,22,11.50,10.50,7.50,12.90
3501418,SWMS HOT COCOA MIX 8CT        ,G4RW75              ,3,20,10.88,11.88,8.06,10.10
3514901,BTYC PNUT BTTR COOKIE MIX     ,G4RX22              ,4,16,8.50,13.30,9.50,14.60
3504133,SWEET N LOW PACKETS 250CT     ,G4RX24              ,5,12,7.50,12.50,11.50,7.10
3505666,TNYCH BOLD CREOLE SSNING      ,G4RX32              ,5,28,6.25,9.87,6.50,5.80
3501668,KRO ICE CREAM CUPS 12CT       ,G4RX34              ,3,12,8.80,15.10,10.50,3.20
3503386,MARTHA WHITE 7 OUNCE STRA     ,G4RX53              ,4,28,7.75,11.88,5.44,5.90
3591516,KRO LIGHT OLIVE OIL           ,G4RX55              ,4,42,8.70,8.10,5.50,6.90
3500759,SMRTWY OREGANO LEAF           ,G4RX63              ,8,80,4.13,5.25,3.25,0.50
3501545,PLBRY MS SPR DVL FD CK MX     ,G4RX65              ,4,16,7.56,11.94,9.88,13.10
3508744,PROG ITALIAN BREAD CRUMBS     ,G4SA83              ,5,11,7.00,14.80,10.90,14.00
3597251,KKMN ORANGE SAUCE             ,G4SB02              ,5,45,7.25,7.31,5.00,7.30
3556389,HOST CRNCH MINI DOUGHNUT      ,G4SB12              ,7,12,4.77,13.07,10.57,5.90
3502774,BTYC OREO BROWNIE MIX         ,G4SB53              ,4,32,7.75,9.81,6.00,5.10
3502153,MAWT CHOC CHIP MUFFIN MIX     ,G4SB65              ,3,28,8.00,12.00,5.50,5.90
3500818,KRO CORN STARCH               ,G4SB73              ,6,16,5.75,13.07,8.88,6.48
3502501,SWMS MRSH LVRS HT CHC 6CT     ,G4SB75              ,3,15,11.13,13.81,8.00,6.40
3505321,KBLR RDY CRST GRAHM CRCKR     ,G4SB83              ,5,20,6.38,9.13,9.25,5.70
3501017,DUNHNS DK CHOC FDG BRWNIE     ,G4SB85              ,3,20,11.16,11.59,7.66,15.30
3500066,BTYC SUPR FRSTD BRWNIE MX     ,G4SC02              ,4,16,8.00,11.75,9.75,17.00
3555294,HOST CINN COFFEE CAKE 8CT     ,G4SC04              ,6,12,6.63,12.75,11.50,5.80
3506495,STAR BALSAMIC VINEGAR         ,G4SC22              ,4,20,7.88,11.00,7.50,9.50
3500493,BISQK PANCAKE  BAKING MX      ,G4SC24              ,3,38,7.80,10.00,7.70,7.30
3501510,PLBRY MS SPR YLLW CAKE MX     ,G4SC32              ,4,16,7.56,11.94,9.88,13.10
3504172,SWEET N LOW PACKETS 100CT     ,G4SC34              ,5,12,7.00,16.30,10.00,5.00
3502911,KRO SHRRY COOKING WINE        ,G4SC53              ,4,45,9.25,7.00,4.50,5.90
3502321,NSTL RCH MLK CH HC MX 8CT     ,G4SC63              ,4,16,7.85,12.10,10.40,6.96
3504869,JELLO VANILLA PUDDING         ,G4SC73              ,6,12,4.00,15.50,9.00,8.20
3505570,JELLO NO BK CHRY CHSCKE       ,G4SC75              ,3,25,8.13,9.75,7.56,7.80
3504858,JELLO SGF INST PSTCH PDNG     ,G4SD02              ,8,14,4.00,12.00,9.00,2.20
3504848,JELLO INST BNNA CRM PDNG      ,G4SD04              ,6,14,3.00,7.00,17.50,6.00
3504840,JELLO SGF STRWBRY GELATIN     ,G4SD12              ,3,16,3.50,12.80,8.50,1.90
3504810,JELLO RASPBERRY GELATIN       ,G4SD14              ,4,12,3.00,12.80,7.00,10.50
3504847,JELLO INST LEMON PUDDING      ,G4SD22              ,11,14,3.00,17.50,7.00,5.90
3501583,JELLO INST BNNA CRM PDNG      ,G4SD24              ,8,12,3.70,16.20,9.00,9.20
3504843,JELLO INST CHOC PUDDING       ,G4SD32              ,10,14,3.00,17.50,7.00,6.90
3503818,BTYC FDG BROWNIE MX FM SZ     ,G4SD34              ,4,16,7.56,11.87,9.50,13.90
3504809,JELLO STRAWBERRY GELATIN      ,G4SD63              ,10,12,3.70,16.50,9.00,10.50
3504844,JELLO INST VANILLA PDDING     ,G4SD65              ,10,14,2.50,17.70,7.20,6.00
3504850,JELLO INST PISTACHIO PDNG     ,G4SD73              ,8,14,3.00,7.00,17.50,6.20
3506720,JELLO BERRY BLUE GELATIN      ,G4SD75              ,10,12,3.76,16.27,9.01,10.40
3505595,JELLO NO BK STRWBR CHSCKE     ,G4SD83              ,3,25,8.13,9.75,7.56,8.50
3504974,JELLO SGF INST CHO FDG PD     ,G4SD85              ,10,14,3.00,16.80,7.00,3.30
3504852,JELLO INST CHOC PUDDING       ,G4SF02              ,8,12,3.70,16.30,9.00,10.00
3504794,JELLO STRAWBERRY GELATIN      ,G4SF04              ,9,20,3.00,13.30,7.00,5.70
3504822,JELLO SGF LEMON GELATIN       ,G4SF12              ,4,20,3.00,13.00,7.30,1.20
3504866,JELLO VANILLA PUDDING         ,G4SF14              ,7,14,3.00,17.00,7.00,5.50
3500043,JELLO INST CHSCAKE PUDDNG     ,G4SF22              ,12,14,3.06,17.68,7.12,6.20
3504897,MNRC TAPIOCA                  ,G4SF24              ,5,33,6.00,10.00,6.00,6.70
3504811,JELLO LIME GELATIN            ,G4SF32              ,5,12,3.50,16.00,9.00,10.00
3504797,JELLO ORANGE GELATIN          ,G4SF34              ,12,20,3.00,13.50,7.00,5.10
3504867,JELLO BUTTRSCOTCH PUDDING     ,G4SF53              ,12,14,3.00,17.00,7.00,6.20
3504855,JELLO SGF INST VNLLA PDNG     ,G4SF55              ,8,14,3.00,17.50,7.00,2.60
3504948,JELLO CHOCOLATE PUDDING       ,G4SF63              ,8,12,3.70,16.30,9.00,8.70
3555887,HOSTESS SUGAR COOKI           ,G4SF65              ,6,12,5.88,13.06,11.44,6.40
3555504,WNDR GLZD HNY BUNS 6CT        ,G4SF73              ,4,8,8.75,2.38,11.13,9.88
3504857,JELLO SGF INST BANANA PDG     ,G4SF75              ,4,14,3.00,17.00,7.00,2.40
3502566,JELLO SGF INST CHSCK PDNG     ,G4SF83              ,10,14,3.00,17.50,7.20,2.60
3504971,JELLO INST WHT CHOC PDNG      ,G4SF85              ,4,14,3.00,17.00,7.00,5.80
3504841,JELLO SGF CHERRY GELATIN      ,G4SG02              ,10,16,3.50,13.00,8.50,1.90
3504799,JELLO LIME GELATIN            ,G4SG04              ,11,20,3.30,13.00,7.00,5.70
3504853,JELLO INST VANILLA PDDING     ,G4SG12              ,8,12,4.00,16.50,9.00,8.90
3504110,JELLO SGF INST CHOC PDNG      ,G4SG14              ,9,12,4.00,16.50,9.00,4.10
3504825,JELLO ORANGE GELATIN          ,G4SG22              ,9,12,4.00,16.50,9.00,9.80
3503966,JELLO CHERRY GELATIN          ,G4SG24              ,11,12,2.80,12.80,6.80,10.50
3504849,JELLO INST FRNCH VAN PDNG     ,G4SG32              ,7,14,3.00,17.50,7.00,5.90
3506717,JELLO INST OREO CKYCRM        ,G4SG53              ,9,12,3.75,16.56,9.06,7.50
3505744,BTYC RCRMY CCNT PCN FRST      ,G4SG73              ,8,15,3.90,14.60,7.40,9.10
3501669,KRO ICE CREAM CUPS 24CT       ,G4SG75              ,3,8,10.70,22.50,10.50,5.90
3595755,ST PROTEIN BLONDIE            ,G4SG83              ,5,21,7.75,12.50,6.25,6.47
3504071,BTYC RCRMY CHOC FROSTING      ,G4SG85              ,7,15,3.90,14.60,7.40,9.50
3504073,BTYC RCRMY MLK CHOC FRST      ,G4SH02              ,7,15,3.90,14.60,7.40,8.80
3501799,DUNHNS CRMY CRM CHS FRST      ,G4SH04              ,6,15,3.94,14.75,7.44,9.00
3501930,PLBRY CS MILK CHOCLT FRST     ,G4SH12              ,9,15,3.87,14.44,7.25,8.70
3503840,DH BUTTERCREME FROSTING       ,G4SH14              ,9,15,3.94,14.75,7.44,8.70
3501554,PLBRY CS WHITE FROSTING       ,G4SH22              ,9,15,3.87,14.44,7.25,8.70
3505411,DUNHNS WHIP WHITE FRSTING     ,G4SH24              ,5,15,4.72,14.40,7.50,7.93
3501843,PLBRY CS CHOC FUDGE FROST     ,G4SH32              ,9,15,3.87,14.44,7.25,8.70
3501256,DUNHNS CRMY DKCH FDG FRST     ,G4SH34              ,7,15,3.94,14.75,7.44,9.00
3501302,DUNHNS CRMY LMN SUPR FRST     ,G4SH53              ,7,15,3.94,14.75,7.44,9.00
3505410,DUNHNS WHIP CHOCOLTE FRST     ,G4SH55              ,6,15,4.72,14.40,7.50,7.93
3501952,PLSBRY CS VANILLA FROSTNG     ,G4SH63              ,9,15,3.87,14.44,7.25,8.70
3505409,DUNHNS WHIP CRM CHS FRST      ,G4SH65              ,5,15,4.72,14.40,7.50,7.93
3501916,PLBRY CS CCRM CHSE FRSTNG     ,G4SH83              ,9,15,3.87,14.44,7.25,8.70
3555433,SMRTWY PWD SGR MIN DNT BG     ,G4SH85              ,5,10,6.75,18.88,10.06,4.90
3506838,BTYC RCRMY RNBW CHP FRST      ,G4SJ02              ,7,15,4.00,14.63,7.00,8.80
3506732,BTYC WHIP BTRCRM FROSTING     ,G4SJ04              ,8,15,3.90,14.62,7.43,6.80
3555557,WNDR ICED HNY BUNS 6CT        ,G4SJ12              ,4,8,7.50,18.50,11.63,11.00
3501061,DUNHNS CRMY MLK CHOC FRST     ,G4SJ14              ,7,15,3.94,14.75,7.44,9.00
3501942,PLSBRY CS STRABRY FROSTNG     ,G4SJ22              ,9,15,3.87,14.44,7.25,8.70
3584301,HOST TWINKIES SS              ,G4SJ24              ,6,9,3.50,17.76,10.50,7.80
3505131,NSQK STRAW MLK MIX POWDER     ,G4SJ32              ,5,18,6.75,18.20,5.70,8.40
3504076,BTYC RCRMY CRM CHES FRST      ,G4SJ34              ,7,15,3.90,14.60,7.40,9.00
3504070,BTYC RCRMY VANLLA FRSTNG      ,G4SJ53              ,7,15,3.90,14.60,7.40,8.50
3501464,PLBRY CF SF CHOC FDG FRST     ,G4SJ55              ,9,15,3.87,14.44,7.25,8.20
3598020,HOST ORANGE CUPCAKE SS        ,G4SJ63              ,8,8,4.64,19.63,10.20,5.20
3555077,HOST FRSTD CHO CUP CAKE       ,G4SJ73              ,4,8,7.88,19.00,11.56,10.50
3592344,HOST CHERRY FRUIT PIE         ,G4SJ75              ,7,24,5.38,12.25,6.00,5.90
3555115,KRO SWISS ROLLS 12CT          ,G4SK02              ,3,8,10.00,17.38,13.38,21.50
3593534,HOST APPLE FRUIT PIE          ,G4SK12              ,6,24,5.38,12.25,6.00,5.45
3500082,SMRTWY CRUSHED RED PEPPER     ,G4SK22              ,8,80,4.13,5.25,3.25,0.90
3556430,HOST ORANGE CUPCAKES 8CT      ,G4SK24              ,6,12,6.25,12.81,11.44,6.70
3556001,KRO PECAN ROLLUPS 6CT         ,G4SK32              ,5,9,7.75,17.00,16.13,11.00
3584300,HOST DING DONGS 2CT           ,G4SK34              ,11,10,3.63,17.31,10.19,4.10
3555857,HOST SP POWDERED DONETTE      ,G4SK53              ,5,13,7.00,14.69,8.94,6.02
3591934,HOST CHOCOLAT CUPCAKE SS      ,G4SK55              ,8,8,4.64,19.63,10.20,5.00
3556509,HOST SP FROSTED DONETTE       ,G4SK63              ,5,13,7.00,14.69,8.94,6.02
3598059,BFREE HMSTYL SNDWCH SRDGH     ,G4SK65              ,3,14,12.60,13.80,6.50,6.17
3556481,HOST ZNGR CHOC 10CT           ,G4SK73              ,4,17,8.50,9.25,11.88,6.00
3500263,SMRTWY ONION POWDER           ,G4SK83              ,7,80,4.13,5.25,3.25,1.00
3555513,HOST DONETS CRUNCH BAG        ,G4SK85              ,4,10,8.64,18.57,9.70,6.40
3556469,HOST ICED HONEY BUN           ,G4SL02              ,10,7,3.90,19.40,12.90,5.90
3555158,KRO CELBRTN MINI MFN 20CT     ,G4SL12              ,4,24,9.09,11.41,6.41,2.10
3555565,HOST GOLDEN CUPCAKE 8CT       ,G4SL22              ,6,12,6.63,12.80,11.44,6.20
3555462,HOST DONETS DBL CHOC BAG      ,G4SL24              ,4,10,8.20,9.30,17.70,7.20
3555160,HOST CHOC CUPCAKE 8CT         ,G4SL32              ,6,12,6.50,12.75,11.38,6.20
3555592,HOST SNOBALL CAKES 6CT        ,G4SL34              ,6,12,6.25,12.81,11.44,5.60
3556916,HOST CNMN STSL COFFE CAKE     ,G4SL53              ,6,8,6.00,17.75,10.81,9.30
3584295,HOST PWDRSGR MINI DGNT SS     ,G4SL63              ,9,12,4.50,13.07,10.57,4.60
3555092,HOST TWNKES GLDN SPNG CKE     ,G4SL73              ,4,8,8.20,19.63,10.20,10.10
3591131,STO UNSWT COCONUT FLAKES      ,G4SL85              ,5,15,6.69,12.99,8.66,4.70
3556477,HOST DD CHOC CAKES 10CT       ,G4SM02              ,5,17,8.50,9.25,11.88,5.90
3556465,HOST JUMBO GLAZE HNY BUN      ,G4SM12              ,10,7,4.19,19.44,13.06,5.90
3555314,HOST DING DONGS CHOC CAKE     ,G4SM22              ,5,8,8.20,19.63,10.20,9.30
3556486,HOST TWNK 10CT                ,G4SM32              ,5,17,8.63,9.25,11.75,6.30
3556031,HOSTESS OLD FSHN DONETTES     ,G4SM55              ,5,10,8.64,18.57,9.57,7.00
3500594,SMRTWY CHILI POWDER           ,G4SM73              ,8,80,4.13,5.25,3.25,1.10
3555087,HOST MINI CHOC CUPCAKES       ,G4SM83              ,4,20,8.88,12.94,8.06,4.30
3556476,HOST ZNGR RASPBERRY 10CT      ,G4SM85              ,4,17,8.50,9.38,11.75,6.30
3500719,SMRTWY GARLIC SALT            ,G4SN02              ,8,80,4.13,5.25,3.25,1.60
3500718,SMRTWY ITALIAN SSNG           ,G4SN12              ,8,80,4.13,5.25,3.25,0.50
3555010,HOST TWNK CHOC SPNG CAKE      ,G4SN22              ,5,17,8.44,11.81,9.31,6.30
3584298,HOST CHO MINI DOUGHNUT SS     ,G4SN32              ,6,12,4.77,13.07,10.57,4.60
3591956,HOSTESS SNOWBALLS 2CT SS      ,G4SN53              ,8,8,4.64,19.63,10.20,5.30
3555253,KRO CHO CHP MINI MFN 20CT     ,G4SN63              ,4,24,9.09,11.41,6.41,2.10
3555105,HOST DONETS FRTTR RINGS       ,G4SN73              ,6,11,6.13,13.81,11.56,5.20
3503056,KRAFT JETPFF MARSHM CREME     ,G4SN83              ,6,20,6.88,11.81,7.88,5.84
3500620,KRO WALNUT PIECES             ,G4SN85              ,4,20,6.88,12.00,7.25,3.15
3501791,PLBRY CS BUTTERCRM FRSTNG     ,G4SP22              ,12,15,3.87,14.44,7.25,8.70
3555946,HOST LMN DRZL BNDT CK         ,G4SP32              ,7,12,6.50,13.06,11.44,5.20
3503313,DUNHNS CRNBREAD MUFN MIX      ,G4SP53              ,4,25,9.19,11.13,6.50,7.04
3505667,KRO PECANS                    ,G4SP55              ,3,15,9.38,15.25,8.00,5.20
3555097,KRO BLUBRY MINI MFFN 20CT     ,G4SP63              ,4,24,10.75,11.41,9.09,2.10
3503944,MAWT CHOC CHCHP MUFFN MIX     ,G4SP65              ,4,28,7.75,11.88,5.44,6.17
3505310,KRO CHOPPED HAZELNUTS         ,G4SP83              ,5,21,6.75,12.00,7.00,2.10
3505191,KRO 100% APPLE JUICE          ,G5AF02              ,5,13,10.80,15.00,9.40,37.80
3503828,HWN PNCH POLAR BLAST          ,G5AF12              ,4,12,11.80,11.50,11.20,36.90
3502886,CPRI SN FRUIT PUNCH           ,G5AF22              ,5,12,10.88,14.63,9.63,35.95
3502022,OCSP 100% CRANBERRY JUICE     ,G5AF32              ,4,9,11.44,14.88,12.88,44.50
3503989,KRO CRAN GRAPE 100% JCE       ,G5AF53              ,5,13,10.88,15.00,9.50,37.82
3504606,KRO 100% RR GRPFRT JUICE      ,G5AF63              ,5,12,10.64,14.86,9.85,36.70
3501141,JCYJCE 100% CHERRY JUICE      ,G5AF73              ,5,13,11.00,14.88,8.50,37.60
3598172,ARIZONA ZERO GRN TEA 12PK     ,G5AF83              ,9,20,5.13,10.75,8.06,10.18
3504998,KRO VEGETABLE JUICE           ,G5AG02              ,5,10,10.75,19.25,9.50,39.00
3503010,CPRI SN STRAWBRRY             ,G5AG12              ,5,12,10.88,14.63,9.63,35.95
3505377,KRO CRAN APPLE JUICE CKTL     ,G5AG22              ,5,13,10.88,15.25,9.50,37.50
3595458,MOTTS HH G SMTH APLSC 6CT     ,G5AG32              ,5,10,6.95,18.15,9.62,19.80
3506221,V8 DLICIOUSLY GRNJCE 46FO     ,G5AG53              ,5,16,9.90,13.25,8.75,20.17
3500687,CAMP TOMATO JUICE             ,G5AG63              ,5,13,10.38,14.25,9.50,27.50
3505856,OCSP CRAN RSPBRY JC DRINK     ,G5AG73              ,5,13,10.50,14.88,9.00,38.20
3503046,WELCH ZRO SG TR PN 6PK        ,G5AG83              ,8,12,5.88,15.25,10.13,18.11
3501086,KRO WHITE CRAN PEACH CKTL     ,G5AH02              ,5,13,10.75,15.00,9.50,37.50
3505210,KRO 100% GRAPE JUICE          ,G5AH12              ,5,13,10.75,15.00,9.50,37.60
3501078,KRO WHITE CRAN STRAW CKTL     ,G5AH22              ,5,13,10.75,15.00,9.50,37.50
3501054,WELCH GRP LMNADE 6PK          ,G5AH32              ,8,12,5.88,15.25,10.13,18.11
3500260,V8 SPICY HOT VEGETABLE JC     ,G5AH53              ,5,13,10.00,14.38,9.50,27.50
3500507,V8 SPLSH BERRY BLEND          ,G5AH63              ,5,13,10.00,14.00,9.25,27.80
3501100,KRO 100% ORANGE JUICE         ,G5AH73              ,5,12,10.50,14.50,9.25,37.20
3501711,HWN PNCH LEMON BERRY SQZ      ,G5AH83              ,4,12,12.10,11.50,11.50,36.90
3594474,STO PASSIONFRUIT JUICE        ,G5AJ02              ,4,12,11.00,15.25,9.50,39.00
3591631,SNMD FRMST RSRV BNNA CHPS     ,G5AJ12              ,8,23,6.06,11.88,7.25,3.16
3595834, ST IMMUNITY JUICE            ,G5AJ22              ,6,10,8.36,15.80,11.60,28.50
3505955,V8 ENRG ZS STRWB LMND         ,G5AJ32              ,7,26,6.40,9.63,7.13,10.53
3594735,STO 100% ORG APPLE JUICE      ,G5AJ53              ,5,13,11.00,15.00,9.50,37.80
3502951,OCSP ZRO SGR TRP PNCH         ,G5AJ63              ,5,13,10.53,14.88,9.50,37.13
3501277,KRO CRAN RASPBERRY CKTL       ,G5AJ73              ,5,13,10.75,15.25,9.50,37.50
3504928,KRO 100% WHT GRAPE JUICE      ,G5AJ83              ,5,13,10.75,15.25,9.50,37.50
3501971,KRO PINEAPPLE JUICE 6PK       ,G5AK02              ,10,13,5.50,13.60,9.00,14.90
3594791,OCSP WHT CRN STRWB JC DR      ,G5AK12              ,4,9,11.00,14.75,12.68,43.75
3503535,SNSW LT AMAZING PRUNE JCE     ,G5AK22              ,6,13,11.00,14.50,9.50,29.60
3594472,STO WHITE GRAPE JUICE         ,G5AK32              ,4,12,11.00,15.00,9.50,39.00
3505943,V8 ENRG ZS CHR LME 6PK        ,G5AK53              ,9,16,5.25,12.69,8.69,13.32
3500698,V8 SPLSH TROPICAL BLEND       ,G5AK63              ,5,13,10.75,14.25,9.50,27.70
3500490,V8 LS 100% VEGETABLE JCE      ,G5AK73              ,5,13,10.75,14.25,9.50,27.50
3500745,V8 SPLSH FRUIT MEDLEY         ,G5AK83              ,5,13,10.50,14.25,9.50,27.80
3502964,V8 SPICY VEG JUICE 8PK        ,G5AL02              ,12,8,4.13,17.06,12.88,18.74
3502214,V8 SPLSH STRAWBERRY KIWI      ,G5AL12              ,5,13,10.88,14.38,9.75,27.59
3504013,KRO GRAPE CRANBRY JC CKTL     ,G5AL22              ,5,13,10.88,15.00,9.50,37.50
3505485,KRO LT APPLE JUICE CKTL       ,G5AL32              ,5,13,10.75,15.00,9.25,35.80
3503940,OCSP CRAN PNAPL JCE DRNK      ,G5AL53              ,5,13,10.53,14.88,9.50,37.10
3503225,SMRTWY 100% APPLE JUICE       ,G5AL63              ,5,13,10.88,15.00,9.50,36.97
3503592,SNSW 100% PRUNE JUICE         ,G5AL73              ,5,13,10.80,14.25,9.44,29.60
3505935,V8 ENRG ZS STR LMN 6PK        ,G5AL83              ,9,16,5.25,12.69,8.69,13.37
3500632,V8 SPLSH MANGO PEACH          ,G5AM02              ,5,13,10.88,14.38,9.75,27.80
3500806,JCYJCE 100% GRAPE JUICE       ,G5AM12              ,5,10,9.25,17.25,8.69,28.80
3503220,OCSP CHERRY CRAN JCE DRNK     ,G5AM22              ,5,13,10.50,14.88,9.33,38.20
3502685,V8 ENERGY WTRMLN GUAVA        ,G5AM32              ,9,16,5.25,12.69,8.69,13.61
3501726,OCSP DT CRAN GRP JC DRNK      ,G5AM53              ,5,13,10.50,15.00,9.50,35.20
3501258,OCSP CRAN MANGO JCE DRNK      ,G5AM63              ,5,13,10.53,9.50,14.88,37.10
3502319,OCSP LT CRANBERRY JC DRNK     ,G5AM73              ,5,13,10.40,15.00,9.50,36.00
3502692,V8 SPLASH TROPICAL            ,G5AM83              ,7,10,7.13,15.50,10.75,21.39
3596521,MOTTS UNSWT STRW APLS 6CT     ,G5AN02              ,5,10,6.95,18.15,9.62,19.80
3503385,OCSP CRAN GRP JC DRNK 6PK     ,G5AN12              ,8,12,6.14,15.03,10.00,18.20
3504891,WELCH ZS CNCRD GRP DRNK       ,G5AN22              ,5,16,10.93,12.00,10.00,29.00
3500169,OCSP 100% GRAPEFRUIT JCE      ,G5AN32              ,5,13,10.53,14.88,9.50,34.60
3501082,OCSP DT CRN CHRY JC DRNK      ,G5AN53              ,5,13,10.50,9.80,15.20,38.20
3506226,HWN PNCH CWBNGA GRAPE DRN     ,G5AN63              ,4,12,11.90,11.73,11.44,35.47
3504827,V8 SPLSH ORNG PINEAPPLE       ,G5AN73              ,5,13,10.88,14.38,9.25,27.69
3505341,OCSP DIET RBY RD GRPFRT       ,G5AN83              ,5,13,10.53,14.88,9.50,37.13
3500261,OCSP RUBY RED GRPFRT DRNK     ,G5AP02              ,5,13,10.50,15.00,9.00,38.20
3503228,JCYJCE APPLE FUN 8PK          ,G5AP12              ,9,15,3.50,14.40,8.10,12.85
3503835,OCSP DT CRNBRY JCE DRNK       ,G5AP22              ,5,13,10.50,15.50,9.50,35.50
3502571,OCSP 100% CRAN POM JUICE      ,G5AP32              ,5,13,10.40,14.80,9.50,34.60
3501655,OCSP WHT CRAN PCH JC DRNK     ,G5AP53              ,5,13,10.40,14.88,9.50,37.13
3503048,WELCH ZRO SG CN GR 6PK        ,G5AP63              ,8,12,5.88,15.25,10.13,18.11
3500856,JCYJCE 100% PUNCH JUICE       ,G5AP73              ,5,13,11.00,14.75,9.25,37.60
3502694,JCYJCE 100% MANGO JUICE       ,G5AP83              ,5,13,10.50,14.75,9.25,37.60
3506181,JCYJCE PEACH APPLE            ,G5AQ02              ,5,13,10.30,14.90,9.50,37.60
3506771,OCSP DT CRN MNGO JC DRNK      ,G5AQ12              ,5,13,10.40,14.88,9.50,37.10
3503059,KRO CRAN MANGO CKTL           ,G5AQ22              ,5,12,10.81,14.59,9.69,37.20
3503082,OCSP DIET CRNBRY RSPBRY       ,G5AQ32              ,5,13,10.53,14.88,9.50,37.13
3501064,OCSP CRNBRY WTRMLN            ,G5AQ53              ,5,13,10.53,14.88,9.50,37.13
3501295,OCSP WHT CRAN STBRY JC DR     ,G5AQ63              ,5,13,10.53,14.88,9.50,37.13
3594469,STO FRUIT PUNCH JUICE         ,G5AQ73              ,5,12,11.00,15.00,9.50,39.00
3501359,OCSP DT CRN POM JC DRNK       ,G5AQ83              ,5,13,10.50,14.80,9.00,38.20
3506050,OCSP 100% CRNBRRY RSPBRY      ,G5AR02              ,5,13,10.53,14.88,9.50,37.13
3502128,JCYJCE 100% APPLE JUICE       ,G5AR12              ,5,13,10.25,14.75,9.25,37.60
3505722,MOTTS 100% FRUIT PUNCH        ,G5AR22              ,9,13,5.86,13.65,9.43,14.65
3502551,OCSP 100% CRANBERRY JUICE     ,G5AR32              ,5,13,10.69,9.63,15.19,34.60
3503312,WELCH SPKL WHTGRP JC CKTL     ,G5AR53              ,4,14,12.50,13.50,10.00,39.00
3505879,WELCH 100% GRAPE JUICE        ,G5AR63              ,5,12,11.00,15.50,10.00,40.00
3505996,OCSP CRAN RSPBRY JC DRINK     ,G5AR73              ,4,9,11.00,14.75,12.68,43.75
3594363,WTRLOO TRP FRT SP WTR 8PK     ,G5AR83              ,10,10,4.90,15.80,10.60,19.60
3504788,OCSP CRNBRY MNGO JCE DRNK     ,G5AS22              ,5,9,11.44,14.88,12.88,44.50
3503226,OCSP CRAN GRAPE JCE DRINK     ,G5AS32              ,4,9,11.00,14.40,12.80,44.50
3515034,OCSP CRANBERRY JUICE CKTL     ,G5AS53              ,4,9,11.30,14.00,13.00,44.50
3505897,WELCH 100% WHT GRAPE JCE      ,G5AS63              ,5,12,11.00,15.50,10.50,36.60
3506215,LNGR 100% PINEAPPLE JUICE     ,G5AS73              ,5,12,10.94,19.63,7.81,38.00
3502573,V8 SPLASH BERRY BLND          ,G5AS83              ,7,10,7.13,15.50,10.75,21.39
3502561,LNGR MONGO MANGO JC CKTL      ,G5BA02              ,5,12,11.00,15.13,9.94,38.00
3502783,WELCHS SPARKLING ROSE 25      ,G5BA12              ,4,14,11.81,13.00,9.50,34.55
3503864,KRO LEMONADE                  ,G5BA73              ,5,12,10.81,14.59,9.69,37.20
3503315,WELCH SPKL RD GRP JC CKTL     ,G5BA83              ,4,14,12.00,13.00,9.70,39.00
3500610,JCYJCE 100% APPLE JUICE       ,G5BB02              ,5,10,9.25,17.25,8.69,28.80
3502148,OCSP DT CRNBRY JCE DRNK       ,G5BB12              ,4,9,11.44,14.88,12.88,44.50
3501966,OCSP CRAN APPLE JCE DRINK     ,G5BB22              ,4,9,11.44,14.88,12.88,44.50
3504341,KRO FRZR POP 36CT MSH BG      ,G5BB32              ,5,12,11.13,15.44,9.56,30.80
3505661,KRO ZERO HLF TEA HLF LMND     ,G5BB53              ,5,13,10.75,15.00,9.63,38.00
3500746,V8 100% VEGETABLE JUICE       ,G5BB63              ,5,13,10.25,14.38,9.40,27.50
3505191,KRO 100% APPLE JUICE          ,G5BB73              ,5,13,10.80,15.00,9.40,37.80
3502612,OCSP ZRO SGR SM FR DR 6PK     ,G5BB83              ,8,12,6.14,15.03,10.00,18.38
3506232,HWN PNCH FRUIT JUICY RED      ,G5BC02              ,4,12,11.70,11.50,11.50,34.20
3502220,WELCH 100% GRAPE JUICE        ,G5BC12              ,4,11,12.00,16.50,11.50,41.90
3502168,MOTTS 100% APPLE JUICE        ,G5BC22              ,4,12,12.00,11.40,11.30,37.50
3500611,HWN PNCH ORANGE OCEAN         ,G5BC32              ,4,12,12.00,11.50,11.50,36.90
3590925,STO CRANBERRY JUICE           ,G5BC53              ,6,20,8.30,7.60,11.60,19.40
3504091,V8 VFSN 100% PEACH MANGO      ,G5BC63              ,5,16,10.00,13.20,8.70,20.20
3504878,MOTTS 100% APPLE JUICE        ,G5BC73              ,5,10,10.00,18.50,9.50,36.50
3500433,V8 LS 100% VEG JUICE          ,G5BC83              ,5,16,10.00,13.20,8.70,20.20
3505858,OCSP CRAN APPLE JCE DRINK     ,G5BD02              ,5,13,10.00,15.20,9.00,38.20
3505191,KRO 100% APPLE JUICE          ,G5BD12              ,5,13,10.80,15.00,9.40,37.80
3504083,V8 VFSN 100% POM BLBRY JC     ,G5BD22              ,5,16,10.00,13.20,8.70,20.20
3501298,OCSP CRAN POM JUICE DRINK     ,G5BD32              ,5,13,10.50,15.00,9.50,38.20
3501949,OCSP DT CRAN PNAPL DRNK       ,G5BD53              ,5,13,10.53,14.70,9.50,37.10
3501700,MOTTS 4TOTS APPLE JCE         ,G5BD63              ,5,10,9.70,18.60,9.25,36.00
3503602,V8 VFSN 100% STRWBRY BAN      ,G5BD73              ,5,16,9.88,13.00,8.50,20.20
3503301,CLMTO TOMATO COCKTAIL         ,G5BD83              ,5,10,9.80,18.60,9.40,36.40
3500265,KRO CRANBRY JCE COCKTAIL      ,G5BF02              ,5,13,10.88,15.00,9.50,37.23
3506238,KRO NFC 100% APPLE JUICE      ,G5BF12              ,5,12,10.81,15.13,10.00,39.00
3591038,SPKLN ICE VARIETY 12PK        ,G5BF32              ,5,25,9.50,9.75,7.25,14.80
3503829,KRO 100% TOMATO JUICE         ,G5BF53              ,6,10,9.30,18.70,9.60,28.20
3505859,OCSP CRANBERRY JUICE CKTL     ,G5BF63              ,5,13,10.00,15.00,9.20,38.20
3505847,OCSP CRAN GRAPE JCE DRINK     ,G5BF73              ,5,13,10.00,15.30,10.30,38.20
3506354,KRO LEMON JUICE               ,G5BF83              ,4,28,9.75,9.75,6.50,13.70
3503773,CLMTO PICANTE TOMATO CKTL     ,G5BG02              ,5,10,9.00,18.00,8.00,36.00
3503820,CLMTO PICANTE TOMATO CKTL     ,G5BG12              ,6,13,7.90,15.30,11.50,28.10
3501098,KRO MANGO ALOE VERA JC DR     ,G5BG22              ,5,25,8.75,9.75,7.25,16.00
3500259,HWN PNCH GREEN BERRY RUSH     ,G5BG32              ,4,12,11.90,11.70,11.40,36.90
3500462,V8 100% VEGETABLE JUICE       ,G5BG53              ,5,16,9.75,13.00,8.60,20.20
3501182,RLIME 100% LIME JUICE         ,G5BG63              ,6,22,8.51,10.38,7.81,13.06
3590886,STO BLACK CHERRY JUICE        ,G5BG73              ,4,20,8.30,7.60,11.60,19.40
3503270,V8 VFSN EN ORNG PNAP 6PK      ,G5BG83              ,9,16,5.20,12.60,8.70,13.70
3506341,CLMTO TOMATO COCKTAIL         ,G5BH02              ,6,13,9.30,13.80,10.00,25.90
3590604,OCSP PURE CRNBRY UNSWTND      ,G5BH12              ,6,15,8.51,15.31,7.94,19.72
3506101,DOLE 100% PNAPPLE JCE 6PK     ,G5BH22              ,5,16,8.00,13.20,8.80,25.00
3505930,MOTTS 100% JCE STRW PEACH     ,G5BH32              ,5,10,9.91,19.08,9.54,36.38
3590921,STO BLACK MULBERRY JCE        ,G5BH53              ,6,20,8.30,7.60,11.60,19.40
3506211,OCSP ZERO SUGAR CRNBR JUC     ,G5BH63              ,5,13,10.53,14.88,9.50,37.13
3506407,KRO LEMON JUICE               ,G5BH73              ,4,22,8.00,10.00,7.00,13.90
3590892,STO 100% TART CHRRY JUICE     ,G5BH83              ,6,20,8.30,7.60,11.60,19.40
3503011,RLMN 100% LEMON JUICE         ,G5BJ02              ,6,22,8.51,10.38,7.81,13.01
3590888,STO POMEGRANATE JUICE         ,G5BJ12              ,6,21,8.30,7.60,11.60,19.40
3505709,MOTTS ZERO SGR APPLE JCE      ,G5BJ22              ,5,10,9.91,19.08,9.54,35.81
3593098,OCSP 100% PURE WHT GRPFRT     ,G5BJ32              ,6,15,8.03,15.31,7.94,18.92
3503853,DOLE LIGHT PNAPL JUC DRNK     ,G5BJ53              ,5,15,8.00,13.31,8.88,25.00
3501156,KRO 100% APPLE JUICE          ,G5BJ63              ,5,9,12.00,16.50,11.50,42.90
3503909,KRO LIME JUICE                ,G5BJ73              ,4,22,7.75,10.75,8.00,14.00
3501900,KRO CRNBRY JUICE ZERO SGR     ,G5BJ83              ,5,13,10.75,15.00,9.25,37.20
3503494,OCSP 100% CRANBRY JCE 6PK     ,G5BK02              ,8,12,6.00,14.75,9.75,18.20
3501034,WELCH 100% GRAPE JCE 6PK      ,G5BK12              ,8,12,6.25,15.25,10.13,19.00
3505610,WELCH 100% GRP JCE W/CAL      ,G5BK22              ,5,12,10.93,15.13,10.00,38.00
3506219,LNGR 100% APPLE JUICE         ,G5BK32              ,5,12,10.94,19.63,7.81,38.00
3590926,STO GRAPEFRUIT JUICE          ,G5BK53              ,6,20,8.30,7.60,11.60,19.40
3506102,DOLE 100% PINEAPPLE JUICE     ,G5BK63              ,6,8,7.00,17.00,12.80,43.50
3502360,V8 ORNG PINAPL ENRGY DRNK     ,G5BK73              ,9,16,5.25,12.69,8.69,13.66
3577748,MNMD 100% APPLE JUICE 6PK     ,G5BK83              ,8,12,5.70,15.10,10.00,18.65
3592959,SPKLN ICE STRWB LEMONADE      ,G5BL02              ,5,25,9.50,9.75,7.25,14.70
3504160,OCS BLNDS CRN GRP JUICE       ,G5BL12              ,6,14,8.16,13.37,9.75,22.76
3505934,MOTTS APPLE JUICE 6PK ZER     ,G5BL22              ,9,13,5.90,13.65,9.18,14.04
3502222,JCYJCE 100% BERRY JUICE       ,G5BL32              ,5,13,10.75,14.50,9.00,37.60
3502765,HWN PNCH PNAPPL PLNG          ,G5BL53              ,4,12,11.90,11.73,11.44,38.97
3500376,V8 VFSN EN POM BLUBRY 6PK     ,G5BL63              ,9,16,5.20,12.60,8.60,14.00
3503057,KRO CRAN WATERMELON CKTL      ,G5BL73              ,5,12,10.81,14.59,9.69,37.20
3503852,KRO 100% PNAPPLE MNGO JCE     ,G5BL83              ,5,12,10.81,14.59,9.69,37.20
3504978,DOLE LT PINEAPPLE JUICE       ,G5BM22              ,6,15,7.01,13.19,8.86,21.42
3591227,ARIZONA SWEET TEA             ,G5BM32              ,5,10,11.12,14.75,11.12,39.30
3502889,MOTTS 100% APPLE 24PK         ,G5BM53              ,8,13,5.86,13.65,9.43,14.64
3506335,CAMP TOMATO JUICE CAN 6PK     ,G5BM63              ,6,16,7.70,13.00,8.50,19.00
3506243,DOLE MNGO PNAPPL JUIC 6PK     ,G5BN02              ,5,16,8.00,13.31,8.88,25.00
3596828,ST STRW KALE KIDS JCE 8CT     ,G5BN12              ,8,18,4.96,15.94,8.19,19.80
3591229,ARIZONA GREEN TEA             ,G5BN73              ,5,10,11.12,14.75,11.12,39.30
3500159,KRO PRUNE JUICE               ,G5BN83              ,5,13,10.75,15.00,9.63,37.20
3591339,APLMR HALF  HALF LITE         ,G5BP02              ,5,10,11.12,14.75,11.12,39.30
3503171,V8 FS ENRGY STRW BAN 6PK      ,G5BP12              ,9,16,5.25,12.69,8.69,13.56
3500637,MNMD 100% ORANGE JCE 6PK      ,G5BP22              ,8,12,6.00,15.00,10.00,18.60
3502608,V8 VFSN EN BLK CHRY 6PK       ,G5BP32              ,9,16,5.25,12.69,8.69,14.00
3501241,OCSP CRNBRY JCE CKTL 6PK      ,G5BP53              ,8,12,6.14,15.03,10.00,18.62
3500200,V8 SPICY HOT JUICE 6PK        ,G5BP63              ,10,10,4.88,10.75,16.06,19.60
3504254,V8 VEGETABLE JUICE 8PK        ,G5BP73              ,12,8,4.13,17.06,12.88,18.98
3591759,ARIZONA DIET GREEN TEA        ,G5BP83              ,5,10,11.12,14.75,11.12,39.30
3501909,KRO ORANGE JUICE 6PK          ,G5BQ02              ,10,13,5.75,14.00,9.25,14.90
3505730,WELCH ORNG PNAP JC DR 6PK     ,G5BQ12              ,8,12,5.88,15.25,10.13,17.95
3504421,V8 100% VEGETABLE JUICE       ,G5BQ22              ,6,24,6.88,7.75,10.38,11.20
3503064,KRO CRAN PINEAPPLE CKTL       ,G5BQ32              ,5,12,10.81,14.59,9.69,37.20
3598733,STO LEMONADE                  ,G5BQ53              ,5,12,10.81,15.13,10.00,39.00
3500426,MOTTS 100% APPLE JCE 6PK      ,G5BQ63              ,9,13,5.70,13.60,9.40,14.70
3582491,ST UNSWTNED COCONUT MILK      ,G5BQ73              ,4,15,8.50,15.00,8.00,28.40
3596762,ST FR PNCH SPN KIDS JC 8C     ,G5BQ83              ,8,18,4.96,15.94,8.19,19.80
3503461,OCSP DT CRNBRY DRNK 6PK       ,G5BR02              ,8,12,6.14,15.03,10.00,18.20
3504875,KRO LS VEGETABLE JUICE        ,G5BR12              ,6,10,9.42,18.21,9.57,27.20
3500421,V8 VFSN EN PEACH MNGO 6PK     ,G5BR22              ,7,16,5.20,12.60,8.60,14.00
3502517,OCSP NSA 100% CRAN GRP JC     ,G5BR32              ,5,13,10.69,9.63,15.19,34.60
3500286,KRO 100% CRANBERRY JUICE      ,G5BR53              ,5,13,10.88,15.00,9.50,38.35
3501511,KRO APPLE JUICE 6PK           ,G5BR63              ,10,13,5.75,14.00,9.25,14.90
3504059,V8 100% VEGETABLE JCE 6PK     ,G5BR73              ,8,10,4.88,16.06,10.75,19.39
3503525,KRO LEMONADE ZERO SUGAR       ,G5BR83              ,5,12,10.64,14.86,9.85,36.70
3596711,ST APPL CARROT KDS JC 8CT     ,G5BS02              ,6,12,4.96,15.94,8.19,19.80
3500149,KRO PINEAPPLE JUICE           ,G5BS12              ,5,13,10.75,15.00,9.25,37.20
3505240,KRO SPICED APPLE CIDER        ,G5BS22              ,5,13,10.75,15.00,9.63,36.98
3500271,HWN PNCH FRT JCY RED 6PK      ,G5BS32              ,7,13,6.15,14.85,9.98,17.19
3503208,MOTTS APL WHT GRP JCE 6PK     ,G5BS53              ,9,13,5.86,13.65,9.43,14.72
3505265,V8 ENERGY PEACH MANGO         ,G5BS63              ,9,16,5.25,12.69,8.69,13.66
3505561,V8 ENERGY PMGRNT BLUEBRRY     ,G5BS73              ,9,16,5.25,12.69,8.69,13.66
3502178,JCYJCE 100% KIWI STAW JCE     ,G5BS83              ,5,13,11.00,12.50,9.00,37.60
3591145,BOOST GL CNTRL CHO 12PK       ,G5BT02              ,6,34,5.50,8.31,6.19,6.84
3596471,BOOST HI PRTN STRWBRY 6PK     ,G5BT12              ,7,14,6.05,18.75,6.90,15.86
3538917,BOOST HI PRTN CHOC 6PK        ,G5BT22              ,6,14,6.20,16.00,7.50,15.64
3591140,BOOST HI PRTN VAR 12PK        ,G5BT32              ,7,15,5.00,13.65,9.20,15.40
3504158,V8 LS VEG JUICE 8PK           ,G5BT53              ,8,8,4.13,17.06,12.88,18.98
3502524,V8 SPC CHPTL 100% VG JC       ,G5BT63              ,3,16,9.90,13.25,8.75,19.84
3505650,CNTRYT PNK LMND DK MX 8QT     ,G5BT73              ,8,10,5.25,15.40,11.50,18.10
3538915,BOOST HI PRTN VANILLA 6PK     ,G5BT75              ,5,14,6.20,16.00,7.50,15.64
3590966,BOOST PLS CHOC NT DR 12PK     ,G5BT83              ,6,34,5.50,8.35,6.20,7.50
3501839,JCYJCE 100% APPLE JCE 8PK     ,G5BU02              ,6,18,4.88,12.75,8.00,16.00
3596542,BOOST VRY VNL BLN ND 24PK     ,G5BU04              ,3,15,5.85,13.50,9.00,15.41
3597753,BOOST CHOC NUTR DRNK 24PK     ,G5BU12              ,3,15,5.85,13.50,9.00,15.41
3503728,MIO LEMONADE WTR ENHN         ,G5BU14              ,7,45,4.60,7.00,6.00,2.30
3502560,CRLT RSP LMND DRK MX 12QT     ,G5BU22              ,4,24,6.60,12.70,5.80,2.50
3506320,KL AID CHRRY DRK MIX 8QT      ,G5BU32              ,6,10,5.25,15.25,11.50,17.60
3505448,MIO ENG BLK CHRY WTR ENHN     ,G5BU34              ,7,45,5.00,12.40,5.90,2.30
3505599,MIO BERRY BLAST WTR ENHN      ,G5BU53              ,5,45,5.00,12.70,5.90,2.40
3598451,BOOST HI PRTN STRWBR 12PK     ,G5BU63              ,6,15,5.85,13.65,9.20,15.59
3505563,MIO ORANGE TNGRN WTR ENHN     ,G5BU65              ,7,45,5.00,12.40,5.90,2.30
3538913,BOOST RICH CHOCOLATE 6PK      ,G5BU73              ,6,14,6.20,16.00,7.50,15.76
3505573,MIO FRUIT PNCH WTR ENHN       ,G5BU75              ,5,45,5.00,12.70,5.90,2.40
3505579,MIO STRW WTRMLN WTR ENHN      ,G5BU83              ,5,45,5.00,12.70,5.90,2.40
3505582,MIO SWEET TEA WTR ENHN        ,G5BU85              ,6,45,5.00,12.40,5.90,2.30
3505584,MIO ARTIC GRAPE WTR ENH       ,G5BV02              ,5,26,5.00,12.70,5.90,2.40
3501206,CNTRYT OTG LMNDE 6CT          ,G5BV04              ,5,55,4.94,6.44,4.81,0.80
3505600,MIO ENG ACAIBRY WTR ENHN      ,G5BV12              ,5,45,5.00,12.70,5.90,2.40
3503844,CRLT WLD STRW DRK MX 10CT     ,G5BV14              ,2,36,5.20,9.60,5.00,1.50
3505606,MIO LEMON LIME WTR ENHN       ,G5BV22              ,5,45,5.00,12.70,5.90,2.40
3505648,MIO WCK BLU CTRS WTR ENHN     ,G5BV24              ,5,45,5.00,12.70,5.90,2.40
3505758,MIO PNAPL STRW WTR ENHN       ,G5BV32              ,5,26,5.00,12.70,5.90,2.40
3503306,CRLT CON GRP DRK MX 12QT      ,G5BV34              ,6,22,6.60,12.70,5.80,2.70
3591127,BOOST SMRT 100C CHOC 6PK      ,G5BV53              ,6,14,6.25,15.65,7.35,15.38
3502594,JCYJCE IM SUP ST AP 8 PKS     ,G5BV73              ,6,18,4.90,13.40,7.90,16.00
3502966,KL AID JMRS KW STRAW 10PK     ,G5BV83              ,6,12,5.50,15.40,9.60,17.50
3505771,YOO HOO CHOC DRINK 10PK       ,G5BW02              ,7,14,5.00,13.29,9.80,19.40
3503740,CRLT NAT LMND DRK MX 10CT     ,G5BW04              ,5,36,5.25,9.63,5.06,1.80
3506318,KL AID TROPICAL PUNCH 8QT     ,G5BW12              ,6,10,5.25,15.50,11.75,17.70
3503718,CRLT PCH MNG GRN TEA 10QT     ,G5BW14              ,5,36,6.60,12.75,5.88,2.50
3538914,BOOST VERY VANILLA 6PK        ,G5BW22              ,6,14,6.20,16.00,7.50,15.76
3503846,CRLT RSP LMND DRK MX 10CT     ,G5BW24              ,6,36,5.25,9.63,5.06,1.40
3505800,CNTRYT LEMONADE 26 QTS        ,G5BW32              ,4,10,7.75,15.40,10.25,25.69
3503915,CRLT MTB PCH MNG TEA 10CT     ,G5BW34              ,5,36,5.25,9.63,5.06,1.40
3504027,CRLT ENRGY GRP DK MX 10CT     ,G5BW53              ,5,36,5.25,9.63,5.06,1.60
3503943,CRLT PCH TEA DRK MX 10CT      ,G5BW55              ,6,36,5.25,9.63,5.06,1.30
3504024,CRLT FRT PNCH DRK MX 10CT     ,G5BW63              ,6,36,5.25,9.63,5.06,1.40
3504052,CRLT ENRG PCH MNG MX 10CT     ,G5BW65              ,6,36,5.25,9.63,5.06,1.40
3504054,CRLT PNK LMND DRK MX 10CT     ,G5BW73              ,6,36,5.25,9.63,5.06,1.70
3500504,TANG ORANGE DRINK MIX 6QT     ,G5BW75              ,7,10,5.10,15.50,11.70,16.80
3591117,BOOST GLUCS CNTRL VAN 6PK     ,G5BW83              ,5,16,6.50,15.75,7.25,13.67
3591126,BOOST RICH CHOCOLATE 12PK     ,G5BX02              ,6,15,5.90,13.50,9.05,15.47
3501576,CNTRYT SF PINK LEMONAD        ,G5BX04              ,2,55,4.94,6.44,4.81,0.90
3502308,CRLT PNK LMNDE DK MX 12QT     ,G5BX12              ,4,24,6.60,12.70,5.80,3.30
3591143,BOOST HI PRTN CHOC 12PK       ,G5BX22              ,7,15,5.00,13.50,9.05,15.40
3501978,CRLT LMNADE DRK MX 12QT       ,G5BX24              ,5,24,6.60,12.70,5.80,3.50
3502074,CRLT ICD TEA LMN MIX 12QT     ,G5BX34              ,4,24,6.60,12.70,5.80,2.20
3591147,BOOST GLUCS CNTRL CHO 6PK     ,G5BX53              ,5,16,6.50,15.75,7.25,13.67
3503532,CRLT SWT TEA DRK MIX 12QT     ,G5BX55              ,4,24,6.60,12.70,5.80,2.20
3505651,CNTRYT LEMONADE 8QT           ,G5BX63              ,6,10,5.50,15.50,11.50,18.10
3506175,KRO ALOE VERA JUICE DRINK     ,G5BX73              ,4,25,8.50,10.00,7.50,15.70
3590185,BOOST PLS VAN NUT DR 12PK     ,G5BX83              ,6,34,5.50,8.35,6.20,7.50
3505605,MIO ENG TROP FSN WTR ENHN     ,G5BX85              ,5,26,4.60,10.80,6.00,2.40
3530398,GRBR NTRL YOG BAN STR PCH     ,G5CA53              ,5,18,6.90,11.00,8.15,6.77
3530399,GRBR LIL CRNC TG SNKS CHS     ,G5CA55              ,7,34,5.15,8.75,5.75,0.50
3530448,GRBR GET EMS SQZ CH LM MP     ,G5CA63              ,6,36,5.70,7.90,6.50,1.86
3530721,GRBR GE APL SW POT SQUZIE     ,G5CA65              ,6,36,5.70,7.90,6.50,1.86
3530469,GRBR GET EMS SQZ PC AP MP     ,G5CA73              ,6,36,5.70,7.90,6.50,1.86
3530514,GRBR NTRL AP MNG STR PCH      ,G5CA75              ,5,18,6.90,11.00,8.15,6.77
3530767,GRBR SINGLE GRAIN OATMEAL     ,G5CA83              ,4,23,8.95,20.20,5.85,7.80
3530510,GRBR 2 PEARS                  ,G5CA85              ,6,22,4.15,10.75,7.15,4.80
3530768,GRBR SINGLE GRAIN OATMEAL     ,G5CJ02              ,5,28,7.25,18.10,4.85,4.30
3530059,GRBR GD STWBAN CRL BR         ,G5CJ04              ,4,36,7.30,10.00,5.20,3.90
3530422,GRBR NTRL 1F SWT POTATO       ,G5CJ12              ,12,34,2.85,11.70,4.80,4.40
3530357,GRBR MEAT VARTY  PK 12CT      ,G5CJ14              ,8,48,4.35,7.10,4.75,4.00
3530771,GRBR SNGL GRN RICE CEREAL     ,G5CJ22              ,5,28,7.25,18.10,4.85,4.30
3530241,GRBR 2 PEAR CINNAMN OATML     ,G5CJ24              ,5,22,4.00,10.70,6.90,4.80
3593095,GRBR 2ND FDS APL/WLD BLUB     ,G5CJ32              ,12,34,2.85,7.40,5.20,4.40
3530190,GRBR 2 BANAN CARROT MANGO     ,G5CJ34              ,6,22,4.15,10.75,7.15,4.80
3593099,GRBR ORG 2ND APPL BAN MNG     ,G5CJ53              ,3,34,2.85,11.70,4.80,4.40
3531191,GRBR LM SPGHT RING MT SCE     ,G5CJ55              ,6,31,3.80,10.00,5.10,2.70
3593082,GRBR 1ST FDS BANANA           ,G5CJ63              ,12,34,2.85,7.40,5.20,4.40
3530836,GRBR 2 MANGOS                 ,G5CJ65              ,6,22,4.15,10.75,7.15,4.80
3598245,GRBR NFB FF SS FOOD MANGO     ,G5CJ73              ,12,34,2.85,11.70,4.80,4.40
3530407,GRBR 2 SWT PTO TURK  GRN      ,G5CJ75              ,6,22,4.00,10.70,7.10,4.80
3530779,GRBR CER OAT BNA PRBIOTIC     ,G5CJ83              ,4,28,7.25,18.10,4.85,4.30
3530770,GRBR MIXED GRAIN CEREAL       ,G5CJ85              ,5,28,7.25,18.10,4.85,4.30
3590880,GRBR ORG PUR APL STRW JAR     ,G5CK04              ,12,32,2.85,12.00,4.80,4.41
3598238,GRBR NFB FF SS FOOD CORN      ,G5CK12              ,12,34,2.85,11.70,4.80,4.40
3531056,GRBR 1 SWEET POTATOES 2CT     ,G5CK14              ,12,22,2.95,10.45,7.35,2.68
3590969,GRBR ORG PUR AP SP PR JAR     ,G5CK22              ,12,32,2.85,12.00,4.80,4.41
3531189,GRBR LM PSTA STAR CKN VEG     ,G5CK24              ,6,31,3.80,10.00,5.10,2.70
3530014,GRBR NTRL 2F BAN BLUBRY       ,G5CK32              ,3,34,2.85,14.35,4.90,4.40
3530998,GRBR 1 CARROTS 2CT            ,G5CK34              ,12,22,2.95,10.45,7.35,2.68
3530454,GRBR NTRL 1F BANANA           ,G5CK53              ,12,34,2.85,11.70,4.80,4.40
3530445,GRBR 2 TURKEY  GRAVY          ,G5CK63              ,14,34,2.05,11.70,4.80,3.30
3530403,GRBR 2 VEGETABLE CHICKEN      ,G5CK65              ,6,22,4.00,10.70,7.10,4.80
3593092,GRBR 1ST FDS APPLE            ,G5CK73              ,2,34,2.85,7.40,5.20,4.40
3530109,GRBR STWBRY BANANA YOGRT      ,G5CK75              ,10,22,4.10,10.75,7.25,4.80
3530107,GRBR 1ND FD NTRL APPLE        ,G5CK83              ,3,34,2.85,14.35,4.90,4.40
3531040,GRBR 1 PRUNES 2CT             ,G5CK85              ,12,22,2.95,10.45,7.35,2.68
3530328,GRBR 2 HAM  GRAVY             ,G5CL22              ,14,34,2.05,11.70,4.80,3.30
3530772,GERBER 8OZ GLUTEN F           ,G5CL24              ,3,28,8.15,10.60,5.90,3.30
3530414,GRBR 2 CHICKEN  GRAVY         ,G5CL32              ,14,34,2.05,11.70,4.80,3.30
3530087,GRBR STRBRY YGRT FOR BABY     ,G5CL34              ,10,22,4.10,10.75,7.25,4.80
3530476,GRBR 2 BEEF  GRAVY            ,G5CL53              ,14,34,2.05,11.70,4.80,3.30
3530969,GRBR 1 APPLES 2CT             ,G5CL55              ,3,22,3.20,10.80,7.10,2.68
3530198,GRBR ORG 2 APL BL SPN PCH     ,G5CL63              ,3,34,7.40,7.85,6.75,3.40
3590978,GRBR ORG VRT FRT JARS  MP     ,G5CM02              ,11,36,3.40,9.50,4.95,3.53
3530636,GRBR APPLE PRUNE JCE 4PK      ,G5CM04              ,7,16,3.90,13.00,8.50,8.10
3530306,GRBR GD GRAB BANANA PCH       ,G5CM12              ,6,34,6.90,7.85,6.75,3.43
3508082,PDLYT GRAPE FLVR ELECTRYL     ,G5CM73              ,4,15,8.88,14.25,7.13,20.00
3530438,GRBR ORG 2 BN BLU BLK PCH     ,G5CM75              ,3,34,7.40,7.85,6.75,3.40
3530336,GRBR TDLR YGRT BB POUCH       ,G5CM83              ,6,34,6.90,7.85,6.75,3.43
3530411,GRBR NFB SS APPLE PCH         ,G5CM85              ,6,34,6.90,7.85,6.75,3.43
3591238,GRBR ORG BAN AVO SPN JAR      ,G5CN02              ,12,32,2.85,12.00,4.80,4.41
3530972,GRBR GD FRT YGT STBAN PCH     ,G5CN04              ,4,35,7.40,7.85,6.75,3.40
3530416,GRBR 2 MANGO POUCH            ,G5CN12              ,6,34,6.90,7.85,6.75,3.43
3530673,GRBR ORG 2 PR PCH STR PCH     ,G5CN22              ,5,34,7.25,7.75,6.63,3.40
3530079,GRBR 2 APPLE PEACH SQUASH     ,G5CN24              ,6,22,4.15,10.75,7.15,4.80
3530755,GRBR ORG 2 PEAR SPNCH PCH     ,G5CN34              ,3,34,7.40,7.85,6.75,3.40
3530548,GRBR LE MPOT  GRVY W/CHK      ,G5CN53              ,4,31,6.60,10.70,5.30,4.70
3531327,GRBR 2 APPLE/AVOCADO          ,G5CN55              ,8,22,4.15,10.75,7.15,4.80
3535715,GRBR 100% APPLE JUICE         ,G5CN63              ,4,20,8.30,11.80,8.00,14.29
3531302,GRBR PFFS BAN STRW 4CT        ,G5CN65              ,4,21,8.50,12.70,6.40,2.15
3508049,PDSUR CHOCOLATE SHAKE 6PK     ,G5CN73              ,6,13,5.75,14.25,9.50,14.90
3530485,GRBR 2 APPLE STRAW BANANA     ,G5CN75              ,6,22,4.15,10.75,7.15,4.80
3531522,GRBR TTHR STWBRY APL SPNH     ,G5CN83              ,5,16,7.70,16.20,6.50,1.93
3530070,GRBR 2 APPLE BLUEBERRY        ,G5CN85              ,6,22,4.15,10.75,7.15,4.80
3530047,GETEMS SPACE CRACKE           ,G5CP02              ,10,34,3.65,8.75,5.75,0.79
3530742,GRBR GD BAN VAN YGRT MELT     ,G5CP04              ,3,28,8.75,11.15,5.50,1.00
3530665,GRBR GD BLUEBERRY PUFFS       ,G5CP12              ,3,30,8.65,9.50,6.40,1.50
3530006,GRBR GD PEACH YOGURT MELT     ,G5CP14              ,3,28,9.20,11.10,5.50,0.90
3530983,GRBR TDLR BNA BLBRRY PCH      ,G5CP22              ,4,34,7.40,7.85,6.75,3.40
3531222,GRBR GD LIL CRNCH RANCH       ,G5CP24              ,5,16,5.10,13.10,8.90,1.60
3530769,PDLYT BERRY FROST PWD 6CT     ,G5CP32              ,4,42,6.25,6.13,4.75,1.87
3530799,PDLYTE ELECT ICED BERRY       ,G5CP53              ,4,30,8.75,7.19,7.06,9.87
3530886,GRBR GD SWEET POTATO PUFF     ,G5CP55              ,3,30,8.50,9.50,6.20,1.50
3530221,GRBR ORG 2 BANA MANGO PCH     ,G5CP65              ,2,35,7.10,7.80,6.80,3.40
3590739,GRBR ORG OATMEAL CEREAL       ,G5CP73              ,5,28,7.25,18.10,4.85,4.30
3530350,GRBR TDLR YGRT MBA POUCH      ,G5CP83              ,6,34,6.90,7.85,6.75,3.43
3530348,ENFML CONC INF FRML W/IRN     ,G5CQ02              ,7,17,4.43,12.37,9.12,12.60
3530920,GRBR GD MIX BRY YGRT MELT     ,G5CQ04              ,3,28,9.20,11.10,5.50,0.90
3530800,PDLYTE ADV CARE LEMON LME     ,G5CQ12              ,4,30,8.75,7.19,7.06,9.85
3531067,GRBR GD GRAB AP PR PE PCH     ,G5CQ24              ,5,34,7.40,7.85,6.75,3.40
3530774,PDSUR STRAWBRRY SHAKE 6PK     ,G5CQ32              ,5,13,5.80,14.30,9.50,14.90
3532086,GRBR GD LIL CRNCH VEGG DP     ,G5CQ34              ,6,16,5.10,12.60,9.00,1.50
3530195,ENFML GNTLS INF FRM W/IRN     ,G5CQ53              ,9,16,5.06,12.63,8.63,5.80
3530611,GRBR GD TRULY TROPCL MELT     ,G5CQ63              ,5,28,8.50,11.15,5.50,1.00
3530484,SMLAC 3TC SENSITIVE 32OZ      ,G5CQ73              ,6,20,8.69,10.63,8.19,14.23
3531353,PDLYT ADV CARE CHRY POM       ,G5CQ83              ,5,30,8.90,7.20,7.00,9.75
3531352,PDLYT ADV CARE ICED GRAPE     ,G5CR02              ,4,30,9.13,7.06,7.06,9.78
3530505,GRBR 2 PEACHES                ,G5CR04              ,6,22,4.15,10.50,7.00,4.80
3530444,GRBR ORG 2 AP SP ZC ST PC     ,G5CR14              ,3,34,7.40,7.80,6.70,3.40
3530530,GRBR 2 PEAS                   ,G5CR22              ,6,22,4.15,10.75,7.15,4.80
3530498,GRBR NTRL BLUB BAN PCH        ,G5CR24              ,5,18,6.90,11.00,8.15,6.79
3530501,GRBR 2 BUTTERNUT SQUASH       ,G5CR32              ,6,22,4.15,10.75,7.15,4.80
3530017,GRBR GD FRTVEG BRRY MELT      ,G5CR34              ,3,28,9.20,11.10,5.50,1.00
3531030,PDLYT UNFLVRD ELECTROLYTE     ,G5CR53              ,3,30,9.13,7.06,7.06,10.00
3532088,GRBR GD LIL CRNCH GRD TOM     ,G5CR55              ,6,16,4.75,13.00,8.60,1.70
3531521,GRBR TTHR BANANA PEACH        ,G5CR63              ,5,16,7.70,16.20,6.50,1.93
3530345,GRBR GD ARROWROOT COOKIE      ,G5CR65              ,5,28,7.70,11.00,5.60,1.80
3530502,GRBR 2 CARROTS                ,G5CR73              ,6,22,4.15,10.75,7.15,4.80
3530023,PEDIASURE VANILLA 16CT        ,G5CR83              ,5,20,6.13,9.75,9.63,10.30
3530539,GRBR 2 SWEET POTATOES         ,G5CR85              ,6,22,4.15,10.75,7.15,4.80
3530259,GRBR 2 PEAR PINEAPPLE         ,G5CS02              ,6,22,4.15,10.75,7.15,4.80
3530491,GRBR 2 APPLES                 ,G5CS04              ,6,22,4.15,10.50,7.00,4.80
3530919,GRBR GD STRWBRY YGRT MELT     ,G5CS12              ,3,28,9.20,11.10,5.50,0.90
3596881,GERBR NTRL 2ND PNAPL PURD     ,G5CS22              ,12,34,2.85,11.70,4.80,4.40
3531310,GRBR 2 APL/STRW/BNAN PCH      ,G5CS53              ,5,34,7.40,7.85,6.75,3.43
3532085,GRBR GD LIL CRNCH MLD CHD     ,G5CS55              ,5,16,5.10,12.60,9.00,1.50
3530364,GRBR OATMEAL BANANA CRL       ,G5CS63              ,4,20,7.25,18.10,4.85,4.28
3530910,GRBR 2 BANANA ORANGE MDLY     ,G5CS65              ,6,22,4.25,10.75,7.00,4.80
3530545,GRBR GTMS SPC CRCKRS PZZA     ,G5CS73              ,5,28,7.75,11.00,5.50,1.66
3530193,GRBR 2 BANANA MIXD BERRY      ,G5CS75              ,6,22,4.15,10.75,7.15,4.80
3530483,GRBR 2 PRUNES W/APPLES        ,G5CS83              ,6,22,4.15,10.75,7.15,4.80
3530978,GRBR GD FRT YGT PEACH PCH     ,G5CS85              ,4,35,7.00,7.75,6.60,3.40
3591276,GRBR NTRLS BTRN SQ OR JAR     ,G5CT02              ,12,32,2.85,12.00,4.80,4.41
3530496,GRBR 2 BANANAS 2CT            ,G5CT04              ,8,22,4.15,10.50,7.00,4.80
3530434,GRBR ANML CRCKERS TG MP       ,G5CT12              ,10,34,3.65,8.75,5.75,0.64
3530676,GRBR SNK FR TODL BAN CKIE     ,G5CT14              ,5,28,6.75,11.00,5.50,1.59
3530504,GRBR 2 GREEN BEANS            ,G5CT24              ,6,22,4.15,10.75,7.15,4.80
3594411,GRBR ORG 2ND FD AP ZC SPN     ,G5CT32              ,12,32,2.85,12.00,4.80,4.41
3530546,GRBR LE MAC CHEESE W/VEG      ,G5CT34              ,4,31,6.50,11.00,5.00,4.86
3535721,GRBR 100% PEAR JUICE          ,G5CT53              ,4,20,8.30,12.00,8.00,14.29
3531221,GRBR GD LIL CRNCH AP SWPT     ,G5CT55              ,5,16,5.10,13.10,8.90,1.60
3530677,GRBR GD BANANA PUFFS          ,G5CT63              ,4,30,8.65,9.50,6.40,1.50
3530550,GRBR LE PASTA SAUCE W/VEG     ,G5CT65              ,5,31,7.00,10.90,5.30,4.46
3530986,GRBR GD FRT BRY YGT PCH       ,G5CT73              ,3,35,7.40,7.85,6.75,3.43
3530801,PEDIASURE PROTN VAN SHAKE     ,G5CT83              ,6,13,6.13,14.19,9.63,17.00
3530831,GRBR GD STWBRY APPLE PUFF     ,G5CT85              ,3,30,8.50,9.50,6.25,1.50
3530331,GRBR BB APPLE CINN CEREAL     ,G5CU04              ,4,31,5.00,10.20,5.20,3.00
3530640,GRBR TDLR YGRT CBV POUCH      ,G5CU12              ,5,34,6.90,7.85,6.75,3.43
3531051,GRBR GD GRAB AP SWPTO PCH     ,G5CU14              ,3,34,7.00,7.85,6.75,3.40
3530536,GRBR ORG 2 CRT AP MNG PCH     ,G5CU32              ,3,34,6.75,7.75,6.75,3.40
3596815,GRBR 2ND MNG GVA PUREED       ,G5CU34              ,12,34,2.85,11.70,4.80,4.40
3530663,GRBR GTMS SPACE CRCKRS        ,G5CU55              ,5,28,7.75,11.00,5.50,1.66
3530136,PDLYT VRTY FLAVR PWDR 8CT     ,G5CU65              ,4,42,6.00,6.90,6.10,1.80
3530645,GRBR TDLR STR BAN CER PCH     ,G5CU73              ,7,31,5.00,10.25,5.20,3.00
3530015,GRBR GD APLCIN CRL BR         ,G5CU75              ,3,36,7.30,10.00,5.20,3.90
3530713,GRBR 2 BLEND FRUIT OATML      ,G5CU85              ,5,22,4.00,10.70,7.10,4.80
3530197,GRBR 2 MIXED VEGETABLES       ,G5CV02              ,6,22,4.15,10.75,7.15,4.80
3530642,GRBR GE PMKN APL OCN CKY      ,G5CV04              ,5,28,6.75,11.00,5.50,1.59
3530529,GRBR LE YLW RIC CKN W/VEG     ,G5CV12              ,5,31,6.65,10.90,5.20,4.86
3530745,GRBR GD LIL CRNCH VANMPL      ,G5CV14              ,5,16,4.80,13.00,8.60,1.60
3530191,GRBR 2 BANANA APPLE PEAR      ,G5CV22              ,6,22,4.15,10.75,7.15,4.80
3531043,GRBR 1 BANANAS 2CT            ,G5CV24              ,12,22,3.20,10.80,7.10,2.68
3530641,GRBR TDLR APL CIN YOG PCH     ,G5CV32              ,5,34,6.90,7.85,6.75,3.43
3530672,PRBL MDLD AFTR BRST MILK      ,G5CV53              ,7,16,5.75,11.25,10.88,8.07
3530408,GERBER PUFFS TG STR AP MP     ,G5CV63              ,12,34,3.65,8.75,5.75,0.43
3508041,PDSUR VANILLA SHAKE 6PK       ,G5CV73              ,8,13,5.80,14.00,9.30,15.20
3530773,GRBR LBTS OAT BAN STRWBRY     ,G5CV83              ,5,28,7.25,18.10,4.85,4.30
3530512,GRBR ORG FRTVEG VRTY PK       ,G5CW02              ,11,36,3.90,7.65,6.65,2.44
3530533,GRBR LE PASTA TURKY W/VEG     ,G5CW12              ,5,31,6.65,10.90,5.20,4.86
3594693,WTRLOO RBY RD TNG WTR 8PK     ,G5CW22              ,10,10,5.00,10.68,15.80,19.60
3531254,GRBR L CRNCH W/DIP 4CT        ,G5CW53              ,9,10,5.10,17.40,8.90,2.16
3530780,GRBR MULTIGRAIN CEREAL        ,G5CW63              ,4,23,8.95,20.20,5.85,7.80
3530365,GRBR GTMS RNDOS BBQ           ,G5CW73              ,5,23,9.25,10.75,6.90,1.16
3530722,GRBE GE CKIES OCN WRLD        ,G5CW83              ,12,34,3.65,8.75,5.75,0.79
3530452,PDLYT STRWB FLVR ELECTRYL     ,G5CX22              ,6,15,8.80,13.70,7.40,20.00
3530391,GRBR GTMS RNDOS PZZA          ,G5CX32              ,5,23,9.25,10.75,6.90,1.16
3591314,PDLYT ADV CR PLS BRY FRST     ,G5CX53              ,6,30,8.75,7.19,7.06,9.85
3530583,GRBR 2ND NRS BLN SPCBT PC     ,G5CX63              ,6,34,7.40,7.85,6.75,3.39
3530803,SIMILAC 360 TC FRMULA 8PK     ,G5DB02              ,12,20,4.56,11.56,7.56,5.50
3530804,SMLAC ORG INFN FRM IRN PW     ,G5DB12              ,9,14,5.64,12.75,9.88,7.00
3530487,HUGG LTL SNGLRS SZ2 GIGA      ,G5DB73              ,5,12,9.38,14.25,9.00,5.70
3530687,CMFRTS JUMBO DIAPERS SZ 7     ,G5DB83              ,5,10,9.37,17.95,10.35,7.80
3530612,PAMPERS CRUISERS 360 SZ5      ,G5DC02              ,3,8,11.75,18.88,9.69,8.22
3531482,GDNTS UNDERPANTS BOY S/MD     ,G5DC12              ,4,16,10.40,11.40,10.50,6.70
3584285,PMPR BABY FRESH WIPES         ,G5DC22              ,4,25,10.38,9.31,7.81,9.40
3530790,HGG PULLUP TR PN BOY 5-6T     ,G5DC32              ,4,16,10.63,12.00,10.25,6.30
3598978,HUGG NAT CARE SS WIPES        ,G5DC53              ,3,13,10.44,15.38,9.00,13.50
3595601,HUGG SKIN ESSENTL WIPES       ,G5DC63              ,3,20,10.50,9.88,9.00,7.90
3530286,GRBR MLTM MSHD PTS BF BFD     ,G5DC73              ,7,31,6.60,10.75,5.20,4.86
3530497,PMPR SWADDLERS S5             ,G5DC83              ,4,8,10.56,19.06,9.88,8.53
3584902,HUGG ONE DONE DSNY WIPES      ,G5DD02              ,7,13,6.50,15.00,8.75,10.80
3530553,PDSUR VAN SHAKE W/FBR 6PK     ,G5DD12              ,9,13,6.13,14.19,9.63,15.32
3530410,PULLUP TRAINING PANTS         ,G5DD22              ,4,20,10.63,10.25,8.88,4.70
3531084,PAMP EASYUP 4T5T JMB GIRL     ,G5DD32              ,4,10,10.50,17.44,9.50,4.80
3531245,PDLYT FRUIT FLVR ELECTRYL     ,G5DD53              ,5,30,9.13,7.06,7.06,9.80
3530973,GRBR GD GRAB AP MN ST PCH     ,G5DD63              ,6,34,7.38,7.88,6.75,3.43
3530791,HGG PULLUP TR PN GRL 3-4T     ,G5DD73              ,4,12,9.75,15.75,10.19,8.00
3530152,PRBL MDLD AFTR BRST MILK      ,G5DD83              ,2,16,5.75,11.25,10.88,8.00
3530513,PMPR SNSTV BABY WIPES         ,G5DF02              ,4,25,11.00,9.50,7.94,8.80
3530036,GRBR 2 FRT VEG VRTY PCK       ,G5DF12              ,5,23,8.15,10.50,7.15,9.41
3530303,PULLUP TRAINING PANTS         ,G5DF22              ,4,20,10.63,10.25,8.88,4.70
3594773,HUGG SMPLY CLN FRAG FREE      ,G5DF53              ,5,13,10.60,15.38,9.00,16.00
3530334,LUVS S6 SUPER                 ,G5DF63              ,4,12,10.00,13.69,10.00,5.60
3530655,HUGG SNGDRY JM PK DP SZ5      ,G5DF73              ,4,10,9.56,19.13,9.44,8.80
3530426,HUGG SNUG DRY 1               ,G5DF83              ,3,16,14.01,10.79,9.17,7.10
3530406,GRBR 2 APPLE CHICKEN 2CT      ,G5DG02              ,10,22,4.00,10.70,7.10,4.80
3530128,HUGG SNGDRY DPR SZ 4          ,G5DG12              ,3,6,13.69,17.13,9.44,10.60
3530204,HUGG SNGDRY DPR SZ 5          ,G5DG22              ,3,10,12.75,18.00,9.44,10.50
3530664,LITTLE SNUGGLERS JUMBO ST     ,G5DG32              ,4,12,12.40,14.80,9.00,6.70
3530580,HUGG SNGDRY DPR SZ 6          ,G5DG53              ,4,10,10.13,18.63,9.44,9.10
3530786,HUGG LTMVR HUGG FIT SZ4       ,G5DG63              ,3,12,16.75,13.38,11.88,11.20
3530789,HUGG LTMVR HUGG FIT SZ5       ,G5DG73              ,4,8,12.75,16.63,12.13,10.40
3530044,GERBER GETEMS ROUND           ,G5DG83              ,5,23,9.25,10.75,6.90,1.16
3530324,HUGG LTL MVR SZ 4             ,G5DH02              ,4,9,8.88,14.38,12.00,6.50
3530207,PAMPERS CRUISERS 360 SZ4      ,G5DH12              ,4,12,9.75,13.19,11.63,4.99
3531074,PAMP EASYUP 3T4T JMB BOY      ,G5DH22              ,4,9,10.25,17.75,11.19,6.40
3530675,GRBR GD LIL BISCUITS          ,G5DH32              ,4,16,8.50,10.50,9.75,3.47
3530569,CMFRTS NITE PANTS SM-MED      ,G5DH53              ,3,16,10.75,12.00,10.25,6.80
3530788,HUGG LTMVR HUGG FIT SZ6       ,G5DH63              ,5,8,9.50,17.25,12.13,8.90
3530492,LUVS PLATINUM S5 SUPER        ,G5DH73              ,4,12,10.25,15.94,10.00,6.10
3530446,HUGG LTL SNGLRS SZ1 GIGA      ,G5DH83              ,4,12,10.25,14.38,9.00,5.70
3530226,PULLUP LRN DSGN GRL 4T/5T     ,G5DJ02              ,4,12,9.81,13.25,10.00,6.20
3530603,LUVS PLTNM PRTCTN DPR SZ8     ,G5DJ12              ,4,16,11.50,11.63,9.94,4.60
3530282,CMFRTS JUMBO DIAPERS SZ 5     ,G5DJ22              ,3,10,9.96,17.95,9.57,7.60
3530932,LITTLE SNUGGLERS JUMBO ST     ,G5DJ32              ,3,12,13.94,14.38,9.00,7.60
3530052,GRBR PCKUP PSTA CHKN CRRT     ,G5DJ53              ,8,28,5.00,11.25,5.20,3.68
3531256,HUGG LTL SNGLR NEWBORN        ,G5DJ63              ,4,15,13.00,12.38,8.50,5.80
3531113,PMPR SWADDLER SPR 6           ,G5DJ73              ,3,16,12.80,11.80,9.75,4.11
3530194,HUGG LTL MVR SZ 5             ,G5DJ83              ,4,9,9.00,14.50,12.13,6.90
3595604,PMPR SENSITIVE WIPES 7X       ,G5DK02              ,3,25,12.40,9.33,7.95,10.42
3593192,CMFRTS SENSTVE BABY WIPES     ,G5DK12              ,5,15,8.50,15.60,9.25,10.80
3530421,PMPR SWADDLER S3              ,G5DK22              ,3,10,12.38,17.88,9.75,9.60
3530210,PAMPERS CRUISERS 360 SZ5      ,G5DK32              ,4,12,11.88,12.00,10.00,4.85
3530619,CMFRTS NITE PANTS LG-XLG      ,G5DK53              ,4,16,11.88,11.56,10.25,11.80
3530211,LUVS PLATNINUM S4 JUMBO       ,G5DK63              ,5,8,10.25,18.06,10.00,8.10
3530270,HUGG LTMVR HUGE STEP 4        ,G5DK73              ,4,10,12.00,18.00,9.00,11.10
3530782,PMPR BBY DRY LEAKPRF DPRS     ,G5DK83              ,4,12,10.31,13.13,10.63,4.92
3530570,PAMPERS CRUISERS 360 SZ3      ,G5DL02              ,4,10,11.81,14.81,9.56,5.48
3530866,PMPR EASY UP BOY 4T/5T        ,G5DL12              ,4,12,11.75,12.00,10.00,5.60
3530255,HUGGIES LITTLE MOVE 48 CT     ,G5DL22              ,5,12,9.25,13.13,12.06,5.60
3530162,GRBR LE CHEESE RAVL W/VEG     ,G5DL32              ,7,31,6.65,10.90,5.20,4.86
3530477,PMPR EASY UP TRNG UNDWR L     ,G5DL53              ,4,16,11.69,11.50,9.56,4.37
3530218,PAMPERS CRUISERS 360 SZ6      ,G5DL63              ,4,16,11.63,10.25,9.25,4.32
3530785,PMPR CRUISRS 360 SIZE 8       ,G5DL73              ,4,16,11.63,11.75,9.50,3.92
3530028,GDNTS JM YTHPNT BY 34CT L     ,G5DL83              ,3,16,11.50,11.50,10.25,6.00
3530867,PMPR EASY UP BOY 3T/4T        ,G5DM02              ,3,15,11.50,13.00,10.30,5.30
3530383,PMPR EASY UP GIRL 3T/4T       ,G5DM12              ,3,15,11.50,13.00,10.31,5.30
3530367,HUGG LITTLE SWIMMERS MEDM     ,G5DM22              ,5,12,9.31,14.75,9.44,4.20
3530020,PMPR EASY UP GIRL 4T/5T       ,G5DM32              ,3,12,11.40,13.00,10.50,4.90
3530124,HUGG LTMVR HUGE STEP 5        ,G5DM53              ,4,10,11.38,18.75,9.00,9.70
3530289,LUVS S7 SUPER                 ,G5DM63              ,4,16,10.13,11.94,9.94,4.80
3530374,PMPR SWADDLER 360 MID DPR     ,G5DM83              ,3,12,11.31,13.44,9.56,5.20
3501619,GM TRIX CEREAL GIA            ,G5DN02              ,3,6,14.06,19.12,15.87,19.45
3530503,PMPR SWADDLERS S4             ,G5DN12              ,4,10,11.25,19.06,9.88,9.27
3504103,KRO FS CNTRY CLUB CRACKER     ,G5DN22              ,5,8,8.75,16.75,13.00,16.39
3530480,ENFML AR 4SPIT UP W/IRON      ,G5DN32              ,9,16,4.50,12.38,8.63,5.90
3530171,CMFRTS TRN PANT BOY 4T-5T     ,G5DN53              ,4,12,10.13,13.38,10.25,6.90
3595507,PAM FG ULTRA CLEAN WIPES      ,G5DN63              ,3,25,10.95,9.57,8.07,9.05
3530227,HUGG OVERNITE SZ6 GIGA BX     ,G5DN73              ,4,20,10.88,10.00,9.00,5.20
3530238,ENFML INFANT POWDR W/IRON     ,G5DN83              ,10,16,4.50,12.37,8.62,5.90
3530382,PAMPERS SWADDLERS SZ6 ENO     ,G5DP02              ,4,10,11.06,15.94,10.00,7.31
3530478,ENFML NUTRAMIGEN  PWDR        ,G5DP12              ,9,16,5.06,12.63,8.63,6.00
3530378,HUGG LITTLE SWIMMERS LRG      ,G5DP22              ,4,9,10.06,14.31,13.19,6.70
3530329,PMPR SWADDLER 360 GNT DPR     ,G5DP32              ,4,16,10.75,11.56,9.50,4.08
3531086,PMPR SWADDLER DIAPERS SZ5     ,G5DP53              ,4,16,10.69,11.38,10.00,5.20
3530275,PULLUP LRN DSGN GRL 2T/3T     ,G5DP63              ,5,8,9.19,20.00,10.25,8.90
3530474,SMLAC ADV INFANT FORMULA      ,G5DP73              ,6,10,6.50,15.40,10.40,1.40
3530068,SMLAC NEOS INFANT FORMULA     ,G5DP83              ,5,16,5.50,10.63,10.63,6.82
3534520,SMLAC ADV FRMLA W/IRN PWD     ,G5DQ02              ,9,16,4.50,12.50,8.50,5.60
3530325,SMLAC PRO TOTAL CMFRT         ,G5DQ12              ,6,10,6.66,16.06,10.63,13.02
3530300,SMLAC 3TC ADVANCE PWD         ,G5DQ22              ,9,14,5.37,12.75,9.88,7.10
3530045,SMLAC RTU 3TC FORMULA 6PK     ,G5DQ32              ,8,13,5.94,14.81,9.56,15.48
3502304,QKER PC CHOCOLATE CARMEL      ,G5DQ53              ,6,10,8.44,16.06,12.00,2.78
3530304,SMLAC 3TC ADVN 32OZ           ,G5DQ63              ,5,20,8.69,10.63,8.19,15.50
3538345,SMLAC NEOS FRML PWD W/IRN     ,G5DQ73              ,6,16,4.90,12.40,8.30,6.50
3530846,SMLAC TTL CMFRT FRMLA PWD     ,G5DQ83              ,8,16,4.60,12.60,8.60,5.80
3538346,SMLAC ADV FRMLA CNC W/IRN     ,G5DR02              ,8,16,4.50,12.50,9.10,12.50
3530119,SMLAC 360TTL CR SNST FRM      ,G5DR12              ,6,10,7.50,12.75,9.88,9.70
3530179,GOODNIGHTS GIRL XL JUMBO      ,G5DR22              ,3,16,10.63,12.38,10.25,5.60
3530064,SMLAC 360 TTL CR INFN FRM     ,G5DR32              ,6,10,7.50,12.75,9.88,9.70
3530110,SMLAC PRO TOTAL CMFRT         ,G5DR53              ,5,10,6.66,10.63,10.63,7.40
3530007,SMLC ALIMENTUM ADV RTF EA     ,G5DR63              ,14,9,3.63,16.88,11.13,15.78
3530494,SMLAC SOY ISML FRML W/IRN     ,G5DR73              ,5,16,4.90,12.00,8.00,5.60
3530134,HUGG LTMVR 360 DPRS S7        ,G5DR83              ,4,12,9.25,12.06,11.38,5.40
3531339,SMLAC NEOS RTF FRML W/IRN     ,G5DS02              ,4,20,8.69,10.63,8.19,14.20
3530489,SMLAC ALMT RTF FRML W/IRN     ,G5DS12              ,5,20,8.70,10.60,8.20,14.00
3530092,SMLAC SOY ISML FRMLA          ,G5DS22              ,5,16,6.66,10.63,10.63,8.89
3530615,SMLAC SNSTV FRM PWD W/IRN     ,G5DS53              ,7,16,5.00,12.30,8.20,6.00
3530071,SMLAC ALMT INF FRMLA PWDR     ,G5DS63              ,8,16,4.94,12.69,8.38,7.70
3530674,SMLAC 3TC SNTV 2OZ/12 PCK     ,G5DS73              ,12,20,4.56,11.56,7.56,5.25
3530562,SMLAC 3TC ADVN 2OZ/12 PCK     ,G5DS83              ,12,20,4.56,11.56,7.56,5.45
3530313,SMLAC 3TC SENSITIVE PWD       ,G5DT22              ,8,14,5.64,12.75,9.88,7.07
3530262,SMLAC ALMT INF FRMLA PWDR     ,G5DT32              ,8,16,4.75,11.00,11.00,6.03
3530688,SMLAC ADV RTF FRML W/IRON     ,G5DT53              ,2,20,8.60,8.10,10.60,15.20
3530317,SMLAC 3TC SNSTV FRMLA 6PK     ,G5DT63              ,8,13,5.94,14.81,9.56,15.47
3530216,PULLUP NIGHT TM GRL 3T/4T     ,G5FA02              ,4,12,9.75,14.84,10.13,8.40
3530154,PMPR SWADDLER DIAPERS SZ1     ,G5FA12              ,5,10,7.70,20.30,9.50,6.30
3530129,HUGG SNUGDRY DIAPERS          ,G5FA22              ,4,16,10.19,12.00,9.63,5.20
3530624,PMPR EASY UP DPR 6T/7T        ,G5FA83              ,4,10,11.50,14.50,11.75,5.48
3595453,PAM FG ULTRA CLEAN WIPES      ,G5FB02              ,4,13,7.72,15.20,9.57,13.24
3595021,HUGG SMPLY CLN FSCH SNT       ,G5FB12              ,5,14,7.88,12.88,9.56,9.70
3530018,HUGG SNGDRY DPERS SZ 7        ,G5FB22              ,6,16,10.19,11.00,9.63,5.40
3530168,HUGG LTMVR DIAPERS            ,G5FB32              ,5,15,10.19,13.50,9.44,6.70
3594063,PMPR CLNCLM CTTN BLSSM        ,G5FB53              ,4,13,7.95,15.20,9.57,17.39
3530137,PAMPERS SWADDLERS SZ 7 EN     ,G5FB55              ,3,12,11.56,14.63,10.00,6.50
3530689,CMFRTS DIAPERS VALBX SZ 4     ,G5FB63              ,3,10,9.49,9.33,17.83,8.50
3594819,PMPR CPLT CLN BBY FSH WP      ,G5FB73              ,4,13,7.32,15.20,9.57,13.18
3530690,CMFRTS DIAPERS VALBX SZ 5     ,G5FB75              ,3,10,9.49,9.57,18.15,7.50
3530692,CMFRTS DIAPERS VALBX SZ 6     ,G5FB83              ,3,12,9.65,9.96,14.29,6.80
3530620,LUVS PLTNM PRTCTN DPR SZ8     ,G5FB85              ,3,12,11.44,14.56,10.00,5.61
3530246,PULLUP LRN DSGN BOY 4T/5T     ,G5FC02              ,3,12,10.13,13.38,10.25,7.50
3531110,LITTLE MOVERS JUMBO STEP      ,G5FC04              ,3,10,9.75,17.75,9.00,7.80
3530118,PMPR CRUISERS DPRS 360 FT     ,G5FC12              ,3,10,10.38,14.69,11.38,5.91
3530232,HUGG LTMVR DPR SZ5 GIGA       ,G5FC14              ,4,15,9.75,12.88,9.00,5.80
3530174,CMFRTS TRN PANT GRL 4T-5T     ,G5FC22              ,3,12,10.13,13.38,10.25,6.90
3530189,HUGG SNUG DRY 7               ,G5FC32              ,4,20,8.75,10.06,9.44,4.50
3590018,HUGG SMPLY CLN FF WIPES       ,G5FC34              ,4,14,7.88,12.50,9.56,9.70
3506308,DAVID SNFLWR SDS IN SHELL     ,G5FC53              ,4,18,7.81,15.13,6.63,4.60
3530247,HUGG PULLUPS BOY 4T5T         ,G5FC63              ,3,16,10.13,11.88,10.25,5.90
3530439,CMFRTS TRNPNT 4-5T BOY GP     ,G5FC65              ,3,16,10.13,11.88,10.25,5.20
3530425,HUGG LTMVR SZ6 JUMBO PCK      ,G5FC73              ,3,15,9.60,13.00,8.90,6.50
3598383,PMPR CLNCLM BABY WIPES        ,G5FC75              ,3,25,9.65,9.57,8.07,8.95
3530308,PAMPERS SWADDLERS OVRNT S     ,G5FC83              ,3,16,10.06,12.00,9.94,4.62
3530372,PMPR CRUISER LEAKPRF          ,G5FC85              ,3,16,11.69,10.25,9.25,4.11
3530299,PMPR SWADDLER 360 MAX DPR     ,G5FD02              ,3,12,10.00,12.50,11.00,4.66
3598679,CMFRTS SENSTV WPS 8PK BX      ,G5FD04              ,4,10,8.31,9.88,16.88,13.00
3530686,CMFRTS JUMBO DIAPERS SZ 6     ,G5FD12              ,3,12,9.65,9.96,14.29,7.10
3530613,PAMPERS CRUISERS 360 SZ4      ,G5FD14              ,3,8,11.88,18.25,11.50,8.86
3530144,HUGG OVERNITE SZ5 GIGA BX     ,G5FD22              ,3,16,9.69,11.00,9.13,5.90
3502616,KRO ORIGINAL CHIPMATES        ,G5FD24              ,3,8,9.81,17.31,11.56,15.52
3505638,KRO CLSS TRAIL MIX 12CT       ,G5FD32              ,4,12,7.25,13.25,11.00,11.20
3530340,LUVS PLATINUM S7 JUMBO        ,G5FD34              ,3,12,10.63,14.69,9.75,6.00
3590342,CMFRTS SENSTVE BABY WIPES     ,G5FD53              ,3,20,9.85,8.75,8.50,7.20
3530451,GRBR - SWEET POTATO           ,G5FD55              ,4,30,8.65,9.50,6.40,1.52
3530060,GDNTS JM YTHPNT GL 34CT L     ,G5FD63              ,3,16,11.50,11.40,10.20,6.00
3530617,PMPR CRUISERS 360 DPRS        ,G5FD65              ,3,11,11.00,14.31,11.38,6.49
3530604,PAMPERS CRUISERS 360 SZ6      ,G5FD75              ,3,10,11.00,15.56,11.44,7.09
3530177,GDNTS BED UNDRWR FR GRLS      ,G5FD83              ,3,16,11.00,10.81,10.13,5.30
3530321,PMPR SWADDLER 360 JNR DPR     ,G5FD85              ,3,12,10.38,12.81,10.44,4.68
3530518,HUGG SNUG DRY SZ 2            ,G5FF02              ,3,12,10.03,15.08,9.17,7.30
3503496,KRO UNSLTD DRY RST PEANUT     ,G5FF04              ,4,14,8.00,13.00,9.50,18.00
3531087,PMPR SWADDLER DIAPERS SZ4     ,G5FF12              ,3,16,9.90,11.80,9.50,5.60
3585184,WNDR PISTACHIO CHILI RSTD     ,G5FF14              ,5,24,6.75,9.75,8.00,3.84
3530415,CMFRTS TRNPNT 3-4T GRL GP     ,G5FF22              ,3,16,9.69,11.88,10.25,5.60
3530230,HUGG PULLUPS GIRL 4T5T        ,G5FF32              ,4,16,9.80,11.70,10.20,5.90
3530253,PULLUP LRN DSGN BOY 3T/4T     ,G5FF53              ,4,8,8.81,18.38,10.25,8.40
3530405,CMFRTS TRNPNT 3-4T BOY GP     ,G5FF55              ,3,16,9.69,11.88,10.25,5.60
3531097,PMPR SWADDLER DIAPERS SZ4     ,G5FF63              ,4,10,9.38,17.56,9.50,7.00
3530093,PMPR CRS DPRS 360FT 4MXI      ,G5FF65              ,3,9,9.94,16.63,11.69,6.59
3598522,PAMPERS BW SENS 12X FTMT      ,G5FF73              ,5,12,7.21,15.71,9.45,13.25
3530248,PMPR SWADDLER DIAPERS SZ1     ,G5FF75              ,3,13,9.38,14.75,9.50,5.20
3530127,HUGG LTLMVR DPR SZ3 GIGA      ,G5FF83              ,4,12,8.75,18.00,9.00,6.60
3595441,PAM FG ULTRA CLEAN WIPES      ,G5FF85              ,4,25,7.72,9.57,8.07,6.77
3530335,CMFRTS TRN PANT GRL 2T-3T     ,G5FG02              ,4,8,9.19,20.00,10.25,8.40
3506735,PRSL PRALINE PECANS           ,G5FG04              ,10,15,3.44,12.75,8.63,4.40
3598790,PMPR WIPES SENSITIVE 4X       ,G5FG14              ,5,25,7.20,9.40,7.75,6.80
3584259,HUGG SMPLY CLN DSNY FF WP     ,G5FG22              ,6,13,6.40,15.00,8.60,8.70
3530245,PMPRS SWADDLER SZ3 JUMBO      ,G5FG24              ,3,10,9.44,17.31,9.50,6.30
3530257,PULLUP LRN DSGN GRL 3T/4T     ,G5FG32              ,4,8,8.81,18.38,10.25,8.40
3505900,PLANTERS GARLIC CHI           ,G5FG34              ,8,15,4.50,15.81,7.81,4.53
3598985,HUGG NAT CARE CMBRGT WPS      ,G5FG53              ,4,20,7.50,9.50,8.70,5.40
3594772,HUGG NAT CARE REFILL          ,G5FG65              ,4,12,7.88,12.69,10.88,12.50
3530596,HUGG SNGDRY GG DPR SZ4        ,G5FG73              ,3,10,9.75,17.13,9.44,7.40
3530797,PMPR BABY DRY DIAPERS SZ5     ,G5FG75              ,4,10,9.40,12.60,9.80,6.40
3591508,PMPR BABY FRSH WIPES          ,G5FG83              ,4,13,6.25,15.00,9.44,13.90
3530173,HUGG LITTL MVR 8              ,G5FH02              ,4,20,8.75,10.06,9.44,4.20
3594965,HUGG SMPLY CLN FSH SCNT       ,G5FH04              ,6,13,6.63,15.38,9.00,8.70
3530271,HUGG LTMVR SZ 6 HUGE PK       ,G5FH12              ,4,10,9.75,19.00,9.00,8.80
3530165,HUGG LTMVR DPR SZ6 GIGA       ,G5FH14              ,3,20,9.75,10.00,9.00,5.40
3586076,CMFRTS TDL MST WP FF 4X       ,G5FH22              ,5,18,8.00,14.13,6.38,8.30
3594309,PMPR AQUAPURE BBY WPS         ,G5FH24              ,3,25,9.92,9.06,8.07,9.79
3530921,LITTLE MOVERS JUMBO STEP      ,G5FH32              ,4,10,8.75,18.25,9.00,7.30
3530330,PULLUP BOY TRNING PNT 56T     ,G5FH34              ,3,16,10.63,11.56,10.25,5.50
3591076,CMFRTS SENSTV WPS 9PK BX      ,G5FH53              ,5,14,8.38,13.75,8.25,8.40
3530933,HUGGIES LM DIAPERS SZE 3      ,G5FH63              ,5,8,8.75,21.75,9.00,8.00
3504820,DAVID RANCH SUNFLWR SEEDS     ,G5FH73              ,6,18,7.81,15.13,6.63,4.56
3530565,PULLUP TRNG PNTS 3 4T GRL     ,G5FH83              ,5,12,9.75,13.25,10.25,5.80
3530258,PULLUP LRN DSGN BOY 2T/3T     ,G5FJ02              ,4,8,9.19,20.00,10.25,8.90
3530347,PULLUP BOY TRNING PNT 34T     ,G5FJ04              ,3,12,9.75,15.75,10.19,8.00
3584907,HUGG NAT CARE FRG FREE WP     ,G5FJ12              ,4,13,9.50,15.38,9.00,12.00
3530157,PULLUP NIGHT TM BOY 3T/4T     ,G5FJ14              ,4,12,9.75,14.84,10.13,8.40
3530387,PULLUP BOY TRNING PNT 45T     ,G5FJ22              ,3,12,10.13,14.88,10.25,7.70
3530760,HUGG NAT CARE FF WIPES        ,G5FJ24              ,6,13,6.50,15.50,9.00,9.50
3531101,PMPR SWADDLER DIAPERS SZ5     ,G5FJ32              ,3,8,8.13,19.00,9.88,6.60
3530053,HUGG NAT CARE FF WIPES        ,G5FJ34              ,4,15,7.88,12.88,9.56,12.00
3530417,PULLUP GRL TRNING PNT 45T     ,G5FJ53              ,3,12,10.13,14.88,10.25,7.70
3593668,OCSP CRAISINS                 ,G5FJ55              ,4,28,8.25,11.13,5.50,2.90
3530172,PMPR SWDDLRS JUMBO PRMIE      ,G5FJ63              ,3,16,7.00,12.00,9.50,3.50
3530401,CMFRTS TRNPNT 4-5T GRL GP     ,G5FJ65              ,3,16,10.13,11.88,10.25,5.20
3530280,CMFRTS TRN PANT BOY 2T-3T     ,G5FJ73              ,4,8,9.19,20.00,10.25,8.40
3531085,PMPR SWAD S0 SUPER MX         ,G5FJ75              ,4,15,7.75,12.38,9.50,3.36
3582700,HUGG ONE REFRESHING CLEAN     ,G5FJ83              ,4,13,9.13,15.41,9.03,10.70
3530634,HUGG SNGDRY GG DPR SZ3        ,G5FJ85              ,3,10,8.94,17.81,9.44,7.30
3530635,HUGG SNGDRY GG DPR SZ5        ,G5FK02              ,4,10,8.50,18.00,9.44,7.20
3505889,KRO CRNBRRY CSHW TM           ,G5FK04              ,5,20,7.13,11.38,7.88,6.94
3530637,HUGG SNGDRY GG DPR SZ6        ,G5FK12              ,3,15,9.94,12.75,9.44,6.10
3530653,HUGG SNGDRY JM PK DP SZ4      ,G5FK14              ,4,8,9.09,23.15,9.37,9.50
3530312,HUGG LTL SNGLRS SZN GIGA      ,G5FK22              ,4,15,9.00,12.44,8.63,3.90
3530591,PMPR SWADDLER 360 DPRS        ,G5FK24              ,3,10,10.75,15.88,11.31,6.10
3530794,PMPR BABY DRY DIAPERS SZ4     ,G5FK32              ,3,10,9.00,17.50,10.00,7.10
3584910,HUGG ONE  DONE RFSH WPES      ,G5FK53              ,4,15,7.88,12.88,9.56,13.40
3530573,CMFRTS TRN PANT BOY 3T-4T     ,G5FK55              ,3,12,9.75,16.31,10.25,7.60
3530046,PMPR SNSTV BABY WIPES         ,G5FK63              ,4,13,8.00,15.30,9.40,14.90
3530069,GDNTS NT YTHPNT BY 34CT L     ,G5FK65              ,3,16,8.19,11.88,10.13,4.70
3594932,PAM FG ULTRA CLEAN WIPES      ,G5FK73              ,4,13,7.72,15.20,9.57,12.81
3530423,PMPR SWADDLER DIAPERS SZ2     ,G5FK75              ,3,10,8.13,18.75,9.50,6.50
3530220,HUGG OVERNITE SZ4 GIGA BX     ,G5FK83              ,4,15,9.38,13.13,9.06,6.20
3530301,PAMPERS SWADDLERS OVRNT S     ,G5FK85              ,4,16,9.00,12.00,9.88,4.17
3506369,KRO CLASSIC TRAIL MIX         ,G5FL02              ,3,17,11.13,14.88,6.38,9.80
3586077,CMFRTS TDL MST WP FF          ,G5FL04              ,4,25,8.06,8.38,7.38,5.80
3530601,PMPR SWADDLERS 360 DPRS       ,G5FL12              ,3,16,11.25,11.81,9.50,3.92
3530393,PMPR SIZE 5 CRUISERS DIAP     ,G5FL14              ,3,10,8.31,19.13,11.44,6.50
3530618,PMPR SWADDLERS DPRS           ,G5FL22              ,4,16,8.38,11.94,10.00,3.88
3504918,CHEEZIT ORIG GF               ,G5FL32              ,3,10,9.06,19.31,9.56,9.22
3530267,PMPR SWADDLER DIAPERS SZ2     ,G5FL53              ,4,12,9.00,15.75,9.50,5.30
3530623,PMPR SWADDLERS 360 DPRS       ,G5FL55              ,3,10,11.13,15.13,11.25,6.22
3530762,HUGG NAT CARE FF WIPES        ,G5FL63              ,4,15,7.94,12.78,9.60,11.60
3530555,LUVS S4 SUPER                 ,G5FL65              ,4,10,9.87,17.50,9.81,6.80
3530609,HUGG LTLMVR DPR SZ7 GIGA      ,G5FL73              ,4,20,8.40,9.90,9.40,4.50
3530627,PMPR CRUISERS 360 DPRS        ,G5FL75              ,3,10,11.13,15.13,11.25,6.38
3502675,PLNTR DRY RSTD SS PNTS        ,G5FL83              ,5,11,7.43,14.21,10.50,13.85
3530584,PULLUP TRNG PNTS 3 4T BOY     ,G5FL85              ,3,12,9.75,13.25,10.25,5.80
3591512,PMPR NAT CLN BABY WIPES       ,G5FM02              ,3,25,9.94,9.31,7.81,9.20
3594061,HUGG NAT CARE SNT/SNB WPS     ,G5FM04              ,4,20,7.88,9.88,9.00,5.40
3501953,KRO MIXED NUTS PEANUTS        ,G5FM12              ,5,12,6.38,14.50,9.75,12.50
3530097,PMPR SWADDLER NEWBORN         ,G5FM14              ,4,12,8.50,13.20,11.75,4.90
3530628,PMPR SWADDLERS 360 DPRS       ,G5FM22              ,3,10,10.44,15.19,11.06,6.18
3530035,GDNTS GIGA YOUTHPANT          ,G5FM24              ,4,12,7.75,12.69,10.88,4.50
3530424,PMPR SWDDLRS SUPER SZ7        ,G5FM32              ,4,16,9.35,11.50,10.00,4.25
3530493,GDNTS BEDWETTING UNDERWER     ,G5FM34              ,3,16,11.00,10.81,10.13,5.30
3530149,HUGG LTLMVR DPR SZ4 GIGA      ,G5FM53              ,3,12,9.38,14.50,9.00,5.90
3530798,PMPR BABY DRY DIAPERS SZ6     ,G5FM55              ,3,12,9.75,11.80,10.00,5.50
3530409,CMFRTS TRN PANT GRL 3T-4T     ,G5FM63              ,3,12,9.75,16.31,10.25,7.60
3530654,HUGG SNGDRY JM PK DP SZ6      ,G5FM65              ,4,10,8.75,18.75,9.44,8.00
3530488,HUGG LTMVR DIAPERS            ,G5FM83              ,3,15,10.19,13.50,9.44,7.00
3503060,KRO PUMPKIN SEEDS             ,G5FN02              ,5,28,7.38,12.38,5.06,2.50
3504838,PLNTR DILL PICKLE CASHEWS     ,G5FN12              ,10,15,4.50,15.81,7.81,4.17
3502073,DAVID CINNAMON CHUR           ,G5FN14              ,4,18,7.81,15.13,6.63,4.60
3530697,CMFRTS DIAPERS VALBX SZ 7     ,G5FN22              ,3,15,10.83,9.38,13.50,7.60
3530076,GDNTS NT YTHPNT GL 34CT L     ,G5FN24              ,4,16,8.19,11.88,10.13,4.70
3500291,PLNTR MIXED NUTS REGUL        ,G5FN32              ,8,9,3.38,16.63,12.38,9.29
3505894,KRO TEX MEX TRAIL MIX         ,G5FN34              ,5,20,7.13,11.38,7.88,6.19
3598304,KRO RAISINS BOX 6CT           ,G5FN53              ,6,15,6.09,13.45,9.07,11.50
3506496,KRO LS CASHEW HLVSPCS VP      ,G5FN55              ,12,8,3.00,16.60,12.50,7.40
3591128,HUGG SMPLY CLN BABY WIPES     ,G5FN63              ,4,20,9.50,9.88,9.00,6.70
3505005,KRO CHIPMATES WHT CH CHNK     ,G5FN65              ,3,10,11.38,17.88,8.56,11.50
3530102,GDNTS DISPOSABLE BED MATS     ,G5FN73              ,3,12,11.00,16.00,9.00,9.90
3501599,CHEEZIT ORIG CRKR CUP         ,G5FN75              ,7,14,4.19,17.63,7.31,2.26
3506329,KRO CASHEWS VP                ,G5FN83              ,12,8,3.00,16.50,12.38,7.80
3530266,PAMPERS SWADDLERS SZ3         ,G5FN85              ,4,12,9.20,16.00,9.70,5.90
3502667,PLNTRS LS DX WC               ,G5FP02              ,6,18,5.69,12.56,8.56,7.94
3506328,KRO CASHEW HLVES  PCS VP      ,G5FP04              ,12,8,3.00,16.50,12.38,7.40
3503475,KRO DRY ROASTED PEANUTS       ,G5FP12              ,5,12,6.38,14.50,9.75,15.00
3506330,KRO UNSALTED CASHEWS VP       ,G5FP14              ,12,8,3.00,16.50,12.38,7.80
3502775,KRO ORGL WHL WHT WHT CRSP     ,G5FP22              ,5,11,8.50,14.50,11.00,8.30
3585052,KRO PEANUTS SALT INSH GF      ,G5FP24              ,4,8,9.40,23.50,9.75,16.50
3506132,CHEEZIT SNK MIX CHSY FAVS     ,G5FP32              ,4,15,9.13,13.13,9.50,6.78
3585222,WFL CHILI RST PISTACHIO       ,G5FP34              ,4,10,9.25,19.38,8.63,9.30
3506471,PRSL ROASTED PECANS           ,G5FP53              ,10,15,3.44,12.75,8.63,3.80
3502639,KRO SESAME NUT MIX            ,G5FP55              ,12,8,3.31,16.50,12.38,8.30
3585022,KRO PEANUTS NS INSH GF        ,G5FP63              ,4,5,8.50,23.00,15.50,25.50
3506334,KRO LS MX NUTS PEANUTS VP     ,G5FP65              ,10,8,3.50,16.50,12.38,9.20
3585119,KRO PEANUTS SALT INSH GF      ,G5FP73              ,4,5,8.50,23.00,15.50,25.50
3506449,KRO HONEY ROAST CASHEWS       ,G5FP75              ,11,8,3.63,16.81,12.69,12.10
3506222,PLNTR DRY ROASTED PEANUTS     ,G5FP83              ,5,11,7.60,13.25,10.00,24.00
3506378,KRO HONEY ROAST PEANUTS       ,G5FP85              ,10,8,3.70,16.50,12.38,11.00
3585358,WNDR PISTACHIOS SSND SALT     ,G5FQ02              ,4,16,8.50,12.56,8.31,9.53
3504465,PLNTR CNMN  BRN SGR CSHW      ,G5FQ04              ,5,15,4.50,15.81,7.81,4.17
3506372,KRO SPNSH PEANUTS VAC PK      ,G5FQ12              ,10,8,3.75,16.60,12.50,11.00
3506214,PLNTR LTY SLTD MIXED NUTS     ,G5FQ14              ,11,9,3.25,16.50,12.38,9.30
3503470,KRO DRY RST HNY RST PEANT     ,G5FQ22              ,5,12,6.38,14.50,9.75,15.18
3500877,KRO FRUIT  NUT TRAIL MIX      ,G5FQ24              ,3,17,10.06,14.50,6.00,10.50
3506223,PLNTR DRY RST HNY PEANUTS     ,G5FQ32              ,5,11,7.50,14.40,10.50,23.80
3506367,KRO HOT  SPICY PEANUTS        ,G5FQ34              ,10,8,3.81,16.50,12.38,10.80
3506333,KRO MIXED NUTS PEANUTS VP     ,G5FQ53              ,10,8,3.50,16.50,12.38,9.20
3598382,HUGGS SKN ESS BBY WPS         ,G5FQ55              ,5,13,7.56,15.38,9.00,9.70
3506218,PLNTR COCKTAIL PEANUTS        ,G5FQ63              ,8,9,4.94,16.63,12.38,14.00
3585262,WNDR PISTACHIOS SHLD LS       ,G5FQ65              ,6,24,6.50,9.70,8.00,4.70
3503469,KRO LT SALT DRY RST PNUTS     ,G5FQ73              ,4,14,8.00,13.00,9.50,18.00
3505907,BIGS VLASIC SPICY D           ,G5FQ75              ,4,25,8.56,10.63,6.06,3.33
3503842,KRO LT SALT PEANTS VAC PK     ,G5FQ83              ,10,8,4.00,17.00,12.50,11.00
3503467,KRO HNY RSTD PEANUTS PET      ,G5FQ85              ,4,14,8.00,13.00,9.50,18.00
3585238,WNDR PISTACHIO INSH RS        ,G5FR02              ,5,8,11.25,19.94,9.56,24.60
3506371,KRO SALTED PEANUTS VAC PK     ,G5FR12              ,10,8,3.81,16.50,12.38,11.00
3581623,WNDR RS INSHLL PISTACHIO      ,G5FR22              ,5,8,9.10,19.60,11.10,21.50
3505881,KRO FRUIT NUT TM              ,G5FR32              ,4,24,8.33,9.69,7.69,6.42
3506369,KRO CLASSIC TRAIL MIX         ,G5FR53              ,3,17,11.13,14.88,6.38,9.80
3585850,WNDFL SSP NO SHELL PIST       ,G5FR55              ,5,24,6.75,9.75,8.00,3.98
3501021,BIGS VLASIC DLL SNFLWR SD     ,G5FR63              ,3,25,8.56,10.63,6.06,3.32
3500281,PLANTERS WHOLE CASHEWS        ,G5FR65              ,6,12,6.13,13.75,9.19,11.54
3585591,WFL PISTACH NO SHELLS SSV     ,G5FR73              ,3,10,9.25,19.38,8.63,9.25
3506331,KRO LS CASHEWS VP             ,G5FR75              ,12,8,3.00,16.50,12.38,7.80
3585164,WNDR PISTACHIOS HONEY RST     ,G5FR83              ,5,24,6.75,9.75,8.00,3.84
3593941,WNDR RSTD SLTD PISTACHIOS     ,G5FR85              ,5,8,6.00,17.80,10.80,14.00
3560628,SNSW D NOIR PRUNE             ,G5FS02              ,4,16,7.50,18.00,6.00,6.90
3500293,PLANTERS DLX MIXED NUTS 2     ,G5FS04              ,6,12,6.13,13.75,9.19,11.92
3505882,KRO CLASSIC TM                ,G5FS12              ,5,20,7.13,11.38,7.88,7.69
3500761,KRO UNSLTD RAW ALMNDS         ,G5FS14              ,10,12,3.25,14.25,10.75,5.80
3585795,WNDRFL NO SHL PSTCHS N/ST     ,G5FS22              ,4,24,6.75,9.75,8.00,4.29
3585794,WNDR PISTACHIOS SP            ,G5FS24              ,4,16,8.50,12.63,8.38,10.27
3505360,KRO TEX MEX TRAIL MIX         ,G5FS32              ,3,17,11.13,14.88,6.38,7.63
3585422,WNDR PIST SALT VIN NO SHL     ,G5FS34              ,5,24,6.75,9.75,8.00,3.84
3585707,WNDR PISTACHIO IS SWT CHL     ,G5FS53              ,4,16,8.50,12.63,8.38,10.27
3585600,WNDR RSTD PISTACHIOS LT S     ,G5FS55              ,4,8,8.38,20.00,11.19,21.00
3506224,PLNTR LT SLT DRY RST PNTS     ,G5FS63              ,5,11,7.50,14.50,10.50,12.00
3585522,WNDR PISTCHIO KERN RS ZIP     ,G5FS65              ,4,10,9.25,13.31,11.50,9.70
3505160,KRO WHL SEASLT CASHEWS        ,G5FT22              ,5,12,6.38,14.50,9.75,12.50
3585601,WNDR PISTACHIOS JALAP LME     ,G5FT24              ,5,24,6.75,9.75,8.90,3.98
3502104,KRO CRAN CSHW ALMD TRL MX     ,G5FT32              ,3,17,10.81,14.88,6.38,7.63
3500366,KRO RSTD SEA SLT ALMNDS       ,G5FT34              ,10,10,3.25,14.25,10.75,5.80
3503648,CHEEZIT ORIG CRKRS 12CT       ,G5GA02              ,4,12,8.50,13.50,12.00,6.00
3505862,KRO CARML COCONUT COOKIES     ,G5GA04              ,4,15,8.81,16.13,8.00,7.90
3501652,CHEEZIT EXTR CHSY SNK CRK     ,G5GA12              ,3,6,9.94,18.88,14.88,19.33
3540024,SNSW PITTED PLUMS CANISTR     ,G5GA14              ,6,12,5.50,14.50,9.75,7.00
3596558,SNMD RAISINS BAG N BOX        ,G5GA22              ,5,8,6.25,17.50,12.00,20.50
3585613,WNDR PIST JALAP LIME NOSH     ,G5GA73              ,4,10,9.25,19.38,8.75,9.47
3506468,PRSL WHL LARGE CASHEWS VP     ,G5GA75              ,10,15,3.13,12.75,8.63,3.80
3540058,OCSP CRAISINS RED SUGAR       ,G5GA83              ,4,12,7.50,14.31,13.31,11.40
3504846,CHEEZIT CRNCH ZST JLPNO       ,G5GA85              ,4,12,7.81,15.25,9.94,3.11
3597076,SNMD GOLDEN RAISINS           ,G5GB02              ,5,8,6.38,17.38,12.00,20.50
3592718,SNMD VAN YGRT RAISINS 6CT     ,G5GB04              ,3,21,6.75,13.25,6.88,8.70
3504637,PRSL SFT BKD OTML RSN CKY     ,G5GB12              ,4,16,8.00,10.00,12.00,4.60
3502910,KRO AMRICN AEROSOL CHEESE     ,G5GB14              ,4,30,8.00,6.50,8.75,8.40
3500938,KRO CHNKY CHIPMATES CKYS      ,G5GB22              ,3,10,11.38,17.88,8.56,11.60
3540110,SNMD RAISINS 6CT              ,G5GB24              ,5,15,6.13,13.63,9.25,11.50
3598221,KRO RAISINS CANISTER          ,G5GB32              ,5,9,6.50,17.00,12.25,17.00
3500108, KRO RSMRY SRDGH CRCKR        ,G5GB34              ,4,25,8.30,8.00,9.25,2.88
3505113,KRO HONEY GRAHAM STICKS       ,G5GB53              ,4,11,8.50,14.56,11.25,8.70
3505851,KRO STRIPED SHORTBREAD        ,G5GB55              ,5,11,7.50,14.63,11.63,10.80
3597072,SNMD RAISINS CARTON           ,G5GB63              ,4,8,6.50,17.00,12.25,17.00
3506467,PRSL SLCT BLND MIXED NUTS     ,G5GB65              ,8,15,3.13,12.75,8.63,4.10
3596559,SNMD RAISINS 6CT              ,G5GB73              ,4,24,6.25,9.50,7.25,5.80
3504868,CHEEZIT CRNCH WHT CHDR        ,G5GB75              ,4,12,7.81,15.25,9.94,3.11
3598229,STO RAISIN CANISTER           ,G5GB83              ,5,9,6.50,17.00,12.25,17.00
3504786,CHEEZIT CRNCH NCH CHS         ,G5GB85              ,4,12,7.81,15.25,9.94,3.11
3506177,KRO FS GLDN DBLE FLD KLDO     ,G5GC02              ,3,14,11.94,13.25,9.94,16.20
3503186,KRO PB SANDWICH COOKIE        ,G5GC04              ,4,10,8.25,19.38,8.63,13.50
3540019,OCSP CRAISINS                 ,G5GC12              ,4,12,7.63,13.00,11.75,13.10
3504895,CHEEZIT SNK CRK FR ONN DP     ,G5GC14              ,4,9,8.50,15.00,13.13,11.10
3591120,SNMD YOGURT CVRD RAISINS      ,G5GC22              ,6,25,6.50,8.94,6.81,4.30
3590661,SMRTWY RAISINS                ,G5GC24              ,5,18,6.50,13.00,8.00,10.50
3590244,SNMD MXD JMBO RAISINS ZIP     ,G5GC32              ,4,21,7.75,15.13,5.50,8.50
3506217,KRO ORIGINAL SANDWICH CKY     ,G5GC34              ,3,16,11.88,13.25,8.50,11.80
3505646,KRO DLX MXD NUTS              ,G5GC53              ,12,8,3.00,16.50,12.38,8.00
3592655,SNMD STWBRY VAN YGRT RSNS     ,G5GC55              ,4,28,6.38,9.75,7.25,5.85
3585812,SNMD RAISINS BAG              ,G5GC63              ,4,15,9.25,12.88,12.44,13.60
3590889,KRO DRIED CRANBERRIES         ,G5GC65              ,3,16,8.63,11.50,9.00,13.00
3585185,WNDR PISTACHIOS LS NO SHL     ,G5GC73              ,3,10,9.25,19.38,8.63,10.23
3598349,SNSW DRIED PTD DATES BAG      ,G5GC75              ,4,18,7.50,15.00,6.00,5.20
3504790,PRSL SFT BKD PNT BTTR CKY     ,G5GC83              ,4,16,8.00,10.00,12.00,4.60
3596556,SNMD RAISINS ZIPBAG           ,G5GC85              ,4,16,7.50,12.13,10.00,9.00
3503843,TWN HSE LT  BTRLY CRKR        ,G5GD02              ,4,12,7.81,14.88,10.00,8.83
3502046,KBLR CHP DLX FDG FLL CKIE     ,G5GD04              ,3,15,9.88,12.44,9.49,9.41
3540043,SNSW ONE DRIED PRUNES VP      ,G5GD12              ,4,15,8.00,14.40,8.00,7.00
3503438,KRO UNSLTD PEANUTS VAC PK     ,G5GD14              ,9,8,3.81,16.50,12.38,11.00
3502650,KRO CHEWY CHIPMATES           ,G5GD22              ,3,8,11.00,16.56,12.56,16.70
3500067,KRO FDG MINT RND CKY          ,G5GD24              ,4,16,8.30,13.40,8.20,9.00
3506042,KBLR SFT BKD CHP DELUX        ,G5GD32              ,4,15,9.61,12.44,9.49,10.36
3506235,KRO DF SANDWICH COOKIES       ,G5GD34              ,3,16,11.88,13.25,8.50,12.60
3500775,PRSL BR CRSP WTR CRKR PPR     ,G5GD53              ,4,20,7.50,10.40,9.20,4.60
3502516,PRSL ORGNL ENTERTNR CRKRS     ,G5GD55              ,4,18,9.00,11.40,8.50,6.00
3504092,KRO FRD PKL CHS BIT           ,G5GD63              ,4,9,9.00,15.50,13.00,11.59
3591047,ANNIES FRNDS BNY GRHMS        ,G5GD65              ,4,10,8.25,11.75,11.25,8.00
3502697,PLNTR SLT VNGR CSHEW          ,G5GD73              ,9,15,4.50,15.81,7.81,4.17
3595886,KRO PTD DRY PLUM BAG          ,G5GD75              ,4,21,7.50,15.30,5.81,6.70
3502549,KRO FIG BARS                  ,G5GD83              ,4,15,8.00,9.56,11.50,12.00
3592662,SNMD VAN YGRT RAISINS         ,G5GD85              ,3,21,8.00,12.00,10.00,7.30
3505065,KRO CHEDDAR CHESE BITS        ,G5GF02              ,4,9,9.00,15.75,13.13,11.70
3590383,SNSW DATES CHPD BAG DRIED     ,G5GF04              ,4,18,7.50,15.00,6.00,5.20
3585097,WNDR PIST DILL PICKLE NSH     ,G5GF12              ,5,24,6.75,9.75,8.00,3.98
3514023,QKR CRSPY MINI CRML RC SN     ,G5GF14              ,4,10,8.00,18.00,10.00,3.70
3500520,QKER CHOC CRUNCH RICE CK      ,G5GF22              ,3,9,10.38,16.44,12.44,7.30
3590857,KRO DRIED CRANBERRIES         ,G5GF24              ,4,36,8.63,10.13,4.88,2.80
3591630,OCSP CRAISINS CHL LME         ,G5GF32              ,4,28,8.25,11.13,5.50,3.51
3594296,SNMD MS VNLA YOGRT RAISNS     ,G5GF34              ,5,22,6.06,11.88,7.25,3.43
3505026,KRO OYSTER CRACKERS           ,G5GF53              ,3,9,9.50,17.50,10.00,8.50
3504548,KBLR ELFDG DBL STFD CKIES     ,G5GF55              ,3,13,9.53,14.49,9.57,11.02
3514246,QKER POPD CAKES CHOCOLATE     ,G5GF63              ,4,10,8.40,16.10,11.70,3.70
3500813,CHEEZIT BIG CRACKERS          ,G5GF65              ,4,9,8.50,15.00,12.75,11.10
3503412,KRO ORIG GRAHAM CRACKERS      ,G5GF73              ,4,9,8.00,16.00,11.25,12.80
3501729,CHEEZIT SNAPD DBL CHEESE      ,G5GF75              ,4,12,7.65,15.75,9.80,3.89
3501918,SMRTWY VNLA SANDWCH CKIES     ,G5GF83              ,4,7,8.31,18.94,12.81,21.60
3500564,KBLR FUDGE STICKS             ,G5GF85              ,7,12,4.69,12.56,10.50,7.30
3598895,ST MULTIGRAIN CRACKER         ,G5GG02              ,3,6,9.17,21.25,11.89,9.89
3590859,KRO DRIED CRANBERRIES         ,G5GG04              ,4,28,9.00,10.13,6.25,3.50
3501512,CHEEZIT GRVS WHT CHRD         ,G5GG12              ,3,6,9.94,18.88,14.13,16.33
3500410,KRO SEA SLT SRDGH CRCKR       ,G5GG14              ,4,25,8.30,8.00,9.25,2.88
3506178,KRO ORIGINAL KALEIDOS         ,G5GG22              ,3,14,11.94,13.25,9.94,15.60
3501058,CHEEZIT HOT  SPICY CRKR       ,G5GG24              ,4,9,8.50,15.00,13.13,11.10
3514022,QKR MINI RCE CK APL CINN      ,G5GG32              ,4,10,8.00,18.00,10.00,3.70
3501782,KBLR CLUB MULT GRN CRCKR      ,G5GG34              ,4,10,8.25,15.44,11.56,11.06
3584412,OCSP CRAISINS SWT CHERRY      ,G5GG53              ,4,28,8.25,11.13,5.50,2.90
3503824,CHEEZIT SNACK MIX             ,G5GG55              ,3,15,9.00,13.06,9.56,6.80
3502295,KRO AEROSOL CHEDAR CHEESE     ,G5GG63              ,4,30,8.00,6.50,8.75,8.40
3540023,SNSW PITTED PRUNES BAG        ,G5GG65              ,4,16,7.50,18.00,6.00,7.30
3501255,KRO MINI CHIPMATE CKY12PK     ,G5GG73              ,4,11,9.13,17.94,8.88,5.00
3500921,KRO SALTINE CRACKERS          ,G5GG83              ,2,7,18.00,19.63,13.25,29.00
3591634,OCSP CRAISINS                 ,G5GH02              ,4,25,8.25,11.13,6.25,4.35
3501372,ORVIL MT BTTR PPCRN SSNG      ,G5GH12              ,7,63,5.63,6.38,4.38,1.40
3503823,KBLR CHS  PB SND CRK 8CT      ,G5GH22              ,8,10,5.88,14.56,11.12,9.00
3505968,KBLR FDGE STRIPE VP 10CT      ,G5GH32              ,4,17,8.62,12.24,9.25,3.81
3500235,KRO CHIPMATES COOKIES         ,G5GH53              ,4,10,11.38,17.88,8.56,11.10
3501631,KRO CHKN BISCUIT CRACKER      ,G5GH63              ,3,6,10.38,21.19,10.50,11.44
3505046,GM CHEERIOS OAT CRNCH HO      ,G5GH73              ,4,9,12.37,16.00,13.18,17.20
3585075,HAMP PEANUTS HATCH CHILE      ,G5GH83              ,4,12,9.38,15.69,9.69,11.50
3504100,KRO FS ORIG SNACK CRACKER     ,G5GJ02              ,5,8,8.38,17.13,13.00,12.38
3504097,CHEEZIT WHITE CHEDDAR CKR     ,G5GJ12              ,4,6,10.50,18.80,14.10,19.30
3504558,KBLR ELFDG ELFWCH CKIES       ,G5GJ22              ,4,13,9.53,14.49,9.57,11.77
3504634,CHEEZIT ORIG CRCKR FMY SZ     ,G5GJ32              ,5,6,10.00,18.80,14.10,19.30
3501534,KBLR TWNHS ORIGINAL           ,G5GJ53              ,6,9,8.25,15.38,13.00,12.61
3506622,ORVIL NAT SMPLY SLTD 6CT      ,G5GJ63              ,5,21,9.25,13.13,6.75,9.50
3500748,KRO 94FF POP 6CT              ,G5GJ73              ,6,15,8.38,13.13,10.13,9.50
3501540,ACT II PPCR BTR LVR MCRWV     ,G5GJ83              ,4,15,11.56,13.13,9.13,16.09
3506133,CHEEZIT GRVS LOADED NACHO     ,G5GK02              ,6,9,8.50,15.00,13.13,8.55
3502656,KRO ORGINAL GRHM CRCKERS      ,G5GK12              ,3,10,15.88,16.81,10.31,24.64
3585674,WNDR PISTACHIOS KER ZIP       ,G5GK22              ,4,10,8.00,17.75,9.75,9.10
3502218,TWN HSE PITA CRACKERS         ,G5GK32              ,6,8,7.89,17.06,12.50,9.47
3504046,KRO MOV THR POP 18CT          ,G5GK53              ,4,15,8.75,12.50,9.94,15.70
3502920,CHEEZIT GRAB N GO             ,G5GK63              ,6,6,6.88,19.81,15.31,9.33
3502063,SMRTWY ASSTD SNDWCH CKIES     ,G5GK73              ,7,7,8.31,18.94,12.81,21.60
3505091,KRO ANIMAL CRACKERS           ,G5GK83              ,4,12,10.94,12.19,10.30,10.30
3594339,SNMD MS CHOC YOGRT RAISNS     ,G5GL02              ,8,22,6.06,11.88,7.25,3.43
3504089,CHEEZIT FS HOT SPCY CRKRS     ,G5GL12              ,5,6,9.94,18.88,14.88,19.33
3503809,KBLR CLUB  CHDR CRKR 8CT      ,G5GL22              ,5,10,6.88,14.56,11.13,9.00
3500887,CHEEZIT GRVS WHT CHDDR        ,G5GL32              ,5,9,8.50,15.00,13.13,8.55
3500960,CHEEZ IT CRACKERS SMOKED      ,G5GL53              ,5,9,8.50,15.00,13.13,11.10
3505831,KRO CHOC ENRBD PB FDG CKY     ,G5GL63              ,4,20,8.38,10.13,8.25,8.40
3500361,KBLR DLX GRHMS FUDGE CKYS     ,G5GL73              ,4,16,8.63,13.06,8.69,10.10
3504065,KRO KTTL MW PC 18CT           ,G5GL83              ,4,15,8.75,12.50,9.94,15.70
3505617,PRSL RSMARY ENTRTNR CRCKR     ,G5GM12              ,5,18,9.01,11.42,8.58,5.90
3501577,KBLR CHS  CHDR CRCKR 8CT      ,G5GM22              ,6,10,5.63,14.56,11.13,9.88
3585319,KRO PEANUTS RAW INSH GF       ,G5GM32              ,5,5,9.00,23.50,15.00,25.50
3503548,KRO DRY RSTED PEANUTS PET     ,G5GM53              ,4,14,8.00,13.00,9.50,18.00
3501883,KBLR CLUB ORIG SNCK STACK     ,G5GM63              ,6,10,9.00,15.44,11.56,10.92
3506651,KRO YELLOW POPCORN BAG        ,G5GN02              ,5,13,6.50,9.00,15.00,23.30
3502293,KRO MINI BKD OYSTR CRCKRS     ,G5GN04              ,4,9,7.50,17.50,10.00,8.60
3501993,KRO ORIG SNACK CRACKERS       ,G5GN12              ,4,8,8.31,17.13,13.63,12.90
3500691,KRO GINGERSNAP CKY            ,G5GN14              ,4,8,9.06,18.25,12.06,11.20
3500440,KRO CORNBREAD CRCKR           ,G5GN73              ,4,25,8.30,8.00,9.25,2.88
3596339,KRO PTD DRY PLUM CAN          ,G5GN83              ,7,8,4.75,16.75,12.25,13.70
3501527,QKR RCE CRSPS KOREAN BBQ      ,G5GN85              ,4,10,8.44,16.06,12.00,3.10
3502252,SMRTWY ICED OATML COOKIES     ,G5GP02              ,4,11,8.75,14.75,10.44,10.50
3503222,ORVIL BTR PCRN BWL 12CT       ,G5GP04              ,4,14,9.25,13.25,9.13,11.90
3504947,KRO CHIPMATES PNTBTR CKYS     ,G5GP12              ,3,10,11.38,17.88,8.56,11.10
3505008,KRO CHIPMATES CANDY CKYS      ,G5GP14              ,3,10,11.38,17.88,8.56,11.60
3506648,KRO WHITE POPCORN BAG         ,G5GP22              ,5,13,6.50,9.00,15.00,23.30
3505243,FERR NUTELLA BISCUITS PCH     ,G5GP24              ,5,11,7.00,14.76,11.61,9.04
3580651,OCSP CRAISINS SNAK PK 6CT     ,G5GP32              ,6,24,6.44,8.75,6.88,6.00
3504166,KELL TST  PNT BTR CRCKRS      ,G5GP34              ,4,10,7.75,16.00,9.56,11.24
3501713,STFR ANIMAL CRACKERS BAG      ,G5GP53              ,4,6,10.00,19.00,15.00,13.00
3504547,CHEEZIT LNCH BX VP 20CT       ,G5GP55              ,3,12,10.25,16.13,9.94,6.43
3502203,KBLR COCONUT DREAMS CKY       ,G5GP63              ,4,14,8.50,15.63,8.11,7.36
3502302,ZESTA ORIG SALTINE CRACKR     ,G5GP65              ,3,8,9.88,16.50,12.38,14.25
3503371,KRO CHOC GRAHAM CRACKERS      ,G5GP73              ,4,9,8.50,18.00,11.50,12.40
3598149,STO RAISINS 6PK               ,G5GP75              ,5,25,6.25,9.75,7.25,5.90
3500301,KRO MTLGRN CNTRY CLB CRKR     ,G5GP83              ,4,9,8.50,17.38,10.63,12.00
3503361,SMRTWY FDG STRP SHTBD CKS     ,G5GP85              ,5,10,7.25,15.57,11.07,11.30
3506041,KBLR FUDGE STRIPE CKIES       ,G5GQ02              ,5,15,7.64,12.87,8.86,5.07
3540067,SNMD MINI SNCKR RSNS 12CT     ,G5GQ04              ,5,12,7.00,16.00,10.00,6.70
3502514,SWY GRAHAM CRACKERS           ,G5GQ12              ,4,9,8.63,16.13,11.25,12.60
3594967,SNSWT PRBTIC ELDRB PRUNES     ,G5GQ14              ,4,18,7.50,15.00,6.00,4.25
3501768,CHEEZIT SNAPD SWC SNK CRK     ,G5GQ22              ,4,12,7.81,15.94,9.94,3.48
3500288,KRO SEA SLT NAAN CRCKR        ,G5GQ24              ,4,7,8.38,18.75,12.25,8.10
3503066,QKER SWT CHILLI RICE CRSP     ,G5GQ32              ,3,12,10.50,16.06,10.25,4.10
3501842,SMRTWY DPLX SNDWCH CKIES      ,G5GQ34              ,4,7,8.31,18.94,12.81,21.60
3502543,PRSL SESAME WHT ENTR CKRS     ,G5GQ53              ,3,18,10.00,11.40,8.50,5.90
3505030,KRO MINI VANILLA WAFERS       ,G5GQ55              ,3,9,9.50,14.50,12.50,10.60
3590861,KRO LS DRIED CRANBERRIES      ,G5GQ63              ,4,28,9.00,10.13,6.25,2.90
3501408,QKER RICE CRSPS JLPN CHD      ,G5GQ65              ,3,5,9.75,23.75,15.25,6.60
3504004,CHEEZIT PEPPER JACK CRKR      ,G5GQ73              ,4,9,8.50,15.00,13.13,11.10
3514012,QKER PLN SALTED RICE CKS      ,G5GQ75              ,3,9,10.50,16.50,12.50,4.90
3501659,CHEEZIT EX CRN BC SNK CRK     ,G5GQ83              ,4,9,8.50,15.00,13.13,11.10
3506037,KBLR SANDIES SB PCN CKIES     ,G5GQ85              ,4,15,7.64,12.28,7.95,5.07
3505031,KRO LEMON WAFERS              ,G5GR02              ,3,9,10.50,14.44,12.69,10.60
3504789,PRSL SFT BKD CHOC CHP CKY     ,G5GR04              ,4,16,8.00,10.00,12.00,4.60
3504016,KELL CHSE  PNUT BTR CRKR      ,G5GR12              ,5,10,7.75,16.00,9.56,11.24
3503201,QKER RICE CRISPS CHEDDAR      ,G5GR22              ,3,12,10.50,16.06,10.25,4.10
3598389,STO RAISINS ZIP ORG CR        ,G5GR24              ,4,16,7.75,12.00,10.13,8.80
3595936,OCSP CRAISINS SR BLUB LMN     ,G5GR32              ,4,28,8.25,11.13,5.50,3.51
3501487,SMRTWY VNLLA SGR WFRS         ,G5GR34              ,4,20,7.75,11.38,7.25,6.50
3505155,KBLR EDG STRP COOKIES         ,G5GR53              ,5,12,7.75,13.38,11.75,9.70
3598336,OCSP RSG CRAISINS             ,G5GR55              ,4,28,8.10,11.13,5.40,2.70
3500324,KRO COUNTRY CLUB CRACKER      ,G5GR63              ,4,9,8.50,17.38,10.63,12.80
3500729,KBLR FUDGE MNT DELIGHTS       ,G5GR65              ,4,15,7.88,13.69,7.88,8.50
3505025,KRO VANILLA WAFERS            ,G5GR73              ,4,9,9.69,15.50,13.00,10.60
3505173,KRO OLD STHRN PECAN CKY       ,G5GR75              ,3,13,9.56,15.13,10.06,9.70
3501879,KBLR CLUB RF CRACKERS         ,G5GR83              ,4,10,8.25,15.44,11.56,10.31
3503570,PRSL CLSSC AST CRCKR 4PK      ,G5GR85              ,6,9,6.20,16.50,11.00,6.70
3500997,KRO CHEWY CHIPMATES CKYS      ,G5GS02              ,4,10,11.38,17.88,8.56,12.60
3501177,CHEEZ IT CRACKERS SMOKED      ,G5GS12              ,5,9,8.50,15.00,13.13,11.10
3585042,KRO PEANUTS NS INSH GF        ,G5GS22              ,5,8,9.00,23.50,9.50,16.50
3505164,KRO DELUXE MIXED NUTS PET     ,G5GS32              ,6,12,6.38,14.50,9.75,12.50
3501057,CHEEZIT DUOZ PRM CHDR CKR     ,G5GS53              ,5,9,8.50,15.00,13.13,11.10
3504075,KRO UNSLTD SLTNE CRCKR        ,G5GS63              ,2,10,13.13,17.69,9.81,14.51
3514187,QKER POPD CHEDDAR             ,G5GS73              ,6,10,8.50,16.00,12.00,3.00
3503372,KRO CINNAMON GRAHAM CRKRS     ,G5GS83              ,5,9,8.50,18.00,11.50,12.40
3504403,SMRTWY SALTINES CRACKERS      ,G5GT02              ,2,7,17.13,18.25,12.88,27.70
3501719,KBLR CLUB ORIG CRACKERS       ,G5GT12              ,6,10,8.25,15.44,11.56,11.81
3596717,ANNIES CINN GRHM CRKR         ,G5GT22              ,5,9,8.56,16.43,11.37,13.07
3503360,SMRTWY FIG BARS               ,G5GT32              ,3,13,11.11,14.18,9.06,22.50
3590930,STO PREM DRIED CRANBERRY      ,G5GT53              ,5,36,8.63,10.13,4.88,2.40
3504002,CHEEZIT ORIGINAL CRACKRS      ,G5GT63              ,6,12,7.94,12.19,11.75,6.59
3500944,CHEEZIT EXTRA TOASTY CRKR     ,G5GT73              ,5,9,10.00,15.00,13.13,11.10
3501790,CHEEZIT SNAPD SRCRM ONION     ,G5GT83              ,6,12,9.00,16.00,10.00,3.89
3502124,SMRTWY LEMON SNDWCH CKIES     ,G5GU02              ,7,7,8.31,18.94,12.81,21.60
3596522,ANNIES SWT SLTY VP 12CT       ,G5GU12              ,5,12,9.37,13.25,11.62,5.43
3502668,PLNTR SC SP HRP VP 24CT       ,G5GU22              ,6,6,7.25,26.44,10.75,18.73
3501032,CHEEZIT CHEDDAR JACK CRKR     ,G5GU32              ,5,9,8.50,15.00,13.13,11.10
3503827,KBLR TST  PB SND CRK 8CT      ,G5GU53              ,8,10,5.50,17.50,10.00,9.00
3501606,QKER RICE CRISPS CARAMEL      ,G5GU63              ,5,12,10.50,16.06,10.25,4.70
3500663,CHEEZIT RF CRACKERS           ,G5GU73              ,5,9,8.50,15.00,13.13,10.43
3502443,SMRTWY CHOC CHIP COOKIES      ,G5GU83              ,7,11,8.75,14.75,10.44,10.50
3590862,KRO LS DRIED CRANBERRIES      ,G5GV12              ,5,36,8.63,10.13,4.88,2.40
3500617,CHEEZIT WHITE CHEDDAR CKR     ,G5GV22              ,6,9,8.50,15.00,13.13,11.10
3500725,PRSL BR CRSP WTR CRKR SES     ,G5GV32              ,6,20,7.50,14.80,9.20,4.60
3503286,KRO HONEY GRAHAM CRACKERS     ,G5GV53              ,5,9,8.50,16.13,11.25,12.80
3504021,CHEEZIT CRCKRS SNACK MIX      ,G5GV63              ,5,6,9.38,18.50,14.25,15.69
3596543,GM SNCK TIME FAVS VP 20CT     ,G5GV73              ,5,12,8.12,16.00,10.00,5.20
3500659,QKER RICE CRIPS APL CNMN      ,G5GV83              ,5,12,10.50,16.06,10.25,4.70
3504796,PRSL SFT BKD LEMON CKY        ,G5GW02              ,5,16,8.00,10.00,12.00,4.60
3503131,CHEEZIT ORIGINAL CRACKRS      ,G5GW12              ,5,9,8.50,15.00,13.75,11.10
3502565,PRSL WHT ENTERTAINR CRKRS     ,G5GW22              ,5,18,9.00,11.40,8.50,5.90
3588316,SNMD MSSN FIGS ZBAG           ,G5GW32              ,4,21,8.00,15.50,6.00,6.30
3594695,OCSP CRAISINS GREEK YGRT      ,G5GW53              ,3,31,6.75,11.13,4.88,3.50
3502213,KBLR CLUB CRACKER MINIS       ,G5GW63              ,4,8,7.81,17.31,12.50,9.90
3508607,PRSL BR CRSP WTR CKR ORIG     ,G5GW73              ,6,20,7.75,14.70,9.00,4.50
3506179,KRO FS ORG DBLE FLLD KLDO     ,G5GW83              ,5,14,11.94,13.25,9.94,16.20
3503375,CHEEZIT EXTRA CHEESY          ,G5GX02              ,5,9,8.50,15.00,13.13,11.10
3505803,ORVIL MINI MOV BTR 12CT       ,G5GX12              ,5,14,9.20,13.10,10.10,9.40
3501321,ORVIL ULT BTR PCRN 6CT        ,G5GX22              ,5,21,9.25,13.13,6.75,9.30
3598234,KRO RAISINS ZIP BAG           ,G5GX32              ,4,15,8.50,13.00,9.50,13.60
3504193,KRO MOV THR POP 6CT           ,G5GX53              ,6,15,8.38,13.13,10.13,9.50
3500485,CLUB MINIS CRKRS RANCH        ,G5GX63              ,6,8,7.81,17.31,12.50,9.95
3500985,ACTII EXT BTR PCRN 12CT       ,G5GX73              ,5,14,9.25,13.25,9.13,10.36
3504337,KRO CINNAMON GRAHAM STICK     ,G5GX83              ,4,11,14.56,8.63,11.25,8.70
3502317,KRO MV THTR MW POPCRN 3CT     ,G5HA02              ,4,18,9.75,12.75,7.31,8.40
3501351,ORVIL BTTRY FLVR PCRN OIL     ,G5HA12              ,4,38,10.25,7.25,6.50,7.08
3502312,JLY TM HLTHY POP MNS 10CT     ,G5HA22              ,4,16,9.13,13.25,8.25,7.40
3500979,ACTII BTR LVR PCRN 12CT       ,G5HA53              ,5,14,9.25,13.25,9.13,10.37
3504034,ACTII BTR POP 6CT             ,G5HA63              ,5,21,9.20,13.10,6.70,8.20
3501275,ACTII XTRME BTR POP 6CT       ,G5HA73              ,5,21,9.25,13.13,6.75,8.24
3501429,ACT II MV PPC THT BTR MCW     ,G5HA83              ,4,15,11.56,13.13,9.13,16.09
3503268,ORVIL MOV THR BTR 12CT        ,G5HB02              ,5,14,9.25,13.25,9.13,11.90
3501557,ORVIL BTR POP 6CT             ,G5HB12              ,5,21,9.25,13.13,6.75,9.30
3501267,ORVIL WHT CHDR PPCRN SSNG     ,G5HB22              ,1,66,5.63,6.38,4.38,1.48
3502123,ORVIL MOVIE THTR BTTR         ,G5HB32              ,5,42,8.19,6.50,6.06,5.60
3501598,ORVIL MOV THR BTR 6CT         ,G5HB53              ,5,21,9.25,13.13,6.75,9.30
3501478,ORVIL TNDR WHTE POP 6CT       ,G5HB63              ,5,21,9.25,13.13,6.75,9.30
3501371,ORVIL NTRL POP 12CT           ,G5HB73              ,5,14,9.25,13.25,9.13,12.04
3501075,ORVIL ULTMTE BTR POPCORN      ,G5HB83              ,5,14,9.25,13.25,9.13,11.99
3504035,ACTII BTR LVRS POP 6CT        ,G5HC02              ,5,21,9.00,12.80,6.60,8.20
3501314,ORVIL MINI BTR BAG 12CT       ,G5HC12              ,5,14,9.25,13.13,10.13,8.31
3500497,KRO EVRYTHNG NAAN CRCKR       ,G5HC22              ,5,7,8.38,18.75,12.25,8.10
3500316,KRO KETTLE POP 6CT            ,G5HC32              ,6,15,8.38,13.13,10.13,9.50
3591506,BARE APL BAN COCO CHIPS       ,G5HC53              ,3,15,14.25,12.88,9.44,3.47
3540303,ORVIL POPCORN KERNELS JAR     ,G5HC63              ,5,8,7.00,16.70,12.50,23.80
3502212,ORVIL RS MOV THTR BTR 6CT     ,G5HC73              ,4,21,9.25,13.13,6.75,8.82
3505293,KRO MOV THR POP 12CT          ,G5HC83              ,4,12,9.19,13.06,10.44,14.50
3504031,ORVIL KTTLE KRN POPUP 3CT     ,G5HD02              ,5,21,9.25,13.13,6.75,9.30
3505843,CHEETOS SMPL MNIS CHD JLP     ,G5HD12              ,7,10,9.63,19.19,6.50,4.72
3501735,ORVIL KTL CLSC POP 6CT        ,G5HD22              ,4,21,8.80,9.00,6.60,9.30
3502494,LAYS STAX SR CRM ONION        ,G5HD32              ,5,14,9.20,13.19,9.50,5.60
3500739,KRO PEANUT BUTTER PREZEL      ,G5HD53              ,4,7,10.94,12.19,18.19,22.00
3503889,KRO HTCH CHL KTTL TORT        ,G5HD63              ,5,7,12.75,17.75,13.31,7.60
3500163,PRINGLES ORGNL PRTY STACK     ,G5HD73              ,4,13,11.75,15.69,8.94,8.26
3500140,FUNYUNS MINIS FLMN HOT        ,G5HD83              ,6,10,9.63,19.19,6.50,4.17
3502888,PRINGLES BBQ PARTY STACK      ,G5HF02              ,4,13,11.75,15.50,8.94,8.54
3503502,KRO TRD WHT RND TORT CHIP     ,G5HF12              ,4,6,12.80,19.75,15.83,7.80
3502120,ACT II MW BTR POPCRN 12CT     ,G5HF22              ,5,14,9.25,13.25,9.13,10.37
3502523,LAYS STAX ORIGINAL            ,G5HF32              ,5,14,10.06,13.19,9.50,4.60
3502237,CHEX MIX CHEDDAR              ,G5HF53              ,6,12,8.31,13.00,12.00,6.80
3592037,KETTLE SMOKED BUFFALO         ,G5HF63              ,5,6,11.63,19.50,15.56,7.29
3502277,PRNGL SOUR CREAM ONION        ,G5HF73              ,5,13,9.45,15.69,8.94,6.60
3502157,PRNGL SALT VINEGAR            ,G5HF83              ,5,13,9.45,15.69,8.94,6.60
3502782,PRNGL LT SLT ORIG             ,G5HG02              ,5,13,9.45,15.69,8.94,6.30
3502931,PRNGL CHED  SOUR CRM          ,G5HG12              ,5,13,9.45,15.69,8.94,6.60
3502059,PRNGL PIZZA                   ,G5HG22              ,5,13,9.45,15.69,8.94,6.60
3595153,STO WHITE TORTILLA CHIPS      ,G5HG32              ,5,6,11.00,19.75,15.81,8.30
3505054,PRNGL BBQ                     ,G5HG53              ,5,13,9.45,15.69,8.94,6.60
3502423,PRINGLES ORIGINAL             ,G5HG63              ,5,13,9.45,15.69,8.94,6.30
3502258,PRNGL CHEDDAR CHEESE          ,G5HG73              ,5,13,9.45,15.69,8.94,6.60
3500836,PRNGL HNY MSTD PTO CRSPS      ,G5HG83              ,5,13,9.45,15.69,8.94,6.66
3502044,PRNGL RANCH                   ,G5HH02              ,5,13,9.45,15.69,8.94,6.60
3505840,CHEETOS SMPL MNIS WHT CHD     ,G5HH12              ,7,10,9.63,19.19,6.50,4.72
3500872,CHEEZIT GRVS CHDR RNCH        ,G5HH22              ,5,9,8.50,15.00,13.13,8.55
3503509,PRNGL SNCK STCK 12CT          ,G5HH32              ,5,12,9.25,12.00,12.00,4.70
3505846,GRDTO GARLIC RYE CHIPS        ,G5HH53              ,4,9,8.31,16.00,12.81,6.55
3500596,BUGLES ORIGINAL               ,G5HH63              ,4,12,12.00,15.50,10.20,4.50
3500013,GARDETTOS ORGNL SNK MIX       ,G5HH73              ,5,12,11.88,15.50,10.25,8.00
3502041,BUGLES NACHO CHEESE           ,G5HH83              ,4,12,11.87,15.50,10.25,4.50
3505807,PRNGL SMOKY MSQT BBQ          ,G5HJ02              ,5,13,9.45,15.69,8.94,6.66
3505828,ANDYCP BIG BAG HOT FRIES      ,G5HJ12              ,4,10,10.25,21.75,7.81,4.40
3503617,KBLR CLUB STACKS FAM SZ       ,G5HJ22              ,3,10,10.25,15.44,11.56,15.75
3502314,CHEX MIX CHEDDAR              ,G5HJ32              ,5,12,10.00,13.00,12.00,7.60
3502915,CHEX MIX TRADITIONAL          ,G5HJ53              ,5,12,10.00,14.00,12.00,7.60
3500648,CHEX MIX CHOCOLATE TURTLE     ,G5HJ63              ,5,12,10.00,13.00,12.00,7.00
3502466,LAYS STAX MESQUITE BBQ        ,G5HJ73              ,5,14,10.06,13.19,9.50,4.40
3505986,KRO PC CRN CRL MX MP 42CT     ,G5HJ83              ,6,6,7.00,20.00,15.50,3.80
3501881,BUGLES TABASCO                ,G5HK02              ,4,12,11.87,15.50,10.25,4.80
3501424,ACT II PPC KTTL CRN MCRW      ,G5HK12              ,4,15,11.56,13.13,9.13,16.09
3504339,GRDT AGED CHDDR SNCK MX       ,G5HK22              ,6,9,8.31,16.00,12.81,7.50
3503018,DORITO MINI NCHO CHS          ,G5HK32              ,9,14,5.13,13.00,9.69,2.80
3506123,CHEX MIX TRADITIONAL 10CT     ,G5HK53              ,5,12,8.56,19.75,7.87,5.37
3502481,LAYS STAX CHEDDAR             ,G5HK63              ,5,14,10.06,13.19,9.50,3.80
3506212,KRO ORIGINAL POTATO STCKS     ,G5HK73              ,5,15,8.50,16.50,7.00,2.10
3503523,KRO REST STYLE TORT CHIP      ,G5HK83              ,4,6,12.00,19.60,15.70,7.80
3502795,CHEX MIX TRADITIONAL          ,G5HL22              ,6,12,8.31,13.00,12.00,6.80
3505956,KELL CHEEZ IT CADDIES SNA     ,G5HL32              ,5,15,8.63,12.25,9.25,3.93
3501444,ACT II PPC SMP SLT MCWV       ,G5HL53              ,5,21,9.25,13.13,6.75,8.18
3501686,ORVIL MOV THR BTR 3CT         ,G5HL63              ,5,21,8.63,12.75,6.38,9.40
3501414,CHEX MIX BOLD PARTY BLEND     ,G5HM02              ,6,12,8.31,13.00,12.00,6.80
3505815,PRNGL SMOKY BACON             ,G5HM12              ,5,13,9.45,15.69,8.94,6.66
3596031,STO REDUCED SALT PCRN         ,G5HM22              ,4,6,12.00,13.31,23.75,5.08
3500192,CHEX MIX BOLD FMLY SZ         ,G5HM73              ,5,12,10.00,13.00,12.00,7.62
3500209,PRNGL DLL PICKLE              ,G5HM83              ,5,13,9.45,15.69,8.94,6.66
3505082,KRO SLT VNGR KTTLE CHP        ,G5HN02              ,6,9,11.00,15.81,13.13,6.10
3505883,CHEX MIX CHEDDAR TUB          ,G5HN12              ,5,16,8.56,11.00,10.00,6.80
3502488,CHEX MIX CHEDDAR 10CT         ,G5HN22              ,5,12,8.00,15.60,9.75,5.37
3500276,GRDTO ORIGINAL SNACK MIX      ,G5HN32              ,6,12,8.00,15.50,13.00,8.20
3500641,KRO PB FLLD PRTZL NUGGETS     ,G5HN53              ,6,18,7.63,6.44,15.06,3.40
3502839,DORITOS MINIS COOL RANCH      ,G5HN63              ,7,10,6.25,19.19,9.63,4.07
3502874,CHEETOS MINIS CHEDDAR         ,G5HN73              ,7,10,6.25,19.19,9.63,2.95
3502880,CHEETOS MINIS FLMN HOT        ,G5HN83              ,7,10,6.20,19.19,9.63,2.95
3502919,SUNCHIPS MINIS GRDN SALSA     ,G5HP02              ,7,10,6.20,19.19,9.63,3.04
3500239,FUNYUNS MINIS ORGNL           ,G5HP12              ,7,10,9.63,19.19,6.50,4.17
3502778,DORITOS MINIS NACHO CHSE      ,G5HP22              ,7,10,6.25,19.19,9.63,4.07
3502972,SUNCHIPS MINIS HRVST CHD      ,G5HP32              ,7,10,6.56,19.19,9.63,3.04
3503506,KRO TRD YLW RND TORT CHIP     ,G5HP53              ,4,6,12.80,19.75,15.83,7.80
3505965,CHEEZIT LNCH BX VP 30CT       ,G5HP63              ,3,9,13.63,16.06,13.06,10.64
3502100,SMRTWY SB LEMON CKY           ,G5HP73              ,5,20,9.38,8.88,8.88,4.18
3505832,PRNGL CHDR SNCK STCK 12CT     ,G5HP83              ,5,12,9.25,12.07,12.07,4.13
3513447,KRO PRETZEL RODS              ,G5HQ02              ,5,7,9.00,18.50,14.00,14.60
3502421,KRO CHEESE BALL TUB           ,G5HQ12              ,4,7,11.50,18.80,12.80,7.88
3502572,KRO CORN CHP                  ,G5HQ22              ,5,9,9.94,15.81,13.13,7.80
3502515,KRO CORN CHIP CUPZ            ,G5HQ32              ,5,9,9.94,15.81,13.13,8.40
3505368,KRO HONEY BBQ CORN CHIP       ,G5HQ53              ,5,9,10.24,15.83,13.17,7.30
3500085,KRO KICK OF LIME TORT CHP     ,G5HQ63              ,5,6,11.00,19.75,15.81,9.10
3505735,KRO SPICY NACHO TORT          ,G5HQ73              ,5,6,11.00,19.75,15.81,8.50
3501943,CHEX MIX TRADITIONAL SNAC     ,G5HQ83              ,3,7,15.00,19.81,13.18,21.70
3500518,PRSL RESTRANT STYLE SALSA     ,G5HR02              ,8,22,4.31,10.81,7.13,9.40
3503523,KRO REST STYLE TORT CHIP      ,G5HR12              ,4,6,12.00,19.60,15.70,7.80
3502440,KRO MRCDO CHCHRRNS RD PPR     ,G5HR22              ,4,16,10.75,10.00,12.00,3.00
3505984,KRO NCHO TORT                 ,G5HR32              ,4,6,12.38,19.75,15.81,8.80
3500219,KRO NACHO TORTILLA CHIP       ,G5HR53              ,5,6,11.00,19.75,15.75,8.50
3501826,CLSC MX CHX GDTO BGL 20CT     ,G5HR63              ,5,12,9.30,16.00,10.00,5.00
3505087,KRO MESQUITE BBQ KTTL CHP     ,G5HR73              ,6,9,11.00,15.81,13.13,6.10
3505960,CHEEZIT XTR CHSY CRKRS        ,G5HR83              ,5,15,8.63,12.25,9.25,4.56
3505988,KRO BOLD FLVRS 18CT MP        ,G5HS02              ,3,5,11.00,23.75,15.75,4.80
3502163,SMRTWY SB DUTCH CHOC CKY      ,G5HS12              ,5,20,9.38,8.88,8.88,4.18
3595329,KETTLE AVCDO APL CDR VNGR     ,G5HS22              ,5,6,11.63,19.50,15.56,6.13
3503876,KRO BBQ POTATO CHIPS          ,G5HS32              ,5,6,11.00,19.75,15.81,7.30
3502101,KRO 100% WHL WHT WHT CRSP     ,G5HS53              ,4,6,9.63,15.75,14.25,13.32
3503662,KRO LTLYSLT WVY PT CHP        ,G5HS63              ,5,6,11.00,19.75,15.81,7.30
3500243,PRNGL SR CRM ON PRTY STAC     ,G5HS73              ,4,13,11.75,15.69,8.94,8.54
3502281,SMRTWY SB SNCKRDOODLE CKY     ,G5HS83              ,5,20,9.38,8.88,8.88,4.18
3502386,KRO SR CRM ON PTATO CHP       ,G5HT02              ,5,6,12.38,19.75,15.81,7.80
3503262,KRO TORTILLA CUPZ             ,G5HT12              ,4,6,11.00,19.75,15.81,8.80
3502689,KRO JALAP KETTE CHIP          ,G5HT22              ,5,9,11.00,15.81,13.13,6.10
3506213,KRO SR CRM ON POTATO CHIP     ,G5HT32              ,5,6,11.00,19.75,15.81,7.30
3505090,KRO SPCY CRNCHY CHS CRLS      ,G5HT53              ,6,9,9.81,15.75,13.06,6.30
3502752,KRO ORIG KETTLE CHIP          ,G5HT63              ,5,9,11.00,15.81,13.13,6.10
3504011,KRO CHDSC RDGS PTO CHPS       ,G5HT73              ,5,6,11.25,19.75,15.81,7.20
3501795,KRO REGULAR PORK RINDS        ,G5HT83              ,4,6,11.50,20.00,16.00,5.70
3501796,KRO BBQ PORK RINDS            ,G5HU02              ,4,6,11.50,20.00,16.00,5.10
3500309,KRO BTR POP 6CT               ,G5HU12              ,6,15,7.00,13.13,9.00,9.50
3506236,SMRTWY SB OATMEAL CKY         ,G5HU22              ,5,20,9.38,8.88,8.88,4.18
3505967,KRO MINI TWIST PRETZELS       ,G5HU32              ,4,9,11.88,16.00,13.31,12.40
3505966,KRO PRETZEL STICKS            ,G5HU53              ,4,9,11.88,16.00,13.31,12.40
3503893,KRO YLLW KTTL TORT CHP        ,G5HU63              ,5,7,12.75,17.75,13.31,7.60
3504028,KRO HOT CHDDR POTATO CHPS     ,G5HU73              ,5,6,12.00,16.00,20.00,7.30
3500119,KRO SPICY DILL POT CHIP       ,G5HU83              ,5,6,12.00,16.00,20.00,7.30
3501318,ORVIL WHITE PCRN KRNL JAR     ,G5HV02              ,5,16,7.60,12.90,8.38,12.54
3501036,KRO SNCK VRTY PCK 18CT        ,G5HV12              ,5,5,13.00,23.75,15.75,5.20
3500755,KRO RANCH TORTILLA CHIP       ,G5HV22              ,5,6,11.00,19.75,15.81,8.50
3502473,KRO CHDSC RDGS PTO CHPS       ,G5HV32              ,5,6,12.00,19.60,15.75,7.90
3503389,KRO CLASSIC POTATO CHIPS      ,G5HV53              ,5,6,11.00,19.75,15.81,6.50
3501776,CHEX MX SWT SLTY MIX 20CT     ,G5HV63              ,4,12,8.00,16.00,10.00,5.88
3505279,KBLR SANDIES PECAN SHRTBD     ,G5HV73              ,4,12,9.50,16.00,9.50,9.60
3502916,CHEETOS CHDDR MINI            ,G5HV83              ,9,14,5.13,13.00,9.69,2.34
3502376,KRO WAVY POTATO CHIPS         ,G5HW02              ,5,6,12.38,19.75,15.81,8.10
3501293,KRO HNT OF GUAC TORT CHPS     ,G5HW12              ,5,6,12.38,19.75,15.81,6.50
3503506,KRO TRD YLW RND TORT CHIP     ,G5HW22              ,4,6,12.80,19.75,15.83,7.80
3506448,VLNTNA CHICHARRONES           ,G5HW32              ,3,6,10.38,16.19,20.94,3.38
3503542,KRO CHEEZ PUFFS               ,G5HW53              ,4,6,12.38,19.75,15.81,4.80
3502601,KRO CLASSIC POTATO CHIPS      ,G5HW63              ,5,6,12.38,19.75,15.81,8.10
3500519,KRO PB FILLED PRETZEL         ,G5HW73              ,5,10,8.13,9.81,18.69,14.20
3503502,KRO TRD WHT RND TORT CHIP     ,G5HW83              ,4,6,12.80,19.75,15.83,7.80
3502528,KRO WHTE RND TORTLA CHIPS     ,G5HX12              ,4,6,13.50,19.75,15.83,10.50
3502450,KRO BBQ POTATO CHIPS          ,G5HX22              ,5,6,12.38,19.75,15.81,7.90
3501110,QUAKER PROTEIN RICE           ,G5HX32              ,4,12,8.44,16.06,12.00,2.82
3500885,KRO SALSA  CHEESE QUESO       ,G5HX53              ,10,22,4.50,11.00,7.50,9.60
3505085,KRO ALL DRESSED KTTLE CHP     ,G5HX63              ,6,9,11.00,15.81,13.13,6.10
3506182,KRO STADIUM STYLE DIP         ,G5JA02              ,10,22,4.30,11.00,7.30,9.60
3503486,KRO REST STYLE TORT CHIP      ,G5JA12              ,4,6,12.00,19.75,15.30,8.30
3502658,CHEETOS MINIS CHDR JALP       ,G5JA22              ,7,10,9.63,19.19,6.50,2.72
3501488,ORVIL PPCRN BTTR MCRWV        ,G5JA32              ,5,21,9.25,13.13,6.75,9.42
3501445,SLIM JIM ORIGINAL S           ,G5JA53              ,4,24,9.81,11.31,6.50,5.22
3505074,KRO PRTY SZ CRN CHP DPPRS     ,G5JA63              ,6,9,11.00,15.81,13.13,8.40
3503557,KRO RIDGES POTATO CHIPS       ,G5JA83              ,5,6,10.60,19.80,15.50,7.50
3520065,STCY SMP NKD PTA CHP/PAD      ,G5JB02              ,4,8,12.50,20.12,9.75,8.20
3505073,KRO CHILI CHSE CORN CHIPS     ,G5JB12              ,5,9,9.00,15.81,13.13,7.10
3590876,GD WARR BEEF STKS ORIGNL      ,G5JB22              ,4,31,10.25,10.56,5.63,4.25
3503551,KRO BITE SIZE TORT CHIP       ,G5JB32              ,4,9,12.81,15.83,13.17,7.60
3501797,KRO HOT SPICY PORK RINDS      ,G5JB53              ,4,6,11.50,20.00,16.00,5.20
3501140,CLUB CRACKERS SWEET HAWAI     ,G5JB63              ,6,10,7.81,15.44,11.56,11.71
3594367,KETTLE HABANERO LIM CHIP      ,G5JB73              ,4,6,11.63,19.50,15.56,7.30
3500251,PRINGLES CHDAR PRTY STACK     ,G5JB83              ,4,13,11.75,15.69,8.94,8.54
3506108,KRO MINI PRETZEL 9 CT         ,G5JC02              ,5,8,9.25,21.00,11.75,9.90
3520025,PRSL MED HERB PITAS           ,G5JC12              ,7,10,8.00,14.00,14.00,8.00
3503600,KRO WAVY POTATO CHIPS         ,G5JC22              ,5,6,11.00,19.75,15.81,7.50
3503661,CHEEZIT ORIG CRKRS 20CT       ,G5JC32              ,3,12,10.25,16.00,9.75,6.89
3500466,PRSL RESTRANT STYLE SALSA     ,G5JC53              ,10,22,4.31,10.81,7.13,9.41
3500033,PRINGLE SNACK STACK 27CT      ,G5JC73              ,7,18,6.81,11.06,8.94,2.10
3505805,PRNGL SHRP WHT CHDDR          ,G5JD02              ,5,13,9.45,15.69,8.94,6.66
3598684,BARESNK BKD APL CHPS 7CT      ,G5JD12              ,3,15,14.25,12.88,9.44,3.81
3582247,KTTL PRTY SZ KRNK SLT PPR     ,G5JD22              ,4,6,14.00,19.50,15.56,9.10
3581978,KTTL PRTY SZ HOT JLPNO        ,G5JD32              ,4,6,14.00,19.50,15.56,9.10
3581980,KTTL PRTY SZ SLT VNGR         ,G5JD53              ,4,6,14.00,19.50,15.56,9.11
3581712,KTTL PRTY SZ SEA SALT         ,G5JD63              ,4,6,14.00,19.50,15.56,9.11
3520072,PRSL PARM GARLIC PITAS        ,G5JD73              ,7,10,8.00,14.00,14.00,8.00
3501984,PRNGL SCO SNCK STCK 12CT      ,G5JD83              ,5,12,9.25,12.00,12.00,4.90
3596174,STO BLUE TORTILLA CHIPS       ,G5JF02              ,5,6,11.00,19.75,15.81,8.30
3595761,KETTLE AVCDO SPCL SCE         ,G5JF12              ,5,6,11.63,19.50,15.56,6.13
3505816,PRNGL SMOKY CHEDDAR           ,G5JF22              ,5,13,9.45,15.69,8.94,6.66
3505962,KBLR SWEET TRTS VP 10CT       ,G5JF32              ,5,17,8.62,12.24,9.25,3.51
3591614,ST VEGETABLE STRAWS           ,G5JF53              ,4,12,10.63,15.69,9.81,3.60
3591457,KETTLE AVCDO SPICY KIMCHI     ,G5JF63              ,5,6,11.63,19.50,15.56,6.13
3598073,BFRT CRUNCHY BANANA CHPS      ,G5JF73              ,5,15,8.75,10.00,7.80,1.60
3598485,KETTLE HONEY DIJON CHIPS      ,G5JF83              ,4,6,11.63,19.40,15.56,7.30
3595319,KETTLE AVCDO SEA SLT          ,G5JG02              ,5,6,11.63,19.50,15.56,6.13
3595388,ST KETTLE POPCORN             ,G5JG12              ,4,6,11.80,23.75,13.40,6.95
3594348,KETTLE SEASALT CHIPS          ,G5JG22              ,4,6,11.63,19.50,15.56,7.30
3506216,KRO SLT VNGR POTATO CHIP      ,G5JG32              ,5,6,11.00,19.75,15.81,7.30
3597967,KETTLE JALAPENO CHIPS         ,G5JG53              ,4,6,11.40,19.50,15.30,7.30
3594336,KETTLE SEASALT  PEPPER        ,G5JG63              ,4,6,11.63,19.50,15.56,7.30
3595041,STO SEAWEED MULTIPACK         ,G5JG73              ,5,12,11.20,11.00,11.00,2.00
3598504,KETTLE BACKYARD BBQ CHIPS     ,G5JG83              ,4,6,11.63,19.50,15.56,7.30
3596971,KETTLE AIR FRD SSLT VNGR      ,G5JH02              ,5,6,11.63,19.50,15.56,6.34
3594709,KETTLE DILL PICKLE            ,G5JH12              ,4,6,11.63,19.50,15.56,7.30
3598455,KETTLE UNSALTED CHIPS         ,G5JH22              ,4,6,11.63,19.50,15.56,7.30
3597315,KETTLE AIR FRD JLPNO          ,G5JH32              ,5,6,11.63,19.50,15.56,6.34
3595716,KETTLE AIR FRD TXS BBQ        ,G5JH53              ,5,6,11.63,19.50,15.56,6.58
3501518,FATTY ORIGINAL MINI           ,G5JH63              ,6,15,9.00,14.63,7.56,6.56
3597396,KETTLE AIR FRD HMLYN SLT      ,G5JH73              ,4,6,11.40,19.25,15.50,6.34
3595968,KETTLE SEASALT  VINEGAR       ,G5JH83              ,4,6,11.40,19.40,15.40,7.30
3505789,MRCH RMN SOUPER RST CHKN      ,G5JJ02              ,10,12,4.25,15.50,10.00,4.85
3590477,GD WARR BEEF STKS JALPENO     ,G5JJ12              ,4,31,10.25,10.56,5.63,4.25
3596314,STO YELLOW TORTILLA CHIPS     ,G5JJ22              ,5,6,11.00,19.75,15.81,8.30
3595966,STO WHITE CHEDDAR POPCORN     ,G5JJ32              ,4,6,12.00,13.31,23.75,3.95
3581505,STCY SMPLY PITA THINS         ,G5JJ53              ,4,12,11.56,16.00,13.31,4.60
3586272,KTTL PRTY SZ BKYD BBQ         ,G5JJ63              ,4,6,13.63,19.50,15.50,9.11
3590137,KETTLE VARIETY 20CT           ,G5JJ73              ,5,5,10.88,22.94,15.31,8.97
3506163,KRO PTO CHIP VRTY PK 18CT     ,G5JJ83              ,5,5,11.00,23.75,15.75,4.90
3598260,BFRT CINN APPLE CHIPS         ,G5JK02              ,4,9,9.63,15.81,13.31,3.30
3598259,BFRT FUJI  RED APL CHIPS      ,G5JK12              ,4,9,9.55,15.75,13.20,14.60
3503551,KRO BITE SIZE TORT CHIP       ,G5JK22              ,4,9,12.81,15.83,13.17,7.60
3598258,BFRT TOASTD COCONUT CHIPS     ,G5JK32              ,5,15,8.11,13.15,9.02,2.80
3505690,MRCH INS LNCH RMN FH CHK      ,G5JK53              ,10,11,4.25,14.50,11.75,2.45
3595139,STO SWT POTATO TRTLLA CHP     ,G5JK63              ,5,6,11.00,19.75,15.81,7.20
3586053,STO RSTD SWD SNCK WASABI      ,G5JK73              ,7,24,6.50,10.20,7.20,1.00
3586048,STO SWT/SLTY SWD SNK          ,G5JK83              ,8,24,6.50,10.20,7.20,1.00
3506618,ST PURPLE KERNEL POPCORN      ,G5JL02              ,6,16,7.25,12.25,8.25,12.00
3582678,STCY PRFCT GRLC HRB PITA      ,G5JL12              ,4,12,10.56,16.00,13.31,4.60
3520764,STCY SMPLY NKD PITA ORGNC     ,G5JL22              ,4,9,11.19,15.88,13.19,7.41
3520224,ST SEA SALT PRETZEL THINS     ,G5JL32              ,4,10,10.75,11.88,16.00,6.40
3581573,STCY CINN SGR PITA CHIP       ,G5JL53              ,4,9,11.19,15.88,13.19,6.50
3521326,STCY PRMSN GRLC PITA CHIP     ,G5JL63              ,4,9,11.19,15.88,13.19,6.50
3581542,STCY SIMPLY NKD PITA CHIP     ,G5JL73              ,4,9,11.19,15.88,13.19,6.50
3501384,FATTY JALAPENO MINI           ,G5JL83              ,6,15,9.00,14.63,7.56,6.56
3520793,STCY CST LA CHS PITA CRSP     ,G5JM02              ,4,12,10.56,16.00,13.31,4.60
3505683,MRCH SC NDL SP CR CH PK       ,G5JM12              ,10,12,4.25,15.50,10.00,4.63
3500749,SLIM JIM ORIGINAL PANTRY      ,G5JM22              ,7,25,6.00,13.25,6.63,4.36
3526426,TWIZZLERS STRAWBERRY TWST     ,G5JM32              ,4,8,8.00,20.00,10.00,27.00
3520028,STACYS PARM GRLC HRB          ,G5JM53              ,4,8,7.50,19.00,16.00,8.10
3530848,KRFT CARAMELS VANILLA BG      ,G5JM63              ,4,20,7.88,12.38,7.75,9.10
3530849,ATKNSN MINT TWST LAYDOWN      ,G5JM73              ,4,9,7.40,17.30,10.70,12.00
3533952,TWIZZLERS PLL N PEEL CHRY     ,G5JM83              ,6,8,6.00,12.20,12.20,23.60
3500346,SLIM JIM MILD PANTRY PACK     ,G5JN12              ,7,21,6.00,13.25,6.63,4.36
3505804,PRNGL BBQ SNCK STCK 12CT      ,G5JN22              ,5,12,9.25,12.07,12.07,4.13
3502341,SLMJM MILD STICK BOX 14CT     ,G5JN32              ,7,34,6.50,10.94,4.38,2.30
3505679,MRCH SCY NDLS CH PK           ,G5JN53              ,10,12,4.25,15.50,10.00,4.54
3520037,PRSL SEA SALT PITAS           ,G5JN63              ,6,10,9.00,15.00,12.00,8.00
3505236,SLMJM STICKS 14CT             ,G5JN73              ,5,34,6.50,10.94,4.38,2.30
3591870,SMYNG HOT CHICKEN RAMEN       ,G5JN83              ,8,9,3.82,11.42,16.93,2.78
3591865,SMYNG BLDK CARB RAMEN 5CT     ,G5JP12              ,4,9,10.43,15.55,12.60,14.50
3505873,FIRE BULL CARBONARA RAMEN     ,G5JP22              ,5,9,11.00,14.00,13.00,11.00
3505871,FIRE BULL SPICY BEEF          ,G5JP32              ,5,9,11.00,13.00,14.00,11.00
3505503,MRCH INSTANT LUNCH SHRIMP     ,G5JP63              ,10,11,4.20,15.00,11.20,2.30
3500513,MRCH YKSBA ORNG CHICKEN       ,G5JP73              ,7,15,6.40,16.30,7.60,2.83
3510216,MRCH RMN CHICKEN NOODLE       ,G5JQ02              ,10,12,4.50,15.50,10.00,4.90
3505506,MRCH INS LNCH BEEF            ,G5JQ12              ,10,11,5.00,15.00,11.20,2.30
3505222,MRCH RMN CHICKEN NOODLE       ,G5JQ22              ,10,24,4.30,9.60,7.60,2.40
3505172,MRCH RMN SOUPER ORIENTAL      ,G5JQ63              ,10,12,4.30,15.50,9.80,5.00
3505507,MRCH INS LNCH CHICKEN         ,G5JQ73              ,10,11,4.40,14.30,11.25,2.30
3510290,MRCH INS LNCH LIME SHRIMP     ,G5JQ83              ,10,11,4.50,14.50,11.50,2.30
3510246,MRCH RMN SUPREME PORK         ,G5JR02              ,10,12,5.00,15.50,10.50,5.00
3510249,MRCH RMN CHILI NDLE 24PK      ,G5JR12              ,10,12,4.50,15.50,10.50,4.80
3501149,MRCH RMN SOUPER CHKN          ,G5JR22              ,10,12,4.30,15.50,9.80,4.50
3502057,MRCH YKSBA TERIYKI NDL        ,G5JR63              ,7,15,6.40,16.30,7.60,2.83
3510222,MRCH RMN BEEF NOODLE          ,G5JS02              ,10,12,4.50,15.30,10.00,4.80
3505611,MRCH SC NDL SPC CHKN PK       ,G5JS12              ,10,12,4.25,15.50,10.00,4.63
3501148,MRCH RMN SOUPER BEEF          ,G5JS32              ,10,12,4.50,15.50,10.00,4.60
3510285,MRCH RMN BEEF NOODLE          ,G5JS53              ,10,24,4.25,10.25,7.75,2.40
3505109,MRCH RMN SOUPER SHRIMP        ,G5JS63              ,10,12,4.38,15.50,9.80,5.00
3594512,SANPEL CIAO LMNCL SPR WTR     ,G6CA02              ,6,13,5.85,14.00,9.40,18.96
3591670,KRO ORG SPKG WATER 12PK       ,G6CA12              ,10,21,4.84,15.63,5.19,10.70
3597269,WTRLOO LIME SPRKL WTR 8PK     ,G6CA22              ,10,10,4.90,15.80,10.60,19.60
3595134,KRO TONIC WATER 8PK           ,G6CA32              ,8,13,6.38,14.13,9.25,21.52
3595870,KRO BK RT BEER ZERO 12PK      ,G6CA53              ,10,21,4.80,15.60,5.10,10.09
3599615,KRO BK RED CRM SODA 12PK      ,G6CA63              ,10,21,4.80,15.60,5.10,10.70
3595690,KRO BK GRAPFRT ZERO 12PK      ,G6CA73              ,10,21,4.80,15.60,5.10,10.09
3591673,KRO CRN LM SPKG WTR 12PK      ,G6CA83              ,10,21,4.88,15.63,5.19,10.70
3599606,KRO BK ORNG SODA 12PK         ,G6CB02              ,10,21,4.80,15.60,5.10,10.70
3599828,KRO BK DIET CF COLA 12PK      ,G6CB12              ,10,21,4.80,15.60,5.10,10.70
3591407,KRO BK PEACH SODA 12PK        ,G6CB32              ,10,21,4.88,15.63,5.19,10.70
3599591,KRO BK RT BEER 12PK           ,G6CB53              ,10,21,4.80,15.60,5.10,10.70
3596036,ARIZONA GREEN TEA 12PK        ,G6CB63              ,6,20,7.55,10.60,7.90,14.40
3596160,KRO BK ZR CHRY COLA 12PK      ,G6CB73              ,10,21,4.80,15.60,5.10,10.09
3599826,KRO BK LMN LIME 12PK          ,G6CB83              ,10,21,4.80,15.60,5.10,10.70
3592712,KRO BK ZERO COLA 12PK         ,G6CC02              ,10,21,4.80,15.60,5.10,10.70
3599629,KRO BK DR K SODA 12PK         ,G6CC12              ,10,21,4.80,15.60,5.10,10.70
3599607,KRO BK GRAPE SODA 12PK        ,G6CC22              ,10,21,4.80,15.60,5.10,10.70
3594656,KRO BK ZERO GNG ALE 12PK      ,G6CC32              ,10,21,4.80,15.60,5.10,10.09
3581105,KRO BK VAN CRM SODA 12PK      ,G6CC53              ,10,21,4.80,15.60,5.10,10.70
3590716,KRO BK DR 6PK                 ,G6CC63              ,13,12,4.26,14.06,9.31,13.10
3598898,KRO BK GINGER ALE 12PK        ,G6CC73              ,10,21,4.80,15.60,5.10,10.70
3591681,KRO BLK CHRY SPRKLNG WATR     ,G6CC83              ,5,13,11.38,13.25,10.13,31.00
3599827,KRO BK CHRY COLA 12PK         ,G6CD12              ,10,21,4.80,15.60,5.10,10.70
3599602,KRO BK CITRUS DRP 12PK        ,G6CD22              ,10,21,4.80,15.60,5.10,10.70
3597007,KRO MOJITO SPKLG WTR 12PK     ,G6CD32              ,10,21,4.88,15.63,5.19,10.70
3597821,KRO BK COLA                   ,G6CD53              ,4,16,12.00,13.38,8.88,27.50
3599726,KRO BK DIET COLA 12PK         ,G6CD63              ,10,21,4.80,15.60,5.10,10.70
3597011,KRO SB LMD SPKG WTR 12PK      ,G6CD73              ,10,21,4.88,15.63,5.19,10.70
3599636,KRO BK COLA 12PK              ,G6CD83              ,10,21,4.80,15.60,5.10,10.70
3595523,KRO ZERO SGR TNIC WTR 8PK     ,G6CF02              ,8,13,6.38,14.13,9.25,20.88
3581106,KRO BK PEACH SODA 12PK        ,G6CF12              ,10,21,4.80,15.60,5.10,10.70
3594163,KRO BK DR K                   ,G6CF22              ,4,16,12.00,13.38,8.88,27.50
3591385,ST MGO GPFT SLTZ WTR 8PK      ,G6CF32              ,8,13,6.30,14.10,9.50,20.88
3596242,ARIZONA PALMER 12PK           ,G6CF53              ,6,20,7.55,10.60,7.90,14.40
3596182,KRO BK ZERO CTRS DRP 12PK     ,G6CF63              ,10,21,4.80,15.60,5.10,10.07
3591347,ST CUCM MLN SLTZ WTR 8PK      ,G6CF73              ,8,13,6.30,14.10,9.50,20.88
3596520,KRO GRPFRT SPKG WTR 12PK      ,G6CF83              ,10,21,4.88,15.63,5.19,10.70
3596463,CRZY FZZ SPARKL MNRL WTR      ,G6CG02              ,4,20,11.00,9.75,6.50,18.00
3597241,WTRLOO STRWBRRY SPRK 8PK      ,G6CG12              ,10,10,5.00,10.68,15.80,19.60
3506034,V8 ENRGY   PF ORG GUA MP      ,G6CG22              ,9,16,5.25,12.69,8.69,13.59
3592034,SPKLN ICE STRBRST VRT PK      ,G6CG32              ,5,25,9.25,9.75,7.25,15.18
3595955,KRO BK GRAPEFRUIT 12PK        ,G6CG53              ,10,21,4.80,15.60,5.10,10.09
3592044,KRO BLU RAZ SPKG WTR 12PK     ,G6CG63              ,10,21,5.09,15.56,4.84,10.09
3598778,LACROIX BLKB SPRK WTR 8PK     ,G6CG73              ,10,10,5.00,16.13,10.50,20.00
3590715,KRO BK COLA ZERO 6PK          ,G6CG83              ,12,13,4.26,14.06,9.31,13.10
3594590,SANPEL CIAO BLD ORNGE WTR     ,G6CH02              ,6,13,5.87,14.30,9.61,18.94
3594553,SANPEL BLOOD ORNGE 6PK        ,G6CH12              ,6,13,5.75,13.75,9.20,19.43
3591386,ST PINEAPPLE SLTZ WTR 8PK     ,G6CH22              ,8,13,6.30,14.10,9.50,19.25
3598153,LACROIX GRPFRT SPRKL 8PK      ,G6CH53              ,10,10,4.90,16.10,10.75,20.00
3591397,ST LMN LME SLTZ WTR 8PK       ,G6CH63              ,8,13,6.38,14.13,9.25,19.25
3591170,LACROIX LIME SPRKL 8PK        ,G6CH73              ,10,10,4.90,16.10,10.75,20.00
3596267,WATERLOO BLACKBERRY LEMON     ,G6CH83              ,10,10,4.90,15.80,10.60,19.60
3598039,WATERLOO CHRY LMADE           ,G6CJ02              ,10,10,4.90,15.80,10.60,19.60
3598402,LACROIX TNGRN SPRKLN 8PK      ,G6CJ12              ,10,10,4.90,16.10,10.75,20.00
3590717,KRO BK LEMON LIME 6PK         ,G6CJ22              ,12,13,4.26,14.06,9.31,13.10
3595356,KRO GINGER BEER ZERO 8PK      ,G6CJ32              ,8,13,6.38,14.13,9.25,20.88
3592438,YOO HOO CHOC DRINK 12PK       ,G6CJ53              ,10,10,4.90,16.30,10.70,19.40
3598162,LACROIX PURE SPRKL 8PK        ,G6CJ63              ,10,10,4.90,16.10,10.75,20.00
3591707,LACROIX LEMON SPRKL 8PK       ,G6CK02              ,10,10,4.90,16.10,10.75,20.00
3598767,LACROIX COCONUT SPRKL 8PK     ,G6CK22              ,10,10,4.90,16.10,10.75,20.00
3595202,KRO BK ROOT BEER MINI 6PK     ,G6CK32              ,12,13,4.26,14.06,9.31,13.10
3591742,KRO KIWI SPARKLING WATER      ,G6CK53              ,5,13,11.38,13.25,10.13,31.00
3598291,LACROIX BLCK RZZBRRY 8PK      ,G6CK63              ,10,10,4.90,16.10,10.75,20.00
3591708,LACROIX CRAN RASPBRY 8PK      ,G6CK73              ,10,10,4.90,16.10,10.75,20.00
3590903,LACROIX PASSION FRUIT 8PK     ,G6CK83              ,10,10,4.90,16.10,10.75,20.00
3598554,SPKLN ICE VRTY CHRY/PCH/N     ,G6CL02              ,5,25,9.50,9.75,7.25,14.80
3598543,LACROIX ORNG SPRKL 8PK        ,G6CL12              ,10,10,4.90,16.10,10.75,20.00
3594889,WTRLOO GRP SPRKLNG WTR        ,G6CL22              ,10,10,4.90,15.80,10.60,19.60
3596458,KRO WHT GRP SPRKLNG WATER     ,G6CL32              ,5,13,11.38,13.25,10.13,31.00
3598400,LACROIX SPRK PLUM 8PK         ,G6CL53              ,10,10,4.90,16.10,10.75,20.00
3594017,LACROIX CH LM SPK WTR 8PK     ,G6CL63              ,10,10,5.00,16.13,10.50,20.00
3594263,BOBS PICKLE POPS 6 PACKS      ,G6CL73              ,4,16,11.00,11.00,10.00,12.00
3596366,KRO STRWBRY SPRKLNG WATER     ,G6CL83              ,5,13,11.38,13.25,10.13,31.00
3590711,KRO BK COLA 6PK               ,G6CM02              ,12,13,4.26,14.06,9.31,13.10
3594505,SANPEL CIAO PCH SPRKL WTR     ,G6CM12              ,6,13,5.87,14.30,9.60,18.94
3595395,KRO BK GINGER ALE             ,G6CM22              ,13,12,4.26,14.06,9.31,13.10
3597305,KRO WATERMELON SODA 2LT       ,G6CM32              ,4,16,12.00,13.38,8.88,27.50
3596879,SAN PEL ZERO BLD ORNG 6PK     ,G6CM53              ,6,13,5.90,14.35,9.65,19.08
3592712,KRO BK ZERO COLA 12PK         ,G6CM63              ,10,21,4.80,15.60,5.10,10.70
3595647,KRO ZERO SUGAR TONIC          ,G6CM73              ,5,13,10.63,13.38,10.19,28.34
3597294,WTRLOO PEACH SPRKLN WATER     ,G6CM83              ,10,10,4.90,15.80,10.60,19.60
3598741,KRO MANGO SODA 2LT            ,G6CN02              ,4,16,12.00,13.38,8.88,27.50
3597312,KRO APPLE SODA 2LT            ,G6CN12              ,4,16,12.00,13.38,8.88,27.50
3591671,KRO MND ORG SPKG WTR 12PK     ,G6CN22              ,10,21,4.84,15.63,5.19,10.70
3591675,KRO BKBRY SPKG WTR 12PK       ,G6CN53              ,10,21,4.88,15.63,5.19,10.70
3597247,KRO PNPLE GUAVA 2LT           ,G6CN63              ,4,16,12.00,13.38,8.88,27.50
3597215,KRO BK GNG ALE ZERO           ,G6CN73              ,4,16,12.00,13.38,8.88,27.50
3598518,KRO BK CITRUS DRP             ,G6CN83              ,4,16,12.00,13.38,8.88,27.50
3594460,KRO BK DIET COLA              ,G6CP02              ,4,16,12.00,13.38,8.88,27.50
3598584,KRO BK GRAPEFRUIT             ,G6CP12              ,4,16,12.00,13.38,8.88,27.50
3594378,KRO BK LMN LIME               ,G6CP22              ,4,16,12.00,13.38,8.88,27.50
3598595,KRO BK ZERO CITRUS DRP        ,G6CP32              ,4,16,12.00,13.38,8.88,27.50
3597819,SAN PEL ZERO STRAW CREAM      ,G6CP53              ,6,13,5.86,14.30,9.60,19.00
3598617,KRO BK GRAPEFRUIT ZERO        ,G6CP63              ,4,16,12.00,13.38,8.88,27.50
3596373,KRO KEYLIME SPRKLNG WATER     ,G6CP73              ,5,13,11.38,13.25,10.13,31.00
3598032,MSN PRR SPR STRWB WTR 8PK     ,G6CP83              ,6,13,5.75,13.70,9.20,18.70
3592953,SPKLN ICE KIWI STRWB WTR      ,G6CQ02              ,5,25,9.50,9.75,7.25,14.80
3598764,KRO BK CHRY COLA              ,G6CQ32              ,4,16,12.00,13.38,8.88,27.50
3594052,KRO BK PEACH SODA             ,G6CQ53              ,4,16,12.00,13.38,8.88,27.50
3597165,KRO BK ORANGE ZERO            ,G6CQ63              ,4,16,12.00,13.38,8.88,27.50
3596225,KRO BK DR K ZERO 12PK         ,G6CQ73              ,10,21,4.80,15.60,5.10,10.07
3598729,KRO BK ORNG SODA              ,G6CQ83              ,4,16,12.00,13.38,8.88,27.50
3594370,KRO BK GRAPE SODA             ,G6CR02              ,4,16,12.00,13.38,8.88,27.50
3598375,KRO BK CF DIET COLA           ,G6CR12              ,4,16,12.00,13.38,8.88,27.50
3594364,KRO BK ROOT BEER              ,G6CR22              ,4,16,12.00,13.38,8.88,27.50
3598660,KRO BK ROOT BEER ZERO         ,G6CR32              ,4,16,12.00,13.38,8.88,27.50
3592362,KRO GOCR CLUB SODA            ,G6CR53              ,5,13,9.80,13.50,10.00,31.00
3598771,KRO BK LEMON  LIME ZER 2L     ,G6CR63              ,4,16,12.00,13.38,8.88,27.50
3598702,KRO BK GINGER ALE             ,G6CR73              ,4,16,12.00,13.38,8.88,27.50
3591346,ST RSPB YUZU SLTZ WTR 8PK     ,G6CR83              ,8,13,6.30,14.10,9.50,20.88
3598405,APLMR ZERO HLF HLF TEA        ,G6CS12              ,5,10,10.75,15.00,11.75,39.30
3594794,SPKLN ICE ZRSG LMND 12PK      ,G6CS22              ,5,25,9.50,9.75,7.25,14.20
3595759,SPKLN ICE LIFE SAVERS VP      ,G6CS32              ,5,25,9.25,9.50,7.00,15.18
3582121,SPKLN ICE FRUIT PUNCH         ,G6CS53              ,5,25,9.50,9.75,7.25,14.20
3594462,SANPEL POMEGRANATE 6PK        ,G6CS63              ,6,13,5.75,13.75,9.20,19.43
3598173,ARIZONA GREEN TEA 12PK        ,G6CS73              ,9,20,5.00,10.50,8.00,10.18
3594147,SPKLN ICE BLUE PACK 12PK      ,G6CS83              ,5,25,9.50,9.75,7.25,14.20
3594437,BOBS PICKLE POTION 6.3OZ      ,G6DA02              ,6,31,6.50,11.50,5.38,9.00
3596524,KRO LMN LIME SPRKLNG WTR      ,G6DA12              ,5,13,11.38,13.25,10.13,31.00
3594346,WTRLOO SMMR BRY SPRK 8PK      ,G6DA73              ,10,10,4.90,15.80,10.60,19.60
3592361,KRO GOCR TONIC WATER          ,G6DA83              ,5,13,12.05,17.25,8.70,31.00
3595922,KRO BK ZERO ORANGE 12PK       ,G6DB12              ,10,21,4.80,15.60,5.10,10.09
3592070,SI LIFE SAVERS WILD CHERR     ,G6DB22              ,5,25,9.25,9.75,7.25,15.18
3594980,KRO BK DRK  CRM SD ZR 2L      ,G6DB32              ,4,16,12.00,13.38,8.88,29.12
3598512,KRO BK DR. K ZERO             ,G6DB53              ,4,16,12.00,13.38,8.88,27.50
3594369,WTRLOO RN SPRKLNG WTR 8PK     ,G6DB63              ,10,10,4.90,15.80,10.60,19.60
3591043,WTRLOO SPR WT LMN 8PK         ,G6DB73              ,10,10,5.00,10.68,15.80,19.60
3595234,HINT BLUEBERRY LEMON SING     ,G6DB83              ,6,24,8.10,10.60,7.80,14.00
3596567,CRZY FZZ SPRKL MNRL WTR       ,G6DC02              ,5,20,9.00,7.50,10.00,18.00
3596341,CASCADIAN FARM CHOC           ,G6DC12              ,5,28,9.50,10.00,6.81,3.51
3592946,SPKLN ICE LEMONLIME WATER     ,G6DC22              ,5,25,9.50,9.75,7.25,14.70
3594733,LACROIX SPR WT STR PC 8PK     ,G6DC32              ,10,10,4.75,16.63,10.75,20.00
3596101,PURE LIFE WATER 12/8PK        ,G6DC53              ,10,12,5.00,15.50,10.40,15.60
3584293,ARIZONA MUCHO MANGO PP        ,G6DC63              ,6,9,7.60,17.40,11.75,39.15
3596350,KRO BLD ORNG SPKLG WTR        ,G6DC73              ,5,13,11.38,13.25,10.13,31.00
3592498,SPKLN ICE GRAPE RASPBERRY     ,G6DC83              ,5,25,9.50,9.75,7.25,14.80
3595259,KRO BK DR K  CRM SODA 2L      ,G6DD02              ,4,16,12.00,13.38,8.88,29.12
3591676,KRO LEMON SPKG WTR 12PK       ,G6DD12              ,10,21,4.84,15.63,5.19,10.70
3591251,ARIZONA WTRMLN CKTL PP        ,G6DD22              ,6,9,7.75,11.25,17.50,39.15
3592963,SPKLN ICE CHERRY LIMEADE      ,G6DD32              ,5,25,9.50,9.75,7.25,14.70
3592948,SPKLN ICE ORANGE MANGO        ,G6DD53              ,5,25,9.50,9.75,7.25,14.80
3597522,KRO BK DRKCRM SDA ZR12PK      ,G6DD63              ,10,21,5.09,15.56,4.48,10.49
3592069,SI LIFE SAVERS PINEAPPLE      ,G6DD73              ,5,25,9.25,9.75,7.25,15.18
3594478,LACROIX SPR WTR PNAP CCNT     ,G6DD83              ,10,10,4.88,15.38,10.69,20.00
3592941,SPKLN ICE STRWBRRY WTRMLN     ,G6DF02              ,5,25,9.50,9.75,7.25,14.80
3596343,CASCADIAN FARM COOK           ,G6DF12              ,5,28,9.50,10.00,6.81,3.51
3590958,SPKLN ICE BLACK CHERRY        ,G6DF32              ,5,25,9.50,9.75,7.25,14.80
3591401,ST STBY WML SLTZ WTR 8PK      ,G6DF53              ,8,13,6.30,14.10,9.50,20.88
3594435,APBR PRFD DR WTR ECOPK        ,G6DF63              ,6,10,7.75,17.38,10.75,37.27
3502830,QKER CHWY CKY CRM BRS 5CT     ,G6DF73              ,6,16,6.44,11.81,9.94,6.80
3592956,SPKLN ICE PEACH NECTARINE     ,G6DF83              ,5,25,9.50,9.75,7.25,14.70
3592927,SPKLN ICE PINK GRPFRT WTR     ,G6DG02              ,5,25,9.50,9.75,7.25,14.80
3505034,KELL SPCLK FRUIT YOGURT       ,G6DG12              ,4,12,12.00,15.56,10.00,10.50
3584397,ARIZONA SWEET TEA             ,G6DG22              ,6,9,7.75,17.50,11.75,39.15
3592951,SPKLN ICE BLACK RASP WTR      ,G6DG32              ,5,25,9.50,9.75,7.25,14.80
3595308,KRO CLUB SODA 8PK             ,G6DG53              ,8,13,6.38,14.13,9.25,20.88
3594109,HINT PEACH RASP WATER         ,G6DG63              ,6,24,8.00,11.25,8.50,14.00
3592932,SPKLN ICE COCO PNAPL WTR      ,G6DG73              ,5,25,9.50,9.75,7.25,14.80
3592957,SPKLN ICE LEMONADE WATER      ,G6DG83              ,5,25,9.50,9.75,7.25,14.80
3596475,KRO PEACH SPARKLING WATER     ,G6DH02              ,5,13,11.38,13.25,10.13,31.00
3591616,ST ARTSIAN WATER 6PK          ,G6DH22              ,4,15,9.80,12.75,9.50,28.00
3591741,KRO LMN LM SPKG WTR 12PK      ,G6DH32              ,10,21,4.84,15.63,5.19,10.70
3584327,ARIZONA GREEN TEA             ,G6DH53              ,6,9,7.75,17.50,11.75,39.15
3591403,ST PRKLY PR SLTZ WTR 8PK      ,G6DH63              ,8,13,6.30,14.10,9.50,20.88
3584149,ARIZONA FRUIT PUNCH           ,G6DH73              ,5,10,11.12,14.75,11.12,39.30
3584328,ARIZONA ICED TEA W/ LEMON     ,G6DH83              ,6,9,7.75,17.50,11.75,39.15
3584398,APLMR ZERO HALF  HALF         ,G6DJ02              ,6,9,7.75,17.50,11.75,39.15
3502433,CARN BRK ESN FVNLA SHK        ,G6DJ12              ,6,34,5.50,8.35,6.20,7.38
3598852,KRO BK ZERO                   ,G6DJ22              ,4,16,12.00,13.38,8.88,27.50
3595417,KRO GINGER BEER 8PK           ,G6DJ32              ,8,13,6.38,14.13,9.25,21.68
3591518,ARIZONA SWEET TEA 12PK        ,G6DJ53              ,9,20,4.60,10.40,7.75,10.18
3595832,KRO PEACH SPKG WTR 12PK       ,G6DJ63              ,10,21,4.88,15.63,5.39,10.70
3596109,HINT ESSNCE VARIETY 12 PK     ,G6DJ73              ,6,24,8.10,10.60,7.80,14.00
3591620,ST 101 ARTSIAN WATER          ,G6DJ83              ,4,15,9.88,13.00,10.25,29.00
3596097,KRO BK ZERO LMN/LIME 12PK     ,G6DK02              ,10,21,4.80,15.60,5.10,10.09
3590264,ARIZONA MUCHO MANGO           ,G6DK12              ,5,10,10.75,15.00,11.75,39.30
3597229,WTRL BLK CRY WTR 8P           ,G6DK22              ,10,10,4.90,16.10,10.75,19.60
3598426,APLMR LITE HALFHALF 12PK      ,G6DK32              ,9,20,5.13,10.75,8.06,10.18
3596346,KRO BK DR KCRM SODA 12PK      ,G6DK53              ,10,21,5.09,15.56,4.48,10.49
3594732,TWANG RSR MCHLD CLS CK MX     ,G6DK63              ,5,28,7.60,9.50,6.50,11.35
3505946,V8 ENRG ZS CHRY LIME          ,G6DK73              ,7,26,6.40,9.63,7.13,10.53
3597982,HINT FRT DRNK SMMR VP12PK     ,G6DK83              ,6,24,8.10,10.60,7.80,14.00
3501896,QKER CHW DPS PNT BTR 14CT     ,G6DL02              ,4,12,8.75,12.81,11.63,13.94
3500480,KELL RCE KRSP TRT CONF        ,G6DL04              ,5,15,9.38,13.38,9.38,6.51
3502901,NTVL PB CHC GRAN BARS         ,G6DL12              ,5,16,6.12,11.95,10.19,6.50
3501397,KRO TRD FLVR OTML VP 10CT     ,G6DL14              ,4,8,8.63,19.44,10.69,13.70
3502875,CARN BRK ESN VANILLA 6PK      ,G6DL22              ,6,16,6.00,18.70,6.90,14.99
3502226,NTVL PRTN ALMND DK CH 5CT     ,G6DL24              ,5,16,6.50,11.60,10.00,7.30
3598083,MSN PRR SPRK LINE WTR 8PK     ,G6DL53              ,6,13,5.75,13.70,9.20,18.70
3505749,GM REESES PNTBTR PUFFS        ,G6DL55              ,3,10,11.81,15.62,11.68,11.90
3594458,SANPEL CIAO                   ,G6DL63              ,6,13,5.87,14.30,9.60,18.94
3504651,CTC WFFL TST CRNCH BKFSTC     ,G6DL65              ,3,10,11.81,15.62,11.68,12.00
3502552,KELL APPLE JACKS              ,G6DL73              ,3,9,13.13,16.00,13.33,11.60
3502359,QKER PRTN CHC PRTZ BARS       ,G6DL75              ,5,16,6.44,11.81,9.94,5.25
3504186,MOML SMORES                   ,G6DL83              ,3,8,10.38,20.00,12.00,9.95
3503845,CARN BRK ESN MLK CHOC PWD     ,G6DL85              ,5,18,6.70,18.20,5.70,8.00
3591029,MMST BLOODY MARY MIX          ,G6DM22              ,3,15,12.20,13.00,8.75,23.00
3502547,NTVL CIN BIS ALMD BT 10CT     ,G6DM24              ,3,20,9.56,11.56,7.50,6.66
3596970,ST H PRTN OTML BERCRM 4CT     ,G6DM32              ,3,17,9.56,11.56,8.88,4.90
3501499,QKER MBS INSTNT OTML 20PK     ,G6DM34              ,3,10,10.31,18.06,10.06,18.84
3504049,QKER CHW DPS PNT BTR 6CT      ,G6DM53              ,4,16,6.60,11.80,10.60,6.60
3506734,CARN BRK ESN HPRT VAN 6PK     ,G6DM55              ,6,16,6.05,18.75,6.90,15.13
3501113,POST COCOA PEBBLES CUP        ,G6DM63              ,4,16,7.75,12.69,8.69,2.32
3590980,STO CHIA MPL HOT CRL 10CT     ,G6DM65              ,4,12,8.63,13.13,10.69,9.10
3591031,MMST BOLDSPCY BLD MRY MX      ,G6DN02              ,2,15,12.20,13.00,8.75,25.20
3501698,POST SHREDDED WHT N BRAN      ,G6DN04              ,3,9,12.94,15.94,10.44,11.80
3506191,CMTY COFFEE AMERICAN KCUP     ,G6DN73              ,5,20,6.38,12.00,8.00,2.20
3502681,KELL FROOT LOOPS              ,G6DN75              ,3,9,13.00,16.00,13.33,11.60
3503528,QKER CAPTAIN CRUNCH           ,G6DN83              ,3,7,12.00,19.50,13.88,17.10
3501022,NTVL BSCTS CH PNT BR 10CT     ,G6DN85              ,3,20,9.56,11.56,7.50,6.66
3505550,GM KIX                        ,G6DP02              ,3,6,13.31,19.00,15.68,15.30
3500266,KELL RICE KRISPIES CHC PB     ,G6DP04              ,3,15,9.50,13.38,9.38,5.90
3501497,KELL CORN POPS CEREAL         ,G6DP12              ,2,6,13.88,19.50,15.88,17.26
3503546,QKER LW SGR OATML VP 20CT     ,G6DP14              ,4,10,10.31,18.06,10.06,15.10
3501956,GM CHEERIOS STRBRY BANANA     ,G6DP22              ,3,12,12.37,15.68,9.81,9.90
3504992,GM CHEERIOS APL CINNM         ,G6DP24              ,3,12,12.37,15.68,9.81,9.60
3505167,KELL FRST MN WHT STRWBRRY     ,G6DP32              ,3,12,11.63,16.00,9.94,11.00
3506507,GM COCOA PUFFS                ,G6DP53              ,3,10,11.81,15.62,11.68,11.00
3596319,ST PROTEIN ROLLED OATS        ,G6DP55              ,4,8,8.00,17.00,12.75,15.03
3505785,GM LUCKY CHARMS               ,G6DP63              ,3,9,12.37,15.68,13.00,12.30
3503127,MOML MARSHMALLOW MATEYS       ,G6DP65              ,2,6,13.00,18.75,16.00,14.37
3501081,GM CHEERIOS PROTEIN CNMN      ,G6DP73              ,3,10,11.81,15.62,11.68,11.56
3501762,OKER INST GRITS VAR 12CT      ,G6DP75              ,4,12,8.25,19.69,8.31,9.80
3502268,NTVL PRTN STRW N CRM 5CT      ,G6DP83              ,3,24,10.25,11.75,6.31,6.00
3594637,GM GHOST PRT BR CK DGH PK     ,G6DP85              ,6,23,6.31,11.93,6.68,5.60
3501525,GM CHEERIOS PROTEIN STRW      ,G6DQ04              ,3,10,11.81,15.62,11.68,11.56
3504530,KRO FRTCRM OTML VP 8CT        ,G6DQ12              ,4,8,8.63,19.44,10.69,8.80
3502402,QKER CHW PRTN CHC CRML        ,G6DQ14              ,5,16,6.44,11.81,9.94,5.80
3506107,QKER INST MPLBS OAT 8CT       ,G6DQ22              ,4,24,8.56,10.25,9.75,5.80
3505014,POST COCOA PEBBLES            ,G6DQ24              ,3,6,13.00,18.75,16.00,18.00
3503174,POST HNY BNCH OAT STRWBRY     ,G6DQ32              ,3,10,11.56,14.75,12.00,10.70
3501884,PST PRM PRO MXD BRY ALMD      ,G6DQ34              ,3,15,11.56,13.31,8.25,6.21
3503449,OKER GRANOLA OATS HNY ALM     ,G6DQ53              ,3,12,10.63,15.44,9.75,17.80
3503536,QKER INS PRTN BAN NUT 6CT     ,G6DQ55              ,4,17,8.31,11.25,9.44,6.30
3502850,GM CHEERIOS MXD BRY BARS      ,G6DQ63              ,4,24,7.87,11.75,6.43,4.30
3591009,CASC ORG HNY OATCRNCH CRL     ,G6DQ65              ,3,12,10.81,15.10,10.00,10.90
3504247,KELLOGGS SPECIAL K            ,G6DQ73              ,3,12,11.63,16.00,9.69,10.34
3502419,F1P CARAMEL NUT BARS 10CT     ,G6DQ75              ,5,17,6.25,15.87,7.62,6.80
3501306,MOML COCOA DYNO BITE          ,G6DQ83              ,3,6,10.38,20.00,16.00,13.86
3504150,KELL FROSTED FLAKES CUP       ,G6DQ85              ,5,16,7.90,12.80,8.80,2.73
3501973,GM CINN TST CRUNCH CEREAL     ,G6DR02              ,4,6,12.37,19.50,15.50,14.10
3505784,GM CHEERIOS                   ,G6DR12              ,3,6,16.00,19.12,15.87,17.20
3506477,CARN BRK ESN HPRT CHO 6PK     ,G6DR22              ,6,16,6.05,18.75,6.90,15.17
3503620,QKER CAPN CRUNCH BERRIES      ,G6DR32              ,3,10,16.00,15.81,11.56,13.90
3504134,QKER LIFE COLD CEREAL         ,G6DR53              ,3,8,15.87,17.81,12.46,23.40
3504140,QKER LIFE CINNAMON CEREAL     ,G6DR63              ,3,8,15.87,17.81,12.43,23.40
3500787,GM GOLDEN GRAHAMS CEREAL      ,G6DR73              ,3,8,14.06,19.12,11.87,16.30
3504580,QKER BRN SGR OATMEAL SQRS     ,G6DR83              ,5,9,10.30,15.50,13.00,13.70
3504643,NTVL PRTN GRNL OATS  HNY      ,G6DS02              ,5,28,10.00,10.00,6.81,3.50
3506502,GM COOKIE CRISP               ,G6DS12              ,4,10,11.81,15.62,11.68,11.20
3504584,KRO GNT SZE CIN CRNCH         ,G6DS22              ,3,6,14.06,18.69,16.00,21.46
3506504,GM CHEERIOS                   ,G6DS32              ,4,9,11.62,16.00,13.31,9.80
3500593,KRO RICE BITS                 ,G6DS53              ,4,6,11.88,19.69,15.69,14.60
3502597,MOML FRSTD MINI SPOONERS      ,G6DS63              ,5,6,10.00,23.88,13.25,10.65
3592058,SI LIFE SAVERS STRAWBERRY     ,G6DS73              ,5,25,9.25,9.75,7.25,15.18
3504760,MOML SMORES                   ,G6DS83              ,4,6,11.75,23.88,13.25,18.77
3501915,KELL FROSTED FLAKES           ,G6DT02              ,4,9,11.63,16.00,13.00,11.50
3522697,KRO QK 1MIN 100% WG OATS      ,G6DT12              ,4,5,10.70,21.50,15.50,32.10
3504398,KELL CORN FLAKES              ,G6DT32              ,3,6,14.19,19.56,14.81,15.18
3504106,KELL POP TRT PRTN STRWB       ,G6DT53              ,4,20,11.44,11.19,7.81,12.25
3500954,KELL CORN FLAKES              ,G6DT63              ,3,9,13.75,16.00,13.00,11.10
3502941,GM CHEERIOS PRTN HNY NUT      ,G6DT73              ,4,10,11.81,15.62,11.68,11.56
3504782,KRO HNY N OAT W ALMND CRL     ,G6DT83              ,4,9,11.25,15.00,13.56,13.80
3503993,QKER OTML SQ HNY NUT          ,G6DU02              ,5,9,10.31,15.56,13.06,13.48
3596398,KRO BERRY SPARKLING WATER     ,G6DU12              ,5,13,11.38,13.25,10.13,31.00
3504581,GM HI PROTEIN CEREAL          ,G6DU22              ,4,12,10.75,15.68,10.00,8.20
3591002,CSCDN FRM OATS AND HNY GR     ,G6DU32              ,5,28,9.50,10.00,6.80,3.50
3501808,POST COCOA PEBBLES            ,G6DU53              ,3,9,12.94,15.94,13.75,14.71
3505724,GM LUCKY CHARMS               ,G6DU63              ,4,10,11.81,15.62,11.68,11.10
3503841,CARN BRK ESN CHOC 6PK         ,G6DU73              ,6,16,6.00,18.70,6.90,15.29
3501462,KRO CORN FLAKES               ,G6DU83              ,4,6,12.44,19.69,17.19,17.80
3501067,PST PRM PRO CHOC ALMND        ,G6DV12              ,4,15,11.56,13.31,8.25,6.21
3595111,GM GHOST PRT BR CHC PB        ,G6DV22              ,5,23,6.31,11.93,6.68,5.60
3502391,POST FRUITY PEBBLES           ,G6DV32              ,3,9,12.94,15.94,13.75,14.63
3501471,MOML FRUITY DYNO BITES        ,G6DV53              ,5,6,10.38,20.00,16.00,13.11
3590963,SPKLN ICE BLK RSPBRY 12PK     ,G6DV63              ,5,25,9.50,9.75,7.25,14.80
3505768,GM CINN TST CRUNCH            ,G6DV73              ,4,10,12.00,15.62,11.68,12.30
3505678,GM CORN CHEX                  ,G6DV83              ,4,6,12.50,19.50,15.70,16.90
3505783,GM HNY NUT CHEERIOS           ,G6DW02              ,4,9,13.37,15.68,13.00,12.80
3501738,KELL MIN WHT CEREAL           ,G6DW12              ,3,6,14.00,19.00,16.00,25.06
3503731,CAPN CRUNCH                   ,G6DW22              ,3,10,16.00,15.81,11.56,14.70
3500869,POST CINNAMON PEBBL           ,G6DW32              ,4,10,11.56,14.75,12.00,10.78
3502720,CNC REDBOX CEREAL 40 OZ       ,G6DW53              ,5,6,9.38,19.50,16.00,11.30
3514840,QKER QUICK 1 MINUTE OATS      ,G6DW63              ,5,6,10.00,21.00,16.00,33.10
3501693,QKER CAPN CRUNCH PNT BTR      ,G6DW73              ,2,10,15.75,15.31,11.75,13.60
3506257,GM CHEERIOS MG BRKFST CRL     ,G6DW83              ,3,6,16.00,19.12,15.87,17.70
3501661,KELL FROSTED FLAKES CREAL     ,G6DX02              ,3,6,13.88,19.50,15.88,20.86
3502734,POST OREO PUFFS CEREAL        ,G6DX12              ,4,9,11.75,15.94,12.75,8.88
3505784,GM CHEERIOS                   ,G6DX22              ,3,6,16.00,19.12,15.87,17.20
3503271,MOML TOOTIE FRUITI SS BAG     ,G6DX32              ,4,6,13.00,20.00,16.00,13.30
3506617,KRO CRISPY RICE               ,G6DX53              ,4,6,11.75,20.00,15.69,14.60
3501385,MOML FRUITIE TOOTIE           ,G6DX63              ,4,6,11.75,18.75,16.00,10.03
3505909,QKER GRANOLA OT HN RSN AL     ,G6DX73              ,3,12,10.63,15.80,9.90,17.80
3503865,KELL APPLE JACKS CUP          ,G6DX83              ,6,16,7.90,12.80,8.80,3.04
3501228,MOML CINNMN TOASTRS SS BG     ,G6FA02              ,4,6,13.50,20.00,16.00,18.60
3505786,GM CINN TST CRUNCH            ,G6FA12              ,4,9,12.37,15.68,13.00,13.80
3502763,GM REESES PUFFS CRL           ,G6FA22              ,4,9,12.37,15.68,13.00,13.80
3503352,CAPN CRNCH CRUNCHBERRIES      ,G6FA32              ,4,7,12.00,19.50,13.88,16.20
3504733,MOML FRSTD FLAKES SS BAG      ,G6FA53              ,4,6,13.00,20.00,16.00,15.93
3503868,GM BLUEY CORN CEREAL          ,G6FA63              ,4,6,12.50,19.50,15.75,15.00
3501695,KELL APPLE JACKS CEREAL       ,G6FA73              ,3,6,13.88,19.50,15.88,17.44
3504984,GM CINN TST CRUNCH CEREAL     ,G6FA83              ,3,8,14.06,19.12,11.87,16.10
3501423,KELL SP K FRUT YOGUT CRAL     ,G6FB02              ,3,12,14.00,16.00,10.00,13.59
3504131,POST HNY BNCH OAT ALMND       ,G6FB12              ,3,10,12.88,14.81,12.00,13.84
3504582,KRO GNT SZE HNY NT TSTD O     ,G6FB22              ,3,6,13.88,17.63,15.94,17.81
3504551,KRO HNY N OAT HNY RST CRL     ,G6FB32              ,4,9,11.75,16.06,13.63,14.06
3502913,CNC ALL BERRIES CEREAL 34     ,G6FB53              ,5,6,9.38,19.50,16.00,10.30
3500190,QKER KDS INST OTML SB         ,G6FB63              ,6,25,7.06,13.50,5.63,2.00
3500448,POP TART STRW BLAST PSTRS     ,G6FB73              ,4,24,11.63,9.75,7.88,9.68
3504987,GM HNY NUT CHEERIOS           ,G6FB83              ,3,6,14.06,19.12,15.87,22.10
3500469,POP TART MLTN LAVA CK         ,G6FC02              ,4,24,11.63,9.75,7.88,9.68
3501193,POST G/GRNS RSN DT PECANS     ,G6FC12              ,4,12,11.50,13.30,12.00,13.30
3501170,KELL SPECIAL K CEREAL         ,G6FC22              ,4,12,11.63,16.00,9.63,10.83
3504195,POST HNY BNCH OAT HNY RST     ,G6FC32              ,3,10,12.88,14.81,12.00,13.84
3504619,KELL SPCL K RED BRRYS CRL     ,G6FC53              ,2,12,13.13,16.00,9.50,9.94
3505142,KELLOGG SPECIAL K BLUEBER     ,G6FC63              ,3,12,12.00,15.56,10.00,9.70
3592028,FBTF FRT STRWB SNCKS 18CT     ,G6FC73              ,5,18,9.75,13.75,7.50,6.20
3500258,QKER HGH PRTN INS OTML BC     ,G6FC83              ,5,20,8.56,10.13,9.75,4.13
3502380,GM CHEERIOS PRTN CC           ,G6FD02              ,4,10,11.81,15.62,11.68,11.56
3503896,KELL FF STRAWBERRY MILKSH     ,G6FD12              ,4,9,11.63,16.00,13.00,11.00
3503666,KELLOGGS COCOA LOOP           ,G6FD22              ,6,16,7.90,12.80,8.80,2.02
3501104,KELL RAISIN BRAN CEREAL       ,G6FD32              ,3,12,11.63,16.00,9.69,12.23
3503891,KELL FROOT LOOPS MARSHMLW     ,G6FD53              ,4,12,11.63,16.00,9.50,6.90
3505125,KELL SPCLK PROTEIN CEREAL     ,G6FD63              ,4,12,15.56,12.00,10.00,10.70
3503884,KELL FROOT LOOPS              ,G6FD73              ,4,6,11.63,19.38,16.00,14.30
3503185,GM COOKIE CRISP CEREAL        ,G6FD83              ,4,6,12.37,19.50,15.50,15.23
3502480,KELL RICE KRISPIES            ,G6FF02              ,3,9,14.06,15.56,12.69,10.80
3500882,POST HNY BNCH OATS GI ALM     ,G6FF12              ,3,9,13.81,15.94,13.31,17.42
3591007,CASC ORG CINN CRUNCH CRL      ,G6FF22              ,4,12,10.81,15.81,10.00,8.30
3502467,POST HONEYMAID SMORES CRL     ,G6FF32              ,4,9,11.75,16.06,13.38,12.43
3504569,KRO GNT SIZE FRUIT RINGS      ,G6FF53              ,3,6,13.88,17.56,12.19,15.31
3506529,KELL ALL BRAN BUDS            ,G6FF63              ,4,12,10.56,15.38,9.75,16.00
3500483,POP TART STRWB CHSCAKE        ,G6FF73              ,4,20,11.44,11.19,7.81,11.68
3503151,POST FRUITY PEBBLES MARSH     ,G6FF83              ,3,9,11.75,16.06,13.63,11.52
3502288,KELL KRAVE CHOCOLATE          ,G6FG02              ,3,12,12.00,15.56,10.00,9.50
3502698,POST COCOA PEBBLES            ,G6FG12              ,3,6,14.06,18.69,16.00,22.06
3503257,GM CINN TST CRUNCH PBTTR      ,G6FG22              ,4,10,11.81,15.62,11.68,11.59
3591995,SPKLN ICE ZS SP WTR LS GA     ,G6FG32              ,5,25,9.25,9.75,7.25,15.18
3502167,QKER INST MPLBS OAT CUP       ,G6FG53              ,7,23,7.11,10.81,7.42,2.10
3502405,NTVLY OATS HONEY 24 BARS      ,G6FG63              ,5,16,8.80,12.00,9.60,8.20
3506503,GM MLTI GRN CHEERIOS          ,G6FG73              ,4,9,11.81,15.68,12.87,10.10
3505149,KELL FMW ORIGINAL             ,G6FG83              ,4,9,11.63,16.00,13.00,15.30
3502921,POST SHREDDED WHT BG BSCT     ,G6FH02              ,3,6,12.30,19.50,16.00,15.40
3502570,QKER LIFE ORIGINAL            ,G6FH12              ,5,9,10.20,15.50,12.50,12.50
3503519,POST COCOA PEBBLES            ,G6FH22              ,4,10,11.50,14.70,12.00,11.20
3500800,GM TOTAL WHOLE GRAIN          ,G6FH32              ,3,12,12.43,19.37,8.00,8.35
3502083,GM WHEATIES                   ,G6FH53              ,4,12,12.43,19.37,8.00,8.10
3502109,PST PRM PRO APL CN OM 6CT     ,G6FH63              ,6,18,7.50,15.94,6.38,4.92
3502841,KRO FRST SHRD STRWBR BTSZ     ,G6FH73              ,4,6,11.70,20.00,15.90,20.80
3504995,GM LUCKY CHARMS               ,G6FH83              ,3,6,14.06,19.12,15.87,21.20
3502655,NTVL DBLE CHO LNCHBX 5CT      ,G6FJ02              ,7,16,6.60,11.93,10.06,5.17
3504088,KELL POP TRT PRTN BLBRY       ,G6FJ12              ,4,20,11.44,11.19,7.81,12.25
3504361,GM MOTTS APPLE CINN           ,G6FJ22              ,4,6,12.37,19.43,15.68,16.80
3504645,KELL FRST RICE KRISPIES       ,G6FJ32              ,4,12,11.88,15.50,9.94,8.90
3500434,GM REESES CEREAL              ,G6FJ53              ,3,6,14.06,19.12,15.87,23.50
3504587,GM GHOST PB CEREAL            ,G6FJ63              ,4,12,10.75,15.68,10.00,9.07
3501630,KELL RICE KRISPIES GS TRT     ,G6FJ73              ,5,15,9.38,13.38,9.38,6.51
3501657,POST G/GRNS CRANBRY ALMND     ,G6FJ83              ,4,12,11.50,13.30,12.00,13.00
3503526,POST FRUITY PEBBLES           ,G6FK02              ,4,10,11.38,14.75,12.00,11.20
3502393,NTVL SW  SLT CRML BARS        ,G6FK12              ,6,20,7.18,11.75,8.00,4.00
3504541,KELL SPECIAL K CEREAL         ,G6FK22              ,3,9,13.13,16.00,13.33,11.23
3503545,GM FIBER 1 ORIGINAL           ,G6FK32              ,4,18,12.43,12.87,8.00,9.50
3501079,QKER INS ORIG GRITS 12CT      ,G6FK53              ,6,12,8.25,19.69,8.31,9.80
3504781,POST RAISIN BRAN              ,G6FK63              ,4,10,11.56,14.75,12.00,15.20
3505148,KELL FRST MN WHT BLBRY BS     ,G6FK73              ,3,12,11.63,16.00,9.94,11.00
3505820,NTVL SS NUT ALM GRN 12CT      ,G6FK83              ,5,12,6.25,16.00,10.00,9.30
3501604,GM MLTI GRN CHEERIOS          ,G6FL22              ,4,9,12.37,15.68,13.00,10.50
3505147,KELL RAISIN BRAN CEREAL       ,G6FL32              ,3,12,14.00,19.00,16.00,29.20
3591005,CASC ORG HRTY MRNG CEREAL     ,G6FL53              ,5,12,10.81,15.81,10.00,11.60
3501456,POST HONEYCOMB GIANT          ,G6FL63              ,3,8,13.94,19.00,9.81,8.25
3504715,GM GOLDEN GRAHAMS             ,G6FM02              ,3,10,11.81,15.62,11.68,12.10
3500971,OKER INS CHS GRIT VP 12CT     ,G6FM04              ,4,12,8.25,19.69,8.31,9.80
3501831,GM HONEY NUT CHEX             ,G6FM12              ,3,20,11.87,12.00,8.00,6.40
3504053,QKER CHW SMORES GRNL 8CT      ,G6FM14              ,5,15,7.20,11.90,9.80,6.80
3501325,KELL MN WHT COCOA             ,G6FM73              ,4,12,11.63,16.00,9.94,10.77
3502470,NTVL BSCTS COCONUT BTTR       ,G6FM83              ,5,20,9.56,11.56,7.50,6.66
3501341,KELL SP K SWBY RD BR CRAL     ,G6FN02              ,3,12,14.00,16.00,10.00,12.17
3500331,KRO APL CNM PRTN OTML 6CT     ,G6FN12              ,4,8,8.63,19.44,10.69,11.95
3504626,NTVL GRN CRNCH OATS N HNY     ,G6FN22              ,3,24,9.50,10.00,8.00,4.60
3501229,GM CHEERIOS CONFETTI          ,G6FN32              ,4,10,11.81,15.62,11.68,11.50
3504708,KRO BRAN FLAKES               ,G6FN53              ,3,9,12.75,15.94,13.31,16.70
3505682,GM RICE CHEX                  ,G6FN63              ,4,9,12.30,15.60,13.10,10.30
3501687,KELL FROOT LOOPS CEREAL       ,G6FN73              ,3,6,13.88,19.50,15.88,17.44
3504578,KRO GNT SIZE FRSTD FLAKES     ,G6FN83              ,3,6,13.88,17.63,15.94,18.46
3503910,KELL APPLE JACKS              ,G6FP02              ,4,6,11.63,19.38,16.00,14.30
3504443,KELLOGGS RICE KRISPIES CE     ,G6FP12              ,3,6,14.19,19.56,14.81,16.32
3506462,KRO OF 100% WHL GRN OATS      ,G6FP22              ,4,5,10.38,20.12,16.25,36.50
3501120,QKER INS OTML CNMN VNLA       ,G6FP32              ,6,25,7.06,13.50,5.63,2.00
3502264,MOML BERRY COLOSSAL CRU       ,G6FP53              ,4,6,11.75,18.75,16.00,10.16
3594070,CASC ORG CINN OATS BF CRL     ,G6FP63              ,4,12,10.81,15.81,10.00,12.10
3503892,KELL FROSTED FLAKES           ,G6FP73              ,4,6,11.63,19.38,16.00,17.80
3504418,QKR INS OTM STRCRM 20CT       ,G6FP83              ,4,10,10.31,18.06,10.06,14.20
3503395,CORN CHEX BRKFST CRL GIAN     ,G6FQ02              ,3,6,14.06,19.12,15.87,19.33
3503558,QKER CPT CR OOPS BRY          ,G6FQ12              ,3,10,16.00,15.81,11.56,12.60
3505103,GM CHEERIOS AD OT CH CRL      ,G6FQ22              ,4,9,12.37,15.68,13.18,17.20
3502892,KELL FROSTED FLAKES           ,G6FQ32              ,3,9,13.13,16.00,13.33,14.20
3504590,KELL SPECIAL K FRTYGRT        ,G6FQ53              ,3,12,13.13,16.00,9.50,11.14
3505850,KRO TSD FLAKES W/STRAWBRY     ,G6FQ63              ,4,10,11.56,14.75,12.00,11.10
3504275,KELL FROOT LOOPS CUP          ,G6FQ73              ,4,16,7.88,12.75,8.75,3.04
3501465,QKER PRTN SGRNL MPL BS IO     ,G6FQ83              ,4,12,10.31,15.06,10.00,14.00
3591003,CASC ORG GRAHAM CRNCH CRL     ,G6FR02              ,2,12,15.81,15.81,10.00,8.40
3502110,POST HONEYCOMB                ,G6FR12              ,3,9,13.75,15.94,13.56,10.07
3505150,POST FRUITY PEBBLES           ,G6FR22              ,3,6,14.06,18.69,16.00,22.06
3505736,GM HNY NUT CHEERIOS           ,G6FR32              ,4,10,11.81,15.62,11.68,11.30
3502398,QKER LIFE CINNAMON            ,G6FR53              ,5,9,10.20,15.50,12.50,12.50
3505553,GM LUCKY CHARMS CEREAL        ,G6FR63              ,3,8,15.00,19.50,12.00,14.80
3505042,KRO BERRY CRUNCH CEREAL       ,G6FR73              ,3,9,13.88,15.94,12.19,11.85
3501515,KELL FROOT LOOPS COCO         ,G6FR83              ,4,9,11.63,16.00,13.00,10.02
3503466,CAPN CRNCH CRUNCHBERRIES      ,G6FS02              ,5,6,9.38,19.50,16.00,11.30
3503305,GM BASIC 4 CEREAL             ,G6FS12              ,3,18,12.43,12.87,8.00,9.40
3504077,KELL POP TRT PRTN BSC         ,G6FS22              ,4,20,11.44,11.19,7.81,12.25
3500388,GM WHEAT CHEX                 ,G6FS32              ,5,12,9.80,13.30,12.00,11.10
3506511,GM COCOA PUFFS CEREAL         ,G6FS53              ,3,6,14.06,19.12,15.87,20.60
3505571,GM REESES PUFFS CEREAL        ,G6FS63              ,4,6,12.37,19.50,15.50,15.20
3501048,PST PRM PRO MPL BRSGR 6CT     ,G6FS73              ,6,18,7.50,15.94,6.38,4.92
3500289,KELL ALL BRAN ORIGINAL        ,G6FS83              ,4,12,11.63,16.00,9.94,17.30
3502184,KELL SMACKS                   ,G6FT02              ,3,9,12.50,15.69,13.00,12.60
3501588,GM LUCKY CHARMS CUP           ,G6FT04              ,4,20,7.75,12.25,8.12,2.09
3500417,GM RAISIN NUT BRAN CRL        ,G6FT12              ,2,18,12.43,12.87,8.00,9.80
3501362,KRO APL RSN WLNT OAT 8CT      ,G6FT14              ,4,8,8.63,19.44,10.69,11.30
3502851,FIBER 1 CCC BROWNIES 12CT     ,G6FT22              ,5,19,6.75,10.37,9.12,3.83
3505945,KRO APPLE CINN OATML CUP      ,G6FT24              ,12,20,3.63,11.63,7.31,0.84
3503518,POST GOLDEN CRISP             ,G6FT32              ,3,9,12.90,15.90,13.30,14.30
3504734,KRO TSTD FLKS W/ FRTYGRT      ,G6FT34              ,3,9,11.25,15.44,12.44,12.30
3514834,QKER OLD FASHIONED OATS       ,G6FT53              ,5,6,9.80,21.70,16.50,36.00
3590021,CASC ORG NS VAN CRSP CERL     ,G6FT63              ,4,12,10.81,15.81,10.00,9.86
3503691,POST HNY BNCH OAT HNY RST     ,G6FT73              ,3,10,11.56,14.75,12.00,11.50
3500327,KRO MBS PROTEIN OTML 6CT      ,G6FT83              ,4,8,8.63,19.44,10.69,11.95
3591001,CSDN FRM CHOC ALMD GRNLA      ,G6FU02              ,3,28,9.50,10.00,6.81,3.50
3500701,KELL FRSTD FLKS CRL OG        ,G6FU04              ,3,6,11.63,19.94,15.94,17.70
3503463,RICE CHEX BRKFST CRL GIAN     ,G6FU12              ,2,6,14.06,19.12,15.87,18.70
3502187,NTVL PRTN 1 CHOC PNT 5CT      ,G6FU14              ,3,24,10.25,11.75,6.31,6.00
3504081,MOML COCO ROOS                ,G6FU22              ,2,6,13.00,18.75,16.00,13.99
3506598,GM CINNAMON CHEX              ,G6FU32              ,3,20,11.87,12.00,8.00,6.20
3506505,KRO MNI WHEAT                 ,G6FU53              ,4,9,11.75,15.94,12.50,13.10
3505040,KRO TOASTED OATS              ,G6FU63              ,3,9,13.88,15.94,12.19,10.48
3502038,MOML BLBRY COLOS CRNCH SS     ,G6FU73              ,4,6,13.00,20.00,16.00,15.00
3501638,QKER INS HGH PRTN OTM BC      ,G6FU83              ,5,20,8.56,10.13,9.75,4.13
3503134,GMI CHOC CHEERIOS CEREAL      ,G6FV02              ,3,12,12.37,15.68,9.81,9.70
3591006,CASC ORG FRUITFUL OS CRL      ,G6FV04              ,3,12,10.81,15.81,10.00,8.90
3500982,QKER BG CHW CHO CHIP 5CT      ,G6FV12              ,5,15,6.70,12.80,9.80,7.10
3591000,CSDN FRM CIN RSN GRNLA        ,G6FV14              ,3,28,9.50,10.00,6.81,3.50
3501191,POST G/GRNS CRNCHY PECANS     ,G6FV22              ,3,12,11.50,13.30,12.00,13.30
3502048,KRO MPL BR SGR OTML 10CT      ,G6FV24              ,3,8,10.50,19.44,10.69,13.70
3501682,GM CHOCOLATE CHEX             ,G6FV32              ,3,20,11.87,12.00,8.00,8.50
3505188,NTVL PRTN OATS HNY GRANOL     ,G6FV34              ,3,24,9.50,10.00,8.00,4.87
3504306,QKR INS OTM RS DT WL 20CT     ,G6FV53              ,3,10,10.31,18.06,10.06,16.60
3596864,CSCDN FRN CCBT GRBKA          ,G6FV55              ,3,28,9.50,10.00,6.81,3.50
3590990,CSDN FRM AND NT GRANL         ,G6FV63              ,3,28,9.50,10.00,6.81,3.50
3505051,GM CHEERIOS OAT CRNCH CI      ,G6FV65              ,3,9,12.37,15.68,13.18,17.20
3503194,POST HNY BNCH OAT GRANOLA     ,G6FV73              ,4,24,9.31,11.25,6.63,4.00
3598606,CSDM FRM BLBRY GRANLA         ,G6FV75              ,3,28,9.50,10.00,6.81,3.50
3502884,GM CHEERIOS PRTN CNMN         ,G6FV83              ,5,20,7.75,12.25,8.12,1.90
3502327,KRO PIRATES CHARMS CREAL      ,G6FV85              ,3,9,11.75,15.94,12.50,10.04
3501923,MOML FRUITY DYNO BITE         ,G6FW02              ,3,6,10.38,20.00,16.00,13.86
3501432,QKER RICE CKS JLPN CHDR       ,G6FW04              ,3,12,10.50,16.06,10.25,4.19
3504576,KRO REG FLVR OATML 12CT       ,G6FW12              ,4,8,8.63,19.44,10.69,11.20
3504681,NTVL GRANOLA OATS N CHOC      ,G6FW14              ,3,28,9.50,10.00,6.81,3.50
3596863,CSDN FRM CNN GRNLA            ,G6FW22              ,3,28,9.50,10.00,6.81,3.50
3595477,ST CCO VNLA ALMD KTO GRLN     ,G6FW24              ,10,8,3.50,12.00,17.00,3.80
3598695,THREE WISHES FRUTY CERAEL     ,G6FW32              ,3,18,12.75,10.94,7.63,3.23
3502299,NTVL BLUBRY OAT SB BB 5CT     ,G6FW34              ,4,25,8.12,11.00,6.62,4.00
3500679,QKER QUICK 5 MINUTE GRITS     ,G6FW53              ,4,17,8.20,8.00,14.60,19.90
3503407,POST HNY BNCH OAT W/ALMND     ,G6FW55              ,3,10,11.56,14.75,12.00,11.50
3503878,GM CINN TST CRUNCH CUP        ,G6FW63              ,4,20,7.75,12.25,8.12,2.32
3594651,CASC ORG HNY CSHW GRANOLA     ,G6FW65              ,5,28,9.50,10.00,6.81,3.51
3505799,QKER INS OATMEAL VAR 20CT     ,G6FW73              ,4,10,10.31,18.06,10.06,18.84
3506461,KRO OF 100% WHL GRN OATS      ,G6FW83              ,5,8,8.13,16.81,12.69,18.50
3505544,GM CHEERIOS                   ,G6FX22              ,3,6,14.75,19.00,15.68,15.20
3503668,POST HNY BNCH OATS HR GNT     ,G6FX32              ,3,9,13.81,15.94,13.31,17.42
3502809,GM CHEERIOS STRW PRTN         ,G6FX53              ,5,20,7.75,12.25,8.12,1.90
3502711,QKER CHWY PB CHOC BAR 5CT     ,G6FX63              ,5,16,6.44,11.81,9.94,6.80
3502219,NTVL CRS CRM WF BRS STRWB     ,G6GA02              ,6,15,5.75,16.37,7.18,4.50
3503971,POST HONEYCOMB CO CEREAL      ,G6GA04              ,2,8,17.31,20.00,12.00,9.82
3500581,MOML ORIG HOT WHEAT CRL       ,G6GA12              ,4,12,8.10,11.10,11.00,25.00
3503748,STO INSTANT OATMEAL           ,G6GA14              ,4,8,8.50,19.30,10.50,11.10
3514788,CRM OF WHT HOT CEREAL         ,G6GA73              ,3,20,11.00,11.20,8.30,23.50
3505948,KRO MPL BRN SGR OATML CUP     ,G6GA75              ,12,20,3.63,11.63,7.31,0.95
3506088,QKER QUICK 1 MINUTE OATS      ,G6GA83              ,5,10,7.25,16.50,12.25,14.90
3500983,OKER INS MPLBS OAT 8CT        ,G6GA85              ,4,12,8.25,19.69,8.31,11.50
3506520,KRO STEEL CUT OATS            ,G6GB02              ,6,8,5.75,15.81,12.19,22.30
3501898,FIBER 1 CNMN CFE CKE 18CT     ,G6GB04              ,5,13,6.37,14.87,9.25,5.55
3582602,STO CANISTER OATMEAL          ,G6GB12              ,5,8,8.13,16.81,12.69,14.70
3594654,STO STEEL CUT OATS            ,G6GB14              ,6,16,5.81,12.50,8.75,10.03
3501441,KELL RASN BRAN CRNCH CRAL     ,G6GB22              ,2,12,14.00,16.00,10.00,14.84
3503304,CARN BRK ESN CHOC 8CT         ,G6GB24              ,5,15,6.70,15.40,8.05,6.30
3502247,NTVL KDS SF BK BR PB BRWN     ,G6GB32              ,6,20,6.50,12.00,7.62,4.50
3505951,KRO LS MAP BSGR OATML CUP     ,G6GB34              ,12,20,3.63,11.63,7.31,0.75
3504632,KRO STRBCRM OTML 8CT          ,G6GB53              ,4,8,8.63,19.44,10.69,8.80
3596948,ST H PRTN OTML MPLBSG 4CT     ,G6GB55              ,3,16,9.56,11.56,8.88,4.90
3503883,GM HNY NUT CHEERIOS CUP       ,G6GB63              ,4,20,7.75,12.25,8.12,2.14
3504652,KRO PCHSCRM OTML 8CT          ,G6GB65              ,4,8,8.63,19.44,10.69,8.80
3502208,NTVL STRWBRY WFR BARS 5CT     ,G6GB73              ,4,25,9.12,11.12,6.50,3.50
3581122,STO SNACK CRACKER             ,G6GB75              ,4,8,8.62,17.32,12.01,10.40
3501103,QKER REGULAR OATMEAL          ,G6GB83              ,4,12,8.25,19.69,8.31,9.90
3501307,CARN BRK ESN MLK CHO 22CT     ,G6GB85              ,4,17,6.90,12.40,7.65,5.20
3506375,QKER FRT/CRM BLUEBRRY 8CT     ,G6GC02              ,4,12,8.31,19.69,8.25,8.70
3504102,QKER INST OATMEAL MBS 8CT     ,G6GC04              ,4,24,8.31,10.50,8.00,5.98
3506035,KBLR CHP DLX CHP CHNK CKS     ,G6GC12              ,4,15,7.64,12.28,8.00,5.07
3504144,QKER INS PRTN CRN ALM 6CT     ,G6GC14              ,4,19,8.50,11.25,9.00,6.20
3590457,BRNK VANL ALMND FIT GRNLA     ,G6GC22              ,4,25,8.88,11.00,6.63,4.30
3505540,CARN BRK ESN VANILLA 10CT     ,G6GC24              ,5,15,6.70,15.40,8.00,6.00
3505045,GM CHEERIOS FROSTED           ,G6GC32              ,3,12,12.37,15.68,9.81,9.30
3514702,CARN BRK ESN CHOC 10CT        ,G6GC34              ,5,15,6.80,15.50,8.00,6.29
3506045,KELL FROOT LOOPS              ,G6GC53              ,2,6,11.63,19.94,15.94,14.04
3501553,POST GRAPE NUTS               ,G6GC55              ,3,12,9.30,13.10,11.50,17.50
3503622,KELL SPLK PC STRWBRY 6CT      ,G6GC63              ,5,18,6.31,13.31,11.69,5.30
3503749,STO MPL BRWN SGR OATML        ,G6GC65              ,4,8,8.30,19.50,10.50,13.60
3504168,GM CHEERIOS VRY BRY           ,G6GC73              ,3,12,12.37,15.68,9.81,9.80
3502409,QKER CHWY PRTN MPL BR SGR     ,G6GC75              ,5,16,6.44,11.81,9.94,5.80
3506387,QKER L/S VAREITY 8CT          ,G6GC83              ,4,12,8.56,20.25,8.25,9.30
3501129,QKER VRTY PACK OATMEAL        ,G6GC85              ,4,12,8.56,20.25,8.25,11.40
3514871,KRO QK 1MIN 100% WG OATS      ,G6GD02              ,5,8,7.50,16.70,13.80,16.00
3504665,KRO LSGR MPL BR SG 8CT        ,G6GD04              ,4,8,8.63,19.44,10.69,9.50
3504293,GM CHEERIOS CUP               ,G6GD12              ,4,20,7.75,12.25,8.12,1.82
3506393,IQO LS MAPL BRWN SGR 8CT      ,G6GD14              ,4,12,8.31,19.69,8.25,9.60
3501004,QKER INS BTR FLV GRT 12CT     ,G6GD22              ,4,12,8.25,19.69,8.31,9.80
3501158,QKER CHW CHOC CHIP 18CT       ,G6GD24              ,3,10,9.50,15.00,11.70,15.20
3595733,KSHI GO CHOC CEREAL           ,G6GD32              ,4,16,7.69,12.75,8.75,2.44
3502114,NTVL CRU OT HNY BR 36CT       ,G6GD34              ,3,16,10.81,12.00,8.81,8.25
3501268,QKER APLE CINNMN OATMEAL      ,G6GD53              ,4,12,8.25,19.69,8.31,11.50
3504014,QKR INST OATS APL CIN 8CT     ,G6GD55              ,4,24,8.31,10.50,9.75,6.00
3501764,QKER QUICK 1 MINUTE OATS      ,G6GD63              ,4,10,7.20,16.50,12.20,15.60
3504357,GM CHEERIOS GRNLA HNY NUT     ,G6GD65              ,3,28,9.50,10.00,6.81,3.40
3502706,KRO CHC FDG TSTR TRT 12CT     ,G6GD73              ,3,13,11.75,13.56,9.25,19.00
3501001,OKER INS CHD CHS GRT 12CT     ,G6GD75              ,4,12,8.25,19.69,8.31,9.80
3505543,CRM OF RICE HOT CEREAL        ,G6GD83              ,6,21,6.20,6.70,12.70,12.00
3506761,QKER INS DINOEGG OTML 8CT     ,G6GD85              ,4,12,8.33,19.69,9.86,13.60
3502200,KRO FRST SHRD WHT BTSZ        ,G6GF02              ,3,6,11.75,20.00,15.94,22.40
3505668,QKER OTML MPL  BRWN SGR       ,G6GF12              ,5,19,8.63,11.19,8.75,6.20
3505198,KELL RAISIN BRAN ORIGINAL     ,G6GF22              ,4,12,11.63,16.00,9.94,12.80
3504711,KRO APPLE CRUNCH CEREAL       ,G6GF32              ,4,9,11.75,15.69,14.38,10.73
3503640,KELL NTGR STRWBRY BAR 8CT     ,G6GF53              ,5,12,6.69,9.88,16.19,10.90
3505954,KRO FRT CRM VRTY PK 20CT      ,G6GF63              ,3,11,10.63,14.50,11.25,8.90
3505564,QKER CHW CHCLT CHPBR 30CT     ,G6GF73              ,4,15,10.00,16.44,7.75,11.70
3501774,QKER OLD FASHIONED OATS       ,G6GF83              ,5,10,7.20,16.50,12.20,15.60
3506389,QKER INS APL CINN OAT CUP     ,G6GG02              ,7,23,6.77,10.88,7.43,1.90
3505834,KRO MAP BSG OATML 20 CT       ,G6GG12              ,3,11,10.63,14.50,11.25,12.35
3506627,QKER INS FRTCRM VAR 8CT       ,G6GG22              ,6,12,8.56,20.25,8.25,8.60
3501920,KELL CRACKLIN OAT BRAN        ,G6GG32              ,4,12,10.56,15.38,9.75,12.50
3502289,NTVL KDS SF BK SMORS BARS     ,G6GG53              ,7,20,6.62,12.00,7.62,4.50
3501543,QKER FNC INSTNT OTML 20PK     ,G6GG63              ,4,10,10.31,18.06,10.06,14.20
3502244,QKER CHW YOG STRWBRY 5CT      ,G6GG73              ,6,16,6.60,11.80,10.60,6.20
3504386,KELL POPTRT FRS CKCR 8CT      ,G6GG83              ,4,20,11.38,11.13,7.75,11.60
3504702,KRO RAISIN BRAN               ,G6GH02              ,4,10,11.56,14.75,12.00,15.00
3504189,KELL POPTRT FRS CINN 12CT     ,G6GH12              ,4,15,11.25,13.31,9.31,17.30
3505027,POST FRUITY PEBBLES CREAL     ,G6GH22              ,3,6,13.00,18.75,16.00,18.09
3501145,KELL POPTRT FRS STRW 12CT     ,G6GH32              ,4,15,11.25,13.31,9.31,17.30
3502248,NTVL HNY VNLA WAFR BR 5CT     ,G6GH53              ,6,25,7.12,11.12,6.50,3.50
3500052,KELL POPTRT FRS WDBRY 8CT     ,G6GH63              ,4,20,11.38,11.13,7.75,11.60
3502296,POST FRUITY PEBBLES           ,G6GH73              ,3,18,12.88,13.81,8.19,6.76
3500935,KELL POPTRT CHOC FDG 12CT     ,G6GH83              ,4,15,11.25,13.31,9.31,17.20
3502194,NTVL BSCTS PNUT BTR 10CT      ,G6GJ02              ,5,20,9.56,11.56,7.50,6.66
3504176,GM APPLE CINNAMON C           ,G6GJ12              ,3,6,14.06,19.12,15.87,23.96
3504377,GHOST HIGH PROTEIN            ,G6GJ22              ,4,12,10.75,15.68,10.00,9.08
3504753,GM CT CRNCH STRWBR            ,G6GJ32              ,4,10,11.81,15.62,11.68,12.30
3504575,KELL POPTRT FRS SMOR 8CT      ,G6GJ53              ,4,20,11.38,11.13,7.75,11.60
3506260,GM COOKIE CRISP BRFST CRL     ,G6GJ63              ,3,6,14.06,19.12,16.00,20.95
3501569,KELL RCE KRSP TRT 40CT        ,G6GJ73              ,4,8,10.25,18.50,11.81,11.31
3501174,POST HONEY CEREALS            ,G6GJ83              ,4,12,11.63,15.88,10.00,9.25
3504514,KELL RAISIN BRAN CRUNCH       ,G6GK02              ,3,12,13.13,16.00,9.50,12.44
3505640,KELL POPTRT STBR MS PSTRY     ,G6GK12              ,4,20,11.44,11.19,7.81,11.68
3514797,CRM OF WHT INS ORGNL 12CT     ,G6GK22              ,4,12,8.30,15.00,10.30,11.00
3505836,KRO TRAD VRTY PK 20 CT        ,G6GK24              ,3,11,10.63,14.50,11.25,12.35
3502285,MOTTS SFT BK BR CHC CHP       ,G6GK32              ,5,20,6.62,12.25,7.62,3.82
3502131,NTVL KDS SF BK BR CC CKIE     ,G6GK34              ,5,20,6.62,12.00,7.62,4.50
3502007,KELL RAISIN BRAN CRNC CUP     ,G6GK53              ,4,16,7.90,12.80,8.80,3.53
3500053,KELL POPTRT STRAWBRY 8CT      ,G6GK55              ,2,20,11.38,11.13,7.75,11.60
3500715,LC UNCRN MGC BRKFST CRL       ,G6GK63              ,4,10,11.81,15.62,11.68,10.24
3502202,MOTTS SFT BK FLD BRS BLUB     ,G6GK65              ,6,20,6.62,12.00,7.62,4.40
3502848,KRO MPL BSGR OTML CUP 4CT     ,G6GK73              ,6,20,8.00,11.63,7.31,1.91
3502891,MOTTS BANA STRB SB BR 6CT     ,G6GK75              ,5,20,6.62,12.00,7.62,3.82
3505987,KRO FS BSG CN TSR TR 12CT     ,G6GK83              ,3,13,11.75,13.56,9.25,18.80
3506392,CAPN CRNCH PNT BTTR CREAL     ,G6GK85              ,3,7,12.00,19.50,13.88,15.50
3502080,NTVL SWSLT TRT GR BR 6CT      ,G6GL02              ,5,16,6.50,11.62,10.00,7.75
3501529,QKER CAPN CRUNCH BRY CUP      ,G6GL04              ,5,18,6.31,12.25,8.38,1.10
3504055,QKER CHW CHO CHP GRNL 8CT     ,G6GL12              ,5,15,7.20,11.90,9.80,6.80
3507767,NATVAL FRT/NUT TRL MX 6CT     ,G6GL14              ,5,16,6.50,11.50,9.90,7.50
3500484,KRO SMORES TSTR TRT 12CT      ,G6GL22              ,3,13,11.75,13.56,9.25,18.00
3500428,QKR CHWY CHC CHP BR 18CT      ,G6GL24              ,4,10,9.88,15.31,11.69,14.20
3504565,KELL POPTRT FRS CHFDG 8CT     ,G6GL32              ,3,20,11.38,11.13,7.75,11.60
3501194,KELL POPTRT STRAWBRY 12CT     ,G6GL34              ,3,15,11.25,13.31,9.31,17.20
3504688,GMI FRTY CHEERIOS CEREAL      ,G6GL53              ,3,12,12.37,15.68,9.81,9.60
3503623,KELL NTGR 2FL CRL BR 32CT     ,G6GL55              ,5,34,6.13,8.19,6.31,3.15
3503336,CARNATION BREAKFAST ESSEN     ,G6GL63              ,6,34,5.50,8.35,6.20,7.30
3504543,KELL POPTRT FRS CINN 8CT      ,G6GL65              ,3,20,11.38,11.13,7.75,11.60
3503628,KELL RCE KRSP TRT 16CT        ,G6GL73              ,4,15,9.00,13.50,9.50,6.18
3506138,KRO FDG ENRBD GRHM CKY        ,G6GL75              ,4,20,8.39,12.32,11.25,11.30
3502119,FIBER 1 90CL CHO FDG 18CT     ,G6GL83              ,5,13,6.37,14.87,9.25,5.55
3500671,KELL KRV CRL OG               ,G6GL85              ,3,6,11.63,19.94,15.94,14.80
3505574,QKER CHW VARIETY PCK 30CT     ,G6GM02              ,3,15,10.00,16.44,7.75,11.70
3502976,GM CNN TST CRNCH TRT 8CT      ,G6GM04              ,5,24,6.31,13.31,6.00,4.42
3502330,NTVL BAR PBJ GRAPE            ,G6GM12              ,6,18,5.56,12.87,7.56,3.50
3506694,POST FRUITY PEBBLES FS        ,G6GM22              ,3,9,13.81,15.94,13.31,15.17
3502346,NTVL BAR PBJ STRWBR           ,G6GM24              ,6,18,5.56,12.87,7.56,3.50
3500600,KRO CK N CRM TST TRT 12CT     ,G6GM32              ,3,13,11.75,13.56,9.25,18.00
3502271,MOML FRUITY DYNO BITES        ,G6GM34              ,3,6,9.38,23.88,13.25,11.30
3596615,LARA FRNT BTR CHCHP 18CT      ,G6GM53              ,5,18,5.87,10.37,9.56,8.10
3500766,NTVL CR PNT GR BR 36CT        ,G6GM55              ,3,16,10.81,12.00,8.81,8.25
3505992,FIBER 1 OATS CHO BAR 10CT     ,G6GM63              ,5,15,6.25,16.00,7.56,7.40
3503143,CARN BRK ESN STRWBRRY 6PK     ,G6GM65              ,6,16,6.00,19.00,7.00,15.27
3500737,NTVL CRNCHY VAR BR 12CT       ,G6GM73              ,5,12,6.20,13.20,11.50,8.60
3502251,NATVAL SWT/SLT PNT BR 6CT     ,G6GM75              ,5,16,6.30,11.60,10.00,7.50
3504624,KELL FRSTD MINI WHTS          ,G6GM83              ,3,12,13.13,16.00,9.69,12.59
3501430,RKT HMSTYL ORIG BARS 24CT     ,G6GM85              ,2,10,10.50,19.00,9.63,8.48
3501223,QKER CHW DPS CHO CHP 14CT     ,G6GN02              ,4,12,8.70,12.80,11.60,13.90
3503977,NTVL SS GRNLA BAR CSHW 12     ,G6GN04              ,6,12,6.25,16.00,10.00,10.00
3501178,POST FRUITY PEBBLES CUP       ,G6GN12              ,4,16,7.75,12.69,8.69,2.32
3505689,NTVL GRNL DK CH P/ALM 12C     ,G6GN14              ,5,12,6.25,16.00,10.00,10.00
3500923,NTVL SF BK BLBRY MFF 10CT     ,G6GN22              ,4,28,8.12,10.00,6.62,3.50
3505183,KELL FRST MN WHT LIL BITE     ,G6GN24              ,3,12,11.63,16.00,9.94,12.00
3504553,KELL POPTRT FRS CHRY 8CT      ,G6GN32              ,3,20,11.38,11.13,7.75,11.60
3503606,POST HONEYCOMB CEREAL         ,G6GN34              ,3,9,11.88,15.69,11.63,7.41
3500930,KELL POPTRT FRS CHRY 12CT     ,G6GN53              ,3,15,11.25,13.31,9.31,17.30
3501681,KELL RICE KRSPY TREAT 8CT     ,G6GN55              ,4,15,9.00,13.50,9.50,6.18
3502541,MOTTS APPLE FRUIT BARS        ,G6GN63              ,6,20,6.62,12.00,7.62,4.40
3501730,QKER CHEW GRNLA BAR 24CT      ,G6GN65              ,3,15,10.00,16.44,7.75,12.00
3500990,KELL POPTRT FRS SMOR 12CT     ,G6GN73              ,2,15,11.25,13.31,9.31,17.20
3500808,NTVL TRAIL MX DC CHRY 6CT     ,G6GN75              ,5,16,6.50,11.60,10.00,6.80
3504597,KELL CRISPIX LG CRL           ,G6GN83              ,3,9,13.13,16.00,13.33,11.23
3500760,NTVL PRTN SLTD CML NT 5CT     ,G6GN85              ,5,16,6.50,11.60,10.00,7.40
3500790,KELL POPTRT CKY CRM 12CT      ,G6GP02              ,2,15,11.25,13.31,9.31,17.20
3505989,KRO FRS STRW TSTR TR 12CT     ,G6GP04              ,2,13,11.75,13.56,9.25,18.80
3501982,NV SFT BKD SQR CIN 12CT       ,G6GP12              ,5,19,6.75,10.37,9.12,4.80
3502714,GMI REESES PUFFS TRTS 8CT     ,G6GP14              ,5,24,6.31,13.31,6.00,4.42
3504603,KELL RAISIN BRAN CEREAL       ,G6GP22              ,3,12,13.13,16.00,9.50,13.04
3500313,NTVL PRTN SLTD CRML 10CT      ,G6GP24              ,5,12,6.25,16.00,10.00,9.08
3515006,NTVL PNT BTR GRNL 12BRS       ,G6GP32              ,5,12,6.20,11.50,13.50,9.00
3502439,NTVL PB OATMEAL SQRE 12CT     ,G6GP34              ,4,25,9.10,10.20,8.44,4.80
3502904,NTVL CINN ALM GRAN BARS       ,G6GP53              ,6,16,6.12,11.95,10.19,6.50
3505530,NTVL CRNCHY PB GRNLA 24CT     ,G6GP55              ,3,16,8.87,12.00,9.62,8.47
3505849,NTVL PNUT BTR WFR BR 10CT     ,G6GP63              ,7,15,5.75,16.37,7.18,4.50
3507725,NATVAL OATS/HNY 12BRS         ,G6GP65              ,5,12,6.20,13.20,11.50,9.00
3501827,KELL POPTRT BWN SGR 32CT      ,G6GP73              ,7,35,5.69,6.81,7.75,3.64
3500681,NV CRCHY BR VRTY PK 24CT      ,G6GP75              ,4,16,8.80,9.60,12.00,8.20
3504614,KELL SPECL K VAN ALM          ,G6GP83              ,3,12,13.13,16.00,9.50,10.64
3500624,NTVL SW SLT NT GR BR 18CT     ,G6GP85              ,3,16,9.62,11.75,10.00,10.84
3504583,KELL POPTRT FRS STRW 8CT      ,G6GQ02              ,3,20,12.38,11.13,7.75,11.60
3504169,GM LUCKY CHARMS TRTS 8CT      ,G6GQ04              ,5,24,6.31,13.31,6.00,4.42
3500886,KELL POPTRT FRS BLBR 12CT     ,G6GQ12              ,3,15,11.25,13.31,9.31,17.30
3503001,KELL RCE KRSP 3FLV 52CT       ,G6GQ14              ,2,10,11.31,17.81,9.94,10.74
3504391,KELL POPTRT FRS BLBR 8CT      ,G6GQ22              ,3,20,11.38,11.13,7.75,11.60
3502150,NTVL CRS CRM WF BRS BLUBR     ,G6GQ24              ,5,25,7.12,11.12,6.50,3.50
3504630,KELL SPECIAL K CHOC DLT       ,G6GQ32              ,2,12,13.13,16.00,9.50,10.34
3504535,KELL COCOA KRISPIES           ,G6GQ34              ,3,12,11.88,15.50,9.94,10.30
3504047,QKER RSG CHO CHP GRNL 8CT     ,G6GQ53              ,4,15,7.20,11.90,10.50,6.80
3504371,CHEX MIX MUDDY BUDDY          ,G6GQ55              ,4,16,8.25,12.00,9.75,6.30
3506489,NTVL SW  SLT PNT 12CT         ,G6GQ63              ,6,12,6.25,16.00,10.00,10.00
3501369,KRO APPL CINN OTML 10CT       ,G6GQ65              ,4,8,8.63,19.44,10.69,13.70
3500598,NTVL SWT SLTY PNT GR 18CT     ,G6GQ73              ,3,16,9.62,11.75,10.00,10.84
3504659,NTVL CRNCHY OAT HNY GRNLA     ,G6GQ75              ,3,20,10.50,10.00,9.00,6.62
3502713,KELL RC KRSPS TRT MS 16CT     ,G6GQ83              ,3,15,9.38,13.38,9.63,6.13
3502672,GM GOLDEN GRAHAMS TRT 8CT     ,G6GQ85              ,3,24,6.31,13.31,6.00,5.05
3505745,GM CEREAL BREAKFST PK 8CT     ,G6GR02              ,3,12,10.62,16.00,10.00,7.10
3506482,NTVL CRPY CRMY PB CHO 5CT     ,G6GR04              ,5,25,7.12,11.12,6.50,3.50
3505869,KELL POPTRT CY SB TP 32CT     ,G6GR12              ,6,35,5.44,6.63,7.63,3.81
3598441,THREE WISHES CINNM CEREAL     ,G6GR14              ,3,18,12.75,10.94,7.63,3.23
3598633,CASDN FRM VAN ALMD GRNLA      ,G6GR22              ,3,28,9.50,10.00,6.81,3.50
3502758,NTVL SMORES LNCHBX BR 5CT     ,G6GR24              ,5,16,6.60,11.93,10.06,5.17
3502068,KRO PB CHOC PUFF CEREAL       ,G6GR32              ,3,10,11.75,16.06,11.13,10.21
3502298,NTVL SWT SLT CHOC TURTLE      ,G6GR34              ,5,20,7.18,11.75,8.00,4.00
3500089,GM TRIX                       ,G6GR53              ,3,9,11.80,15.60,12.80,11.10
3505688,NTVL FRT N NT TRL MX 12CT     ,G6GR55              ,5,12,6.25,16.00,10.00,10.00
3500571,QUAKER INST OATM APL CINN     ,G6GR63              ,3,10,10.31,18.06,10.06,18.84
3502867,NTVL BCC SFT BAKED BB 5CT     ,G6GR65              ,4,25,8.12,11.00,6.62,4.00
3502250,NATVAL SWT/SLT ALM BR 6CT     ,G6GR73              ,5,16,6.30,11.50,10.00,7.00
3594609,GHOST PROTEIN COOKIE DOUG     ,G6GR75              ,6,8,5.87,19.62,12.06,15.95
3500629,NATVAL SWT/SLT CH ALM 6CT     ,G6GR83              ,5,16,6.50,11.60,10.00,7.30
3598763,THREE WISHES COCOA CERAEL     ,G6GR85              ,3,18,12.75,10.94,7.63,3.23
3502582,KRO CRUNCHY RASIN BRAN        ,G6GS02              ,3,9,12.94,15.94,13.31,16.80
3502125,MOTTS STRAWBERRY BARS         ,G6GS04              ,5,20,6.62,12.00,7.62,4.40
3506070,FIBER 1 70CAL.CHO FDG12CT     ,G6GS12              ,5,19,6.75,10.37,9.12,4.20
3505559,FIBER 1 90CAL CIN CCK12CT     ,G6GS14              ,5,19,6.87,10.33,9.18,5.75
3595311,GHOST PRTN CHOC PNTBTR BR     ,G6GS22              ,6,8,5.87,19.62,12.06,19.80
3502487,CHEERIOS CHC PB PRTN BARS     ,G6GS24              ,4,24,7.87,11.75,6.43,4.30
3503477,GM FIBER 1 HONEY CLUSTER      ,G6GS32              ,3,18,12.43,12.87,8.00,8.60
3585891,STO APL CIN INST OAT 10CT     ,G6GS34              ,4,12,8.63,13.13,10.69,8.28
3502678,KRO CHRRY TSTR TRT 12CT       ,G6GS53              ,3,13,11.75,13.56,9.25,19.00
3502638,CARN BRK ESN STRWBRY 10CT     ,G6GS55              ,7,15,6.85,15.40,8.05,6.29
3504380,GM CHEERIOS GRANOLA           ,G6GS63              ,3,28,9.50,10.00,6.81,3.20
3595778,GHOST PRTN CHOC CRML BAR      ,G6GS65              ,6,8,6.00,19.62,12.06,15.90
3501874,QKER CHW GRNLA BAR 18CT       ,G6GS73              ,3,10,10.00,18.56,14.81,13.68
3504057,QKER CHW PB CCHP GRNL 8CT     ,G6GS75              ,4,15,7.20,11.90,9.80,6.80
3503052,NATVAL SWT/SLT CSHW 6CT       ,G6GS83              ,5,16,6.30,11.50,10.00,7.30
3595861,KSHI GL CRUNCH CEREAL         ,G6GS85              ,3,12,13.31,11.00,12.00,13.40
3568514,BAKERY PECAN PIECES           ,G6GT22              ,3,8,10.25,17.63,11.88,1.24
3502928,KELL CORN POPS                ,G6GT24              ,3,9,13.13,16.00,13.33,11.60
3501664,KELL POPTRT STWBY FP 32CT     ,G6GT32              ,7,35,5.69,6.81,7.75,3.64
3505541,NTVL SB CHC CHIP MUF 10CT     ,G6GT34              ,5,28,8.12,10.00,6.62,3.50
3505725,NTVL PRTN PB DK CHOC 10CT     ,G6GT53              ,6,12,6.20,16.00,10.00,9.10
3502170,NTVL PRTN PNB DRK CHO 5CT     ,G6GT55              ,5,16,6.50,11.60,10.00,7.30
3501128,KELL RC KRSP TT SQ RB 8CT     ,G6GT63              ,4,15,9.00,13.50,9.50,5.76
3504048,QKER CHW DPS CHOC CHP 6CT     ,G6GT65              ,4,16,6.30,11.90,9.80,6.60
3503711,ARMR LARD                     ,G6HA02              ,5,7,7.13,19.81,13.31,26.50
3502806,JRTO PINEAPPLE 4PK            ,G6HA12              ,5,12,10.40,15.25,10.25,33.00
3501670,JRTO VARIETY 12PK             ,G6HA73              ,5,24,11.13,10.00,7.88,16.68
3500963,VISVITA ALOE VERA JUICE       ,G6HA83              ,4,15,8.20,12.00,9.50,26.00
3504886,JUFD MENUDO                   ,G6HB02              ,9,10,4.25,16.00,12.25,22.60
3594550,LACROIX KEY LM SPRKL 8PK      ,G6HB53              ,10,10,4.90,16.10,10.75,20.00
3503651,LA CSTA HOT SCE TRTL CHPS     ,G6HC02              ,4,6,15.00,16.80,15.75,8.00
3504921,JUFD MENUDO                   ,G6HC53              ,6,8,6.00,18.50,12.50,43.80
3504512,123 VEGETABLE OIL             ,G6HC63              ,4,14,11.00,13.75,10.25,24.80
3503510,CHLA HOT SAUCE                ,G6HC73              ,4,17,9.06,8.68,11.48,18.50
3501849,VLNTA RED HOT SAUCE           ,G6HC83              ,5,11,10.50,14.00,10.00,39.20
3581659,LA CROIX SPRKL LMNCLLO 8P     ,G6HD02              ,10,10,4.90,16.10,10.75,20.00
3504676,JUFD HOT SPICY MENUDO         ,G6HD12              ,6,8,6.30,19.10,12.60,41.80
3505357,MASA BROSA CORN FLOUR         ,G6HD22              ,5,10,9.25,15.00,11.25,32.06
3503067,DELLRS MARSHMALLOWS           ,G6HD32              ,5,10,11.02,16.14,10.20,12.00
3501311,JUFD HOMINY                   ,G6HD53              ,6,8,7.00,18.50,12.60,43.80
3504330,MSCA TRADTIONL CORN FLOUR     ,G6HD63              ,5,9,10.50,22.20,14.10,42.10
3598010,SANPEL WTR GLSS BTL 8PK       ,G6HD73              ,5,28,10.40,11.35,5.85,14.68
3502736,MSCA TORT CORN MASA FLOUR     ,G6HD83              ,5,9,9.20,18.50,11.50,35.20
3504229,MSCA AMARILLO                 ,G6HF02              ,6,15,7.25,17.00,8.50,21.30
3505762,RICO GOURMT NACHO CHS SCE     ,G6HF12              ,7,7,7.50,18.50,12.60,47.00
3598012,PERRIER SPRKLNG WTR 4PK       ,G6HF22              ,8,9,7.65,17.05,11.54,30.18
3504723,RSTA REFRIED BEANS            ,G6HF32              ,11,8,5.00,17.75,11.83,26.00
3590659,JRTO GRAPEFRUIT SODA          ,G6HF53              ,5,12,10.40,15.40,10.10,32.70
3504331,MSCA TAMALES CORN FLOUR       ,G6HF63              ,5,9,9.50,18.00,11.00,42.80
3504413,MSCA CORN FLOUR               ,G6HF73              ,9,7,4.00,20.00,13.00,25.00
3581659,LA CROIX SPRKL LMNCLLO 8P     ,G6HF83              ,10,10,4.90,16.10,10.75,20.00
3500547,RICO AGED CHEDDR CHSE SCE     ,G6HG02              ,4,7,7.00,19.00,12.00,47.00
3504330,MSCA TRADTIONL CORN FLOUR     ,G6HG12              ,5,9,10.50,22.20,14.10,42.10
3504818,LAMOR SLICED JALAPENOS        ,G6HG22              ,10,9,4.72,16.33,12.36,22.50
3504260,LACOST SLCD JALAPENO PPRS     ,G6HG32              ,4,7,7.00,18.50,12.50,42.40
3505263,JUFD WHITE HOMINY             ,G6HG53              ,6,8,7.20,18.80,12.25,43.70
3502370,JARRITOS MANDARIN 4PK         ,G6HG63              ,5,12,10.40,15.25,10.25,33.00
3504369,JUMEX PINAPLE NECTR TETRA     ,G6HG73              ,3,15,10.00,13.00,9.75,34.80
3591505,JARRITOS SENORIAL SANGRIA     ,G6HG83              ,5,22,9.40,10.27,7.63,15.70
3500638,OEP SNS TACO SHELLS 10CT      ,G6HH02              ,5,9,6.50,14.50,13.30,5.40
3595808,JRTO MANDARIN ZS SODA         ,G6HH12              ,5,12,9.40,15.40,10.10,32.70
3504448,TPTO HOT PICANTE SALSA        ,G6HH22              ,5,10,10.00,14.50,11.00,38.40
3510100,GARCIA HOT SALSA              ,G6HH32              ,7,14,5.50,13.00,10.00,20.00
3505058,MATEOS GOURMT HATCH CHILI     ,G6HH53              ,4,25,5.20,9.80,6.80,9.50
3506125,CHLA EXTRA HOT SAUCE          ,G6HH63              ,5,37,8.06,8.00,6.13,8.97
3504529,LACOST GREEN MEX SAUCE        ,G6HH73              ,5,15,6.69,12.50,9.50,18.10
3582253,CAJUN BLAST GARLIC BUTTER     ,G6HH83              ,4,25,9.80,9.00,7.40,8.12
3501852,TJNO MILD SALSA               ,G6HJ02              ,6,14,5.70,12.50,9.50,20.00
3504509,JRTO PINEAPPLE SODA           ,G6HJ12              ,5,15,13.60,16.20,8.00,26.11
3502958,JRTO STRAWBERRY SODA          ,G6HJ22              ,5,15,13.00,16.20,8.00,27.50
3504476,JRTO MANDARINA SODA           ,G6HJ32              ,5,15,13.75,16.20,8.25,27.20
3504477,JRTO TAMARINDO SODA           ,G6HJ53              ,5,15,13.75,15.75,8.25,26.13
3505234,LACOST MEXICAN HOT SAUCE      ,G6HJ63              ,4,20,7.50,11.50,7.50,16.50
3500675,JRTO SENORIAL SNGRIA DRNK     ,G6HJ73              ,5,15,13.50,15.00,7.75,26.15
3504479,JRTO LIME SODA                ,G6HJ83              ,5,15,13.75,16.20,8.25,26.13
3500312,JRTO SDRL MNDET APL SODA      ,G6HK02              ,5,15,13.80,15.00,10.00,27.20
3502371,SDRL MNDT AP SD 4/12FO PK     ,G6HK12              ,5,12,9.50,14.57,9.64,33.50
3502777,VER VL LONG GRAIN RICE        ,G6HK22              ,6,10,7.80,14.50,15.00,26.10
3598013,SAN PEL SPRING WATER 6PK      ,G6HK32              ,8,15,7.19,9.25,14.00,22.40
3505742,AMOR BLK LBL HOT SAUCE        ,G6HK53              ,3,14,11.00,12.50,9.88,29.00
3510096,PACE CHUNKY MED SALSA         ,G6HK63              ,7,11,7.50,14.30,10.50,30.00
3503719,ARMR LARD                     ,G6HK73              ,8,9,6.00,16.69,11.44,26.40
3555506,CASSEROLE PINTO BEANS         ,G6HK83              ,8,13,6.75,15.75,9.75,23.11
3503061,ELPATO JALAPENO SAUCE         ,G6HL02              ,10,10,3.00,22.06,8.70,15.00
3500783,LABOT CHAMOY MEGA             ,G6HL12              ,5,14,11.50,12.50,9.50,26.70
3504210,LACOST NOPALITOS              ,G6HL22              ,5,10,7.50,15.70,10.00,31.20
3504228,LACOST NACHO JLPNO GLS JR     ,G6HL32              ,4,10,8.75,15.00,9.75,33.12
3501890,VLNTA XHT SLSA PCNT HT SC     ,G6HL53              ,6,10,8.00,14.00,10.00,32.00
3504926,HERDEZ SALSA VERDE            ,G6HL63              ,5,10,9.50,15.50,9.00,27.60
3501549,WHTABRG SPICY JLPN RNCH       ,G6HL73              ,5,30,7.31,7.38,7.38,6.30
3504227,LACOST MEXICAN HOT SAUCE      ,G6HL83              ,4,20,7.20,12.50,8.70,15.10
3504713,JUMEX PRISM GUAVA             ,G6HM02              ,4,16,8.25,14.63,7.73,29.10
3500294,EMBS CHIPOTLE PEPPERS         ,G6HM04              ,3,18,3.00,11.00,8.20,7.00
3504409,JUMEX MINI BRK STRWBN 3PK     ,G6HM12              ,7,21,5.10,13.10,6.40,11.20
3500474,OEP MLD GRN ENCHILADA SCE     ,G6HM14              ,7,20,4.50,11.00,8.30,9.50
3504502,JUMEX MANGO NECTAR            ,G6HM22              ,4,16,8.20,14.60,7.80,27.50
3505750,HERDEZ MILD SALSA VERDE       ,G6HM32              ,8,15,6.40,12.40,9.20,18.50
3504497,JUMEX STRAW BANANA NECTAR     ,G6HM53              ,4,16,12.00,14.60,7.80,27.50
3504366,JUMEX MANGO NECTAR            ,G6HM63              ,3,15,10.00,12.75,9.50,34.10
3504532,LAMDRN VERMICELLI PASTA       ,G6HM73              ,5,18,6.50,15.50,6.50,9.12
3502507,ISADORA REFRIED BLK BEANS     ,G6HM75              ,4,28,7.95,10.24,6.54,8.20
3504243,JUMEX PEACH NECTAR            ,G6HM83              ,7,10,5.00,16.00,10.50,18.60
3504324,LAMDRN MACARONI               ,G6HM85              ,4,15,7.00,12.00,8.00,8.80
3504242,JUMEX MANGO NECTAR            ,G6HN02              ,7,10,5.00,16.00,10.50,18.60
3505963,KYLITO ROASTED SALSA          ,G6HN04              ,3,28,5.60,9.75,6.75,9.90
3504360,JUMEX STRAW BANANA NECTAR     ,G6HN12              ,7,10,5.00,16.00,10.50,18.60
3502471,ISADORA TRAD RFRD BEAN        ,G6HN14              ,4,28,7.95,10.24,6.54,8.20
3504912,JUMEX COCONUT PINEAPPLE       ,G6HN22              ,7,10,4.63,16.00,10.63,19.80
3591869,BULDAK CHEESE CUP             ,G6HN24              ,6,20,4.53,12.01,8.15,2.05
3501855,VLNTA RED HOT SAUCE           ,G6HN32              ,4,10,7.50,16.40,11.00,29.30
3504282,LAMDRN FIDEO PASTA            ,G6HN34              ,6,18,5.80,15.40,6.50,8.14
3504238,JUMEX GUAVA NECTAR            ,G6HN53              ,7,10,5.00,16.70,11.00,18.70
3505753,LASIER PNT BEAN FT FR PCH     ,G6HN55              ,5,34,7.90,9.60,5.50,8.27
3504239,JUMEX APPLE NECTAR            ,G6HN63              ,7,10,5.00,16.70,11.00,18.80
3504294,LAMDRN STARS PASTA            ,G6HN65              ,5,18,5.50,12.00,8.00,8.60
3504397,JUMEX GVA STWBRY BAN 12PK     ,G6HN73              ,7,21,5.10,15.60,5.30,9.30
3504295,LAMDRN ALPHABET LETRAS        ,G6HN75              ,6,18,5.00,11.50,8.00,8.60
3504232,JUMEX MNG PCH FP 12PK         ,G6HN83              ,7,21,5.10,15.60,5.10,9.40
3505751,LASIER PNT BN W/CHORZO PH     ,G6HN85              ,4,34,7.90,9.60,5.50,8.27
3504407,JUMEX MINI BRIK PEACH 3PK     ,G6HP02              ,6,21,5.10,13.10,6.40,11.20
3500252,LAMDRN MARIAS COOKIE ROLL     ,G6HP04              ,3,16,10.00,9.00,11.00,8.40
3504404,JUMEX MINI BRIK MANGO 3PK     ,G6HP12              ,6,21,5.10,13.10,6.40,11.40
3506065,SRAPE TRTS PREM CHAMOY        ,G6HP14              ,5,12,5.00,10.00,10.00,7.00
3504736,RSTA NF REFRIED BEANS         ,G6HP22              ,7,8,4.50,18.00,12.00,28.00
3506578,LAMDRN MELON SEEDS            ,G6HP24              ,5,18,5.50,13.75,6.00,8.13
3503062,ELPATO HOT TOMATO SAUCE       ,G6HP32              ,10,10,2.80,16.50,11.00,15.20
3501250,OEP CREAMY QUESO SAUCE        ,G6HP34              ,4,45,7.00,8.62,4.50,5.40
3504395,DONA MR NOPALITOS             ,G6HP53              ,6,15,5.25,11.75,8.75,17.10
3504870,PACE PRT BWL QSO BLNC DP      ,G6HP55              ,14,12,2.50,17.00,8.50,6.48
3504526,TPTO HOT SALSA PICANTE        ,G6HP63              ,5,20,7.30,12.00,8.00,15.14
3503660,LA CSTA MILD HOT SAUCE        ,G6HP73              ,6,15,5.50,10.00,13.00,22.00
3504262,LACOST SLCD JALAPENO PPRS     ,G6HP83              ,7,9,5.00,16.50,12.00,24.20
3504441,LACOST JLPNO STFD GRN OLV     ,G6HP85              ,3,18,4.10,11.00,8.50,8.60
3504538,JUFD MEATBALL SOUP            ,G6HQ02              ,9,10,4.20,16.30,12.20,22.60
3506014,KRO CLNTRO LME ST TACO SC     ,G6HQ04              ,3,63,6.88,6.25,4.19,4.60
3504528,JUFD MEXICAN STLYE HOMINY     ,G6HQ12              ,9,10,4.50,16.25,12.00,20.70
3504304,LAMDRN SPAGHETTI              ,G6HQ22              ,7,12,4.10,13.60,11.00,19.60
3584097,CAJUN BLAST HOT  SPICY        ,G6HQ24              ,3,25,9.75,9.00,7.25,8.11
3501853,TJNO MEDIUM SALSA             ,G6HQ32              ,6,11,5.70,12.50,9.50,20.00
3504225,LACOST WHOLE BLACK BEANS      ,G6HQ53              ,8,12,4.70,14.00,10.20,16.20
3504216,LACOST RED MOLE               ,G6HQ63              ,6,17,5.60,10.60,8.00,11.13
3503684,LA CSTA MEDIUM HOT SAUCE      ,G6HQ73              ,6,15,5.50,10.00,13.00,22.00
3505465,TXSTXS RST ADDIC MED SLSA     ,G6HQ83              ,7,28,5.20,10.00,7.60,9.90
3502834,VER VL BEANS PINTO            ,G6HR02              ,7,9,5.24,18.78,9.33,24.40
3510120,PACE HOT PICANTE SAUCE        ,G6HR12              ,3,11,7.30,14.50,10.40,26.90
3500536,JUFD PICO PICA HOT SAUCE      ,G6HR22              ,3,59,8.00,6.68,8.75,11.30
3504226,LACOST REFRIED BLACK BEAN     ,G6HR32              ,8,12,4.70,14.00,10.20,16.70
3504221,LACOST REFRIED PINTO BEAN     ,G6HR53              ,8,12,4.70,14.00,10.20,16.60
3504411,LAMDRN SPAGHETTI              ,G6HR55              ,8,20,3.50,12.00,8.00,8.10
3504426,JUFD CHICKEN PZLE RED CHL     ,G6HR63              ,8,10,4.20,16.30,12.20,22.60
3504559,NIDO KINDER 2                 ,G6HR73              ,6,9,6.10,16.75,10.55,14.10
3504301,LAMDRN SHELLS PASTA           ,G6HR75              ,5,15,7.00,17.00,7.50,8.80
3500164,LASIER RFD PINTO BEAN PCH     ,G6HR83              ,4,34,7.80,14.96,5.51,11.52
3504823,PACE SLSA CON QUSO DP BWL     ,G6HR85              ,14,12,2.50,17.00,8.50,6.48
3504220,LACOST WHOLE PINTO BEANS      ,G6HS02              ,7,12,4.70,14.00,10.20,16.30
3504296,LAMDRN SMALL ELBOW PASTA      ,G6HS04              ,5,18,5.50,12.00,8.00,8.80
3504687,JUFD HOT SPICY MENUDO         ,G6HS12              ,9,10,4.20,16.30,12.20,22.60
3505436,ORTG MEDIUM TACO SAUCE        ,G6HS22              ,4,15,8.00,10.10,12.70,22.80
3504231,LACOST SLCD PICKLD CARROT     ,G6HS24              ,10,14,3.25,13.60,10.25,11.12
3593323,TAJN SNACK SAUCE REGULAR      ,G6HS32              ,4,18,8.50,10.75,8.25,13.87
3505891,CHEX MIX SPICY DILL           ,G6HS34              ,3,12,8.31,13.00,12.00,6.88
3503959,MATEOS TACO SSNG MILD         ,G6HS53              ,6,64,6.50,5.75,4.50,2.95
3504256,LACOST WHOLE JALPNO PEPPR     ,G6HS63              ,7,9,4.75,16.00,12.00,22.70
3504709,JUMEX APRICOT NECTAR          ,G6HS73              ,7,10,5.00,16.75,11.00,24.00
3505884,CHEX MIX BOLD TUB             ,G6HS75              ,3,16,8.56,11.00,10.00,6.80
3503323,ISADORA REFRIED PERUANOS      ,G6HS83              ,4,28,7.99,9.84,6.14,8.02
3505874,CHEX MIX MDY BDY OREO MX      ,G6HS85              ,3,16,8.25,12.00,9.75,6.30
3504934,LASIER WHOLE BLACK BEANS      ,G6HT22              ,8,11,4.72,13.50,10.43,16.30
3505872,CHEX MIX TRADITIONAL TUB      ,G6HT24              ,3,16,8.56,11.00,10.00,6.80
3505763,HELL ON RED HOT PARTY DIP     ,G6HT32              ,6,14,5.00,13.50,10.50,19.00
3505748,LASIER RFRIED BLACK BEANS     ,G6HT34              ,4,34,7.90,9.60,5.50,8.27
3504212,LACOST HMSTYLE MEX SALSA      ,G6HT53              ,6,15,6.69,9.00,12.00,18.20
3505812,LPLM RED CHILE SAUCE          ,G6HT63              ,6,10,6.75,11.75,8.80,20.00
3505844,GARDETTOS ORGNL MIX TUB       ,G6HT65              ,3,12,8.00,15.00,9.75,9.15
3506597,PACE MEDIUM SALSA             ,G6JA12              ,5,10,11.19,17.06,8.63,26.60
3504305,LAMDRN ELBOW NOODLE           ,G6JA73              ,5,10,7.50,17.00,13.00,19.70
3506382,KRO MEDIUM SALSA              ,G6JA83              ,6,15,7.20,11.75,9.00,20.50
3505755,EL CHLR MNGO CHAMOY SALSA     ,G6JB02              ,5,14,10.67,13.70,10.04,30.54
3515422,QKER MASA HRNA CRN TRT MX     ,G6JB12              ,6,10,8.10,15.70,11.70,34.50
3506599,PACE MEDIUM PICANTE SAUCE     ,G6JB22              ,5,10,11.19,17.06,8.63,26.60
3502705,LPLM ORIG ENCHILADA SAUCE     ,G6JB32              ,10,10,4.70,16.20,12.20,25.50
3510102,PACE CHUNKY MILD SALSA        ,G6JB53              ,7,11,7.50,14.00,10.50,30.00
3502662,LPLM GRN CHLE ENCHLDA SCE     ,G6JB63              ,8,10,4.70,16.20,12.20,25.50
3504924,HERDEZ MEDIUM SALSA           ,G6JB73              ,5,10,9.60,15.80,9.30,27.00
3506600,PACE CHUNKY MILD SALSA        ,G6JB83              ,5,10,11.19,17.06,8.63,26.60
3506621,PACE MILD PICANTE SAUCE       ,G6JC02              ,5,10,11.19,17.06,8.63,26.60
3506865,CLJC WHOLE JALAPENOS          ,G6JC12              ,9,10,4.80,16.69,12.40,23.80
3505439,ORTG MILD TACO SAUCE          ,G6JC22              ,6,15,8.00,10.10,12.70,22.80
3500178,BDCC WAFER STRAWBERRY         ,G6JC32              ,9,20,7.16,9.61,8.78,7.30
3593336,TAJN CLASICO SEASONING        ,G6JC53              ,3,18,9.20,15.40,10.80,24.30
3506793,KRO THCK  CHNKY MLD SLSA      ,G6JC63              ,9,11,5.00,14.25,10.75,19.00
3504375,JUFD POZOLE                   ,G6JC73              ,9,10,4.20,16.30,12.20,22.60
3501365,NTRI SOYBEAN OIL              ,G6JC83              ,5,15,10.62,14.17,7.87,24.53
3500255,2 SISTERS FIESTA SALSA        ,G6JD02              ,7,25,4.63,10.38,7.00,9.80
3591493,JRTO MANDARINA SODA           ,G6JD12              ,5,22,9.40,10.27,7.63,16.20
3504246,POST HONEY BUNCHES            ,G6JD22              ,4,12,12.88,14.81,10.13,11.54
3506863,LASIER WHOLE PINTO BEANS      ,G6JD32              ,6,12,4.72,14.57,10.43,17.20
3505827,MZNA CORN STARCH              ,G6JD53              ,4,9,9.00,14.06,13.00,24.30
3506183,ONBRDR MILD SALSA             ,G6JD63              ,7,15,6.50,14.00,6.88,17.60
3500173,123 CORN OIL                  ,G6JD73              ,4,14,11.02,13.78,10.24,26.40
3500825,KRO MONTEREY JACK QUESO       ,G6JD83              ,10,22,4.30,10.75,7.30,9.60
3501770,WHTABRG CLSC HONEY MSTRD      ,G6JF02              ,6,30,7.31,7.38,7.38,6.90
3510097,PACE CHUNKY MED SALSA         ,G6JF12              ,7,15,6.40,12.50,9.30,21.00
3504487,TPTO HOT SALSA PICANTE        ,G6JF22              ,4,24,8.50,10.00,7.50,14.30
3510111,PACE CHUNKY MILD SALSA        ,G6JF32              ,6,15,6.30,12.60,9.60,19.50
3502540,KELL FROSTED FLAKES CHOCL     ,G6JF53              ,4,9,11.75,16.00,13.00,11.46
3506381,KRO MILD SALSA                ,G6JF63              ,6,15,6.75,11.75,9.00,20.10
3501219,VLNTA X HOT PICANTE SALSA     ,G6JF73              ,5,11,10.00,14.00,10.00,42.00
3505475,KYLITO GENTLE SALSA           ,G6JF83              ,8,28,5.70,9.80,6.80,10.00
3591880,BULDAK ORIGINAL SAUCE         ,G6JG02              ,5,16,6.81,12.40,8.46,12.43
3505586,RLMN 100% LEMON JUICE         ,G6JG12              ,5,14,10.50,13.50,10.00,24.10
3503686,LA CSTA XTRA HOT CALIENTE     ,G6JG22              ,6,15,5.50,10.00,13.00,22.00
3502946,LACOST GREEN TOMATILLO        ,G6JG32              ,7,9,4.50,16.00,12.50,23.60
3501494,505 STWST MED RST GRN CHL     ,G6JG53              ,5,17,9.20,11.70,6.56,21.00
3505775,HERDEZ ROASTD SALSA VERDE     ,G6JG63              ,8,15,6.50,12.30,8.70,18.53
3591881,BULDAK CARBO SAUCE            ,G6JG73              ,5,16,6.81,12.40,8.46,12.43
3506383,KRO HOT SALSA                 ,G6JG83              ,5,15,7.00,12.00,9.00,19.90
3500390,LAMOR WHOLE JALAPENOS         ,G6JH02              ,10,16,4.72,12.40,8.07,12.80
3594278,KRO ORNG MANGO FIZZ 12PK      ,G6JH12              ,5,25,9.21,9.56,7.24,14.70
3503646,SANMRC SLICED JALPENO PPR     ,G6JH22              ,9,10,4.75,16.25,12.00,24.12
3501732,WHTABRG BUFFALO SAUCE         ,G6JH32              ,6,30,7.31,7.38,7.38,7.00
3505764,HELL ON RED MLD PARTY DIP     ,G6JH53              ,6,14,5.50,13.00,10.00,19.00
3504949,LPLM MLD GRN ENCHLDA SCE      ,G6JH63              ,10,10,4.70,16.20,12.20,25.50
3506792,KRO THCK  CHNKY MED SLSA      ,G6JH73              ,9,11,5.00,14.25,10.75,19.00
3504233,JUMEX PINEAPPLE NECTAR        ,G6JH83              ,7,10,5.00,16.70,11.00,24.00
3505275,HERDEZ MLD GUACMLE SALSA      ,G6JJ02              ,7,15,6.40,12.40,9.20,18.28
3594442,KRO BLK RASPBRY FIZZ 12PK     ,G6JJ12              ,5,25,9.21,9.56,7.24,14.70
3597325,KRO BK CHERRY COLA ZERO       ,G6JJ22              ,4,16,12.00,13.38,8.88,27.50
3595217,TAJN CHAMOY SNACK             ,G6JJ32              ,6,18,9.13,11.22,8.26,13.87
3505953,TACOBL VERDE SALSA            ,G6JJ53              ,4,30,7.50,9.00,6.63,11.00
3591490,JARRITOS SIDRAL MUNDET        ,G6JJ63              ,5,22,9.44,10.00,7.50,16.20
3591491,JARRITOS PINEAPPLE            ,G6JJ73              ,5,22,9.40,10.27,7.63,16.20
3591504,JARRITOS LIME                 ,G6JJ83              ,5,22,9.40,10.38,7.75,17.00
3591495,JARRITOS FRUIT PUNCH          ,G6JK12              ,5,22,9.40,10.27,7.63,16.20
3591501,JRTO TAMARINDO                ,G6JK22              ,5,22,9.40,10.27,7.63,16.20
3504354,JUMEX GUANABANA NECTAR        ,G6JK32              ,10,10,5.00,16.25,10.25,18.70
3591878,BULDAK CARBO TOPOKKI          ,G6JK63              ,5,8,8.35,20.94,10.87,8.70
3591864,SMYNG BLDK HT CHICKEN RMN     ,G6JK73              ,4,9,10.63,15.55,12.40,14.20
3506114,WHTABRG SPICY KETCHUP         ,G6JK83              ,6,16,7.44,9.19,11.25,16.90
3594317,KRO LEMONADE FIZZ 12PK        ,G6JL12              ,5,25,9.21,9.56,7.24,14.70
3598087,MSN PRR SPRK PET 12PK         ,G6JL22              ,5,18,9.05,11.40,8.55,14.40
3501654,WHTABRG 1 KND CRMY PPR SC     ,G6JL32              ,5,30,7.31,7.38,7.38,6.70
3591876,BULDAK ORGNL TOPOKKI          ,G6JL53              ,4,8,8.35,20.94,10.87,8.91
3591405,ST POM CRAN SLTZ WTR 8PK      ,G6JL63              ,8,13,6.30,14.10,9.50,20.88
3502221,KERNS MANGO NECTAR            ,G6JL73              ,10,10,5.25,16.25,10.69,18.10
3505778,HERDEZ SALSA VERDE            ,G6JL83              ,8,15,6.50,12.30,8.70,27.00
3504968,CLINT HOT TEXAS SALSA         ,G6JM22              ,6,28,5.00,9.80,6.75,12.00
3505106,TACOBL HOT SAUCE              ,G6JM32              ,6,30,7.50,9.00,6.63,11.00
3505361,GEBH REFRIED BEANS            ,G6JM53              ,11,8,5.00,18.00,12.00,27.70
3501665,KRO TRADITIONAL MED SALSA     ,G6JM63              ,6,11,6.88,14.25,10.75,28.70
3505184,ZULKA SUGAR                   ,G6KM02              ,7,8,5.50,22.00,10.00,38.60
3501667,RSTA TRAD REFRIED BEANS       ,G6KM12              ,11,8,4.80,16.10,12.30,25.50
3502759,VER VL MAYO COBA BEANS        ,G6KN02              ,10,10,4.50,19.00,9.70,24.30
3504881,PACE QSO BWL JLPN PPR DP      ,G6KN12              ,19,12,2.50,17.00,8.50,6.48
3504493,ZULKA MEXICAN CANE SUGAR      ,G6KN22              ,10,12,5.00,16.00,9.50,19.10
3510124,PACE MILD PICANTE SAUCE       ,G6KN32              ,6,15,6.10,12.80,9.50,21.00
3504893,LASIER REFRIED PINTO BN       ,G6KP12              ,7,11,4.72,13.75,10.00,17.40
3502897,ORTG MILD TACO SAUCE          ,G6KP22              ,7,26,6.50,9.50,8.00,12.60
3504506,LACOST NACHO JALAPENO PPR     ,G6KP32              ,8,16,5.50,13.75,8.50,17.20
3501940,LACOST WHT HOMNY MXCN STY     ,G6KQ02              ,7,7,7.87,18.50,12.50,49.00
3506135,WHTABRG FNCY KETCHUP          ,G6KQ12              ,6,16,7.44,9.19,11.25,16.90
3501586,KRO TRADITIONL MILD SALSA     ,G6KR02              ,6,11,6.88,14.25,10.75,28.70
3505442,KYLITO HABNERO SALSA          ,G6KR12              ,8,28,6.00,9.00,6.00,10.00
3506002,MATEOS GOURMET HOT SALSA      ,G6KR22              ,8,25,7.75,8.75,6.00,9.50
3505289,MATEOS GRMT TACO MLD SCE      ,G6KR32              ,6,43,7.00,7.75,5.50,6.80
3504931,LACOST CHARRO BEANS           ,G6KS02              ,8,12,4.50,13.70,10.20,15.90
3502544,WHATABURGER SPICY K           ,G6KS12              ,5,16,10.81,7.31,9.06,17.00
3505204,TACOBL FIRE SAUCE             ,G6KS22              ,6,30,7.50,9.00,6.63,11.00
3591874,BULDAK CRBNRA CUP             ,G6KS32              ,7,20,4.53,12.01,8.15,2.18
3505247,GMSA MARIA VAN COOKIES        ,G6KT12              ,3,10,14.20,17.60,9.50,19.00
3503791,PACE RSTRT STYL MED SALSA     ,G6KT22              ,7,15,6.30,12.80,9.60,20.10
3510101,PACE MILD PICANTE SAUCE       ,G6KT32              ,7,11,7.00,16.00,10.50,26.60
3505999,MATEOS GOURMET MILD SALSA     ,G6KU02              ,8,25,6.75,8.75,6.00,9.50
3501491,505 TMTL GRL GRN CHL SLSA     ,G6KU12              ,5,17,9.20,11.70,6.56,21.00
3505478,KYLITO MED CHNK GRLC SLSA     ,G6KU22              ,8,28,5.50,9.80,6.75,10.00
3504313,LACOST NACHO JALAPENO PPR     ,G6KU32              ,7,7,7.00,18.75,12.50,43.70
3505729,MATEOS GRMT SLS M CNTN ST     ,G6KV02              ,8,25,5.20,9.80,6.80,9.75
3501472,OEP SNS TACO DINNER KIT       ,G6KV12              ,8,8,6.18,18.31,12.00,8.40
3501628,TAJN CLASSIC SEASONING        ,G6KV22              ,8,45,8.00,5.31,8.70,4.08
3501856,TJNO MEDIUM SALSA VERDE       ,G6KV32              ,4,11,5.70,12.50,9.50,20.00
3504327,LAMDRN FIDEO COIL PASTA       ,G6KW02              ,6,15,7.50,11.50,10.50,8.20
3591877,SMYNG BLDK SPC CHCK RMN       ,G6KW12              ,12,9,3.82,11.42,16.93,2.78
3505218,MATEOS TACO HOT SAUCE         ,G6KW32              ,6,43,7.00,7.75,5.50,6.80
3500080,BDCC COCONUT WAFERS           ,G6KX22              ,9,20,7.16,9.61,8.78,7.30
3591868,BULDAK ORGINL CUP             ,G6KX32              ,7,20,4.53,12.01,8.15,2.05
3504258,LACOST SLCD JALAPENO PPRS     ,G6LA02              ,11,10,3.10,16.30,11.70,14.70
3504255,LACOST WHOLE JALPNO PEPPR     ,G6LA04              ,7,14,3.30,13.80,10.20,11.30
3500069,OEP ENCHILDA BAKE DNR KIT     ,G6LA12              ,3,15,11.00,16.00,10.00,13.30
3509425,ORTG DICED JALAPENO PEPRS     ,G6LA14              ,6,22,4.13,10.88,8.25,9.70
3503530,CLRLN CONCENTRATE BLEACH      ,G6LA73              ,5,7,11.77,19.80,13.23,56.20
3500062,CLRLN FLORAL FNTSY BLEACH     ,G6LA83              ,5,7,11.61,19.80,13.23,53.60
3504309,LACOST CHIPOTLE PEPPERS       ,G6LB02              ,10,14,3.60,13.80,11.50,11.30
3504312,LACOST HMSTYLE MED SALSA      ,G6LB04              ,7,10,3.50,16.50,11.00,13.50
3504417,JUFD MENUDO                   ,G6LB12              ,8,16,4.60,12.00,9.80,12.70
3504217,LACOST GREEN MOLE             ,G6LB14              ,5,17,5.50,10.50,8.00,11.11
3504845,LASIER REFRIED BLACK BN       ,G6LB22              ,8,11,4.72,13.30,10.43,16.70
3502047,SANMRC CHIPOTLE PEPPERS       ,G6LB24              ,10,10,2.50,16.00,10.50,13.40
3502700,WHTABRG FANCY KETCHUP         ,G6LB32              ,4,20,9.38,8.75,8.75,22.00
3500993,TBSCO GREEN PEPPER SAUCE      ,G6LB34              ,3,30,8.00,8.50,7.00,10.00
3503401,PNALN LUX SCENT OPULENCE      ,G6LB53              ,5,20,11.77,9.06,9.92,14.06
3503418,ROMA PWDR LNDRY DETERGENT     ,G6LB63              ,3,9,20.00,13.00,15.25,45.75
3503604,SVTL CS SP MORNING SUN        ,G6LB73              ,5,15,12.36,12.87,9.33,18.89
3502134,ENSUENO MAX VLT BQT FAB       ,G6LB83              ,5,10,13.23,16.22,9.53,30.30
3502078,DGARI VANILLA GELATIN MIX     ,G6LC02              ,7,21,4.80,15.04,5.47,7.11
3504224,SANMRC WHL JALAPENO PEPRS     ,G6LC04              ,8,14,3.30,13.50,10.30,11.20
3500206,OEP TACO SHELLS SNS 20CT      ,G6LC12              ,5,10,6.68,15.31,10.68,5.40
3502432,ISADORA ORIG REFRIED BEAN     ,G6LC14              ,3,28,8.95,10.24,6.54,8.20
3502255,ORTG TACO SEASONING SHAKR     ,G6LC22              ,5,48,6.00,7.38,4.88,3.00
3501715,MLNA VANILLA ORIGINAL         ,G6LC24              ,5,38,5.25,7.50,6.00,4.10
3500188,CLINT MEDIUM TEXAS SALSA      ,G6LC32              ,6,28,5.60,6.50,10.00,9.10
3504520,ROMA PWDR LNDRY DETERGENT     ,G6LC53              ,3,9,17.00,15.30,13.00,43.90
3504521,FOCA PHOSPHATE FRE PWD LD     ,G6LC63              ,3,9,16.50,16.00,13.50,44.10
3504241,LACOST WHOLE JALPNO PEPPR     ,G6LD02              ,5,10,3.10,16.30,11.70,12.80
3505107,ORTG HOT TACO SAUCE           ,G6LD12              ,6,26,6.50,9.75,7.75,11.50
3504263,LACOST SERRANO PEPPERS        ,G6LD22              ,9,10,3.10,16.30,11.70,13.40
3505447,YCTC XXTRA HOT SAUCE          ,G6LD32              ,5,40,6.00,8.00,6.00,8.00
3501954,PNALN DC FLORL ML PR CLNR     ,G6LD63              ,6,16,10.75,12.52,9.76,25.09
3502149,ENSUENO MAX SPRING FRESH      ,G6LD73              ,5,10,13.23,16.22,9.53,30.30
3504286,LACOST CHIPOTLE PEPPERS       ,G6LF02              ,9,10,3.40,16.30,11.70,13.40
3505158,MATEOS GRMT TACO MED SCE      ,G6LF12              ,5,43,7.00,7.75,5.50,6.80
3502519,WHTABRG SPICY KETCHUP         ,G6LF22              ,4,20,9.38,8.75,8.75,22.00
3504923,LASIER WHOLE CHARRO BEAN      ,G6LF32              ,7,11,4.63,13.50,10.13,16.50
3500079,FOCA LIQUID LNDRY DTRGNT      ,G6LF53              ,4,12,10.75,9.38,12.50,26.40
3504750,AHMR SNSTV SKN LIQUID         ,G6LF63              ,5,12,10.94,12.31,11.69,25.31
3502094,DGARI STRAWBRY GELATIN MX     ,G6LG02              ,7,21,4.80,15.04,5.47,7.11
3500540,OEP BOLD RNCH SHELLS 10CT     ,G6LG12              ,5,18,6.50,13.15,7.43,3.10
3502235,KERNS GUAVA NECTAR            ,G6LG22              ,7,10,4.88,16.13,10.69,20.50
3506187,ONBRDR MEDIUM SALSA           ,G6LG32              ,6,15,6.50,14.00,6.88,20.50
3505330,SANMRC SWEET CHILPOTLES       ,G6LG34              ,10,20,3.07,11.02,8.27,7.56
3504519,ZOTE PNK LAUNDRY BAR SOAP     ,G6LG53              ,6,11,5.00,14.00,10.30,21.60
3503925,SVTL COMPLT FBR SFTNR LQD     ,G6LG63              ,5,15,12.36,12.87,9.33,18.89
3502794,PNALN CUCUMBER DISH LIQ       ,G6LG73              ,6,16,11.30,8.74,12.20,22.23
3500121,PNALN 2X CNCNTR FR PN CLN     ,G6LG83              ,5,14,11.30,17.95,6.30,24.09
3504315,LACOST NACHO JALAPENO PPR     ,G6LH02              ,10,14,3.00,18.80,10.40,11.70
3500097,BDCC VANILLA WAFER            ,G6LH12              ,5,20,7.16,9.00,8.78,7.30
3502865,LACOST DICED JALAPENO PPR     ,G6LH22              ,8,14,3.50,14.00,10.50,11.40
3506001,MATEOS GOURMET MED SALSA      ,G6LH32              ,6,25,6.00,8.75,7.75,9.50
3503104,TIDE W DWNY POWDER            ,G6LH63              ,6,5,5.10,31.50,15.70,37.80
3506171,ENSUENO FABRIC SOFTENER       ,G6LH73              ,5,18,12.44,13.03,12.52,21.60
3501872,PNALN DC FRS PINE MP CLNR     ,G6LH83              ,6,16,12.00,12.32,9.76,24.05
3503736,LACOST NACHO PEPPERS          ,G6LJ02              ,10,10,3.40,16.10,10.70,13.20
3500215,RICO QUES PRNT DIP  SPRD      ,G6LJ12              ,7,8,3.75,17.25,12.75,13.25
3510125,PACE HOT PICANTE SAUCE        ,G6LJ22              ,3,15,6.10,12.80,9.50,19.00
3500439,LACOST DICED CHIPOTLE PPR     ,G6LJ32              ,4,22,4.25,11.50,6.75,9.11
3504321,LAMDRN GEARS PASTA            ,G6LJ34              ,4,18,7.00,12.00,8.00,8.70
3503207,F409 LMN FRSH ALL PRP CLN     ,G6LJ53              ,4,12,11.81,9.81,15.75,21.50
3505432,TIDE PODS HE ORIG SCENT       ,G6LJ73              ,5,10,8.70,19.45,8.82,15.45
3502862,SVTL REG FBRC COND GR APL     ,G6LJ83              ,3,10,12.64,16.26,9.92,30.09
3502181,DGARI EGG NOG GELATIN BAG     ,G6LK02              ,7,21,4.80,15.04,5.47,7.11
3505746,HERDEZ GUACAMOLE SALSA        ,G6LK12              ,5,15,6.40,12.40,9.20,18.30
3504402,JUMEX MINI BRIK APPLE 3PK     ,G6LK14              ,5,21,5.10,13.10,6.40,11.20
3504969,CLINT MILD TEXAS SALSA        ,G6LK22              ,6,28,5.30,9.75,6.60,9.40
3503814,MATEOS TACO SSNG MEDIUM       ,G6LK32              ,6,64,6.50,5.75,4.50,2.95
3503462,SVTL CMPLT FABRIC SHEETS      ,G6LK53              ,5,20,7.52,8.90,8.07,5.00
3504814,LAMOR CHIPOTLE PEPPERS        ,G6LL02              ,12,10,3.15,11.02,8.03,7.31
3502696,TXSTXS RSTRNT STYLE SALSA     ,G6LL12              ,6,28,5.20,10.00,7.60,9.90
3504261,LACOST SLCD JALAPENO PPRS     ,G6LL22              ,5,14,3.30,13.80,10.60,11.60
3502070,DGARI LIME GELTN MX W/WTR     ,G6LL24              ,7,21,4.80,15.04,5.47,7.11
3505970,KYLITO ORIGINAL SALSA         ,G6LL32              ,4,28,5.50,9.80,6.75,9.50
3500023,OEP CRCH TACO DINNER KIT      ,G6LL34              ,4,7,6.50,18.90,15.90,9.40
3501813,PNALN DC FLORL ML PR CLNR     ,G6LL53              ,6,18,10.87,14.13,8.03,20.52
3503083,SVTL LAVENDR FABRIC SFTNR     ,G6LL63              ,4,10,12.64,16.26,9.92,30.00
3503405,PNALN LUX SCENT SUN           ,G6LL73              ,5,20,11.77,9.06,9.92,14.06
3503938,NSTLE NIDO KNDR LCTO ESE      ,G6LM02              ,6,9,6.10,16.75,10.55,14.10
3505480,KYLITO HOT CHNK GRLC SLSA     ,G6LM12              ,5,28,6.00,9.00,6.00,9.70
3504297,LAMDRN MED ELBOW PASTA        ,G6LM14              ,4,18,7.00,11.70,8.00,8.70
3500048,OEP CHOPPED GRREN CHILE       ,G6LM22              ,8,20,4.50,11.00,8.18,8.30
3505440,ORTG MILD RD TCO SKLT SCE     ,G6LM24              ,2,55,7.50,7.00,5.00,3.00
3501083,YCTC HABANERO PNPL SAUCE      ,G6LM32              ,6,80,6.20,5.70,4.30,3.30
3505969,KYLITO HOT SALSA              ,G6LN02              ,5,28,5.70,9.80,6.80,9.50
3502591,LPLM GRN CHLE ENCHLDA SCE     ,G6LN12              ,6,14,4.60,14.10,10.50,17.50
3500204,OEP HOTSPCY TACO SSNG MX      ,G6LN14              ,2,40,5.80,9.70,4.70,2.50
3504320,LAMDRN SHELLS PASTA           ,G6LN22              ,3,8,10.70,15.50,12.50,19.80
3505441,ORTG FAJITA SKILLET SAUCE     ,G6LN24              ,2,56,7.00,6.50,4.88,3.00
3505362,WDYS COOKIN SAUCE             ,G6LN32              ,6,39,5.70,8.50,5.90,8.50
3501742,PNALN DC LAVENDER MP CLNR     ,G6LN53              ,5,14,10.87,14.13,8.03,20.52
3504695,ALL STAINLIFTR MP FC OXI      ,G6LN73              ,5,14,9.38,13.31,9.94,10.17
3500180,KRO MILD TACO SSN MIX         ,G6LP02              ,5,70,6.50,6.00,4.50,1.00
3505733,CLAUDES BBQ BRSKT MARNADE     ,G6LP12              ,4,34,8.00,7.50,5.00,6.15
3505732,CLAUDES FAJITA MARINADE       ,G6LP14              ,3,34,8.00,5.70,8.50,7.00
3501748,YCTC RED HABANERO SAUCE       ,G6LP22              ,4,40,6.00,8.00,6.00,8.00
3502287,DGARI PINEAPLE GELATIN MX     ,G6LP32              ,8,21,4.80,15.04,5.47,7.11
3500556,OEP BLD NCHO CHS SHL 10CT     ,G6LP34              ,4,18,6.50,13.15,7.43,3.10
3500137,BDCC CHOCOLATE WAFER          ,G6LQ02              ,5,20,7.16,9.61,8.78,7.30
3503973,MATEOS TACO SSNG              ,G6LQ04              ,6,64,6.50,5.75,4.50,2.95
3501816,YCTC GREEN HABANERO SAUCE     ,G6LQ12              ,4,40,6.00,7.50,6.00,7.00
3500021,OEP HRDSFT TACO DNNR KIT      ,G6LQ14              ,5,7,6.00,19.00,13.50,11.40
3501037,YCTC HAB  GHOST SAUCE         ,G6LQ22              ,6,80,6.20,5.70,4.30,3.30
3506241,GMSA MARIA VAN COOKIES        ,G6LQ24              ,3,15,8.80,13.00,9.00,8.40
3500514,JUFD PICO PICA GRN SAUCE      ,G6LQ32              ,4,59,8.00,6.63,8.75,11.30
3503969,OEP CARB ADV TACO SHELLS      ,G6LR02              ,5,16,6.41,12.67,8.14,3.63
3504308,LACOST CHIPOTLE SAUCE         ,G6LR12              ,9,10,3.50,16.00,11.70,13.40
3512979,GARCIA MED TOM PIC SALSA      ,G6LR22              ,6,14,5.50,13.00,10.00,20.00
3503166,ORTG TACO SHELLS 12CT         ,G6LR24              ,5,15,5.81,14.63,7.38,2.70
3510108,PACE MEDIUM PICANTE SAUCE     ,G6LR32              ,5,11,7.00,14.30,10.60,28.40
3595216,TAJN TWIST SEASONING          ,G6LR34              ,6,32,6.18,6.06,8.38,4.96
3598503,STO BLUE TACO SHELLS 12CT     ,G6LS02              ,3,18,12.75,12.75,7.75,6.00
3500463,OEP CRCH TACO SHELLS 18CT     ,G6LS04              ,4,7,6.00,19.00,13.50,7.30
3501833,DGARI STRAWBRY GELATIN MX     ,G6LS12              ,7,21,4.80,15.04,5.47,7.11
3583825,KRO MRCDO GUAC MIX MED        ,G6LS14              ,5,37,5.44,8.81,5.94,2.00
3505208,OEP STND STF SFT TACO 8CT     ,G6LS22              ,5,13,6.30,18.80,7.10,4.60
3598547,STO YLW TACO SHELLS 12CT      ,G6LS32              ,3,18,12.88,12.75,7.75,6.00
3502688,OEP TACO SEASONING SHAKER     ,G6LS34              ,5,18,6.00,11.20,8.10,5.80
3500133,ENSUEO LVD VL BQ DS 80 CT     ,G6LS53              ,3,30,7.59,13.42,4.48,3.00
3502273,ORTG LS TACO SEASONING MX     ,G6LT22              ,4,48,6.00,7.38,4.88,3.00
3503673,ORTG LS TACO SEASONING MX     ,G6LT24              ,4,72,5.75,4.31,5.69,1.10
3510141,OEP CRCH TACO SHELLS 12CT     ,G6LT32              ,6,10,6.30,15.00,12.00,5.60
3503172,ORTG TACO SEASONING MIX       ,G6LT34              ,4,72,5.75,4.31,5.69,0.90
3505408,TIDE LN DET 2X LS SPR MDW     ,G7MA02              ,5,10,12.06,15.81,11.44,29.09
3503968,DWNY LIQ FG                   ,G7MA12              ,4,15,11.54,15.91,7.80,19.95
3503476,PERSIL PROCLEAN OXI           ,G7MA73              ,5,10,9.88,13.19,11.56,14.30
3502269,AHMR OXI CLN LNDRY DTRGNT     ,G7MA83              ,5,10,12.00,16.00,10.31,29.40
3502140,TIDE FREE GNTL LQ DTRGT       ,G7MB02              ,4,8,11.81,19.19,12.00,39.00
3504524,TIDE LND DTR 2X LS ORIG       ,G7MB12              ,6,12,9.75,19.13,7.63,13.73
3505022,TIDE DWNY LS LIQ DTRGNT       ,G7MB22              ,6,12,9.75,19.13,7.63,12.81
3504937,AHMR LNDR DTRGNT SEN SKIN     ,G7MB32              ,5,10,12.00,16.00,10.31,30.82
3501608,DREFT LQ HEC NWBRN DTRGNT     ,G7MB53              ,4,10,11.19,19.25,9.31,31.20
3500122,KRO LW SPL LIN BLCH           ,G7MB63              ,5,8,10.94,16.69,11.19,39.00
3505957,DWNY LIQ FBRC CNDTMR AF       ,G7MB73              ,4,7,11.30,19.03,12.72,39.20
3500358,CHEER CG LIQ DTRGNT           ,G7MB83              ,5,15,12.06,15.44,8.06,27.30
3506072,ENSUENO LIQ LNDRY DTRGN       ,G7MC02              ,5,9,11.38,11.57,16.14,29.77
3500738,XTRA PLUS OXICLEAN DTRG       ,G7MC12              ,5,12,11.25,12.94,12.06,30.11
3502936,TIDE LND DTR 6X HE SPR MD     ,G7MC22              ,6,12,9.75,19.13,7.63,13.73
3503832,TIDE LOW SUDS SCNT FREE       ,G7MC32              ,5,10,11.81,15.79,11.18,30.05
3501168,EHMR LNDR DTRGNT PWR CLN      ,G7MC63              ,5,10,11.75,14.50,13.00,30.20
3500709,AHMR BK SODA FRSH DTRG        ,G7MC73              ,5,10,12.25,15.56,11.56,28.74
3503988,TIDE FG LIQ HE FREE           ,G7MC83              ,4,10,11.63,19.38,9.50,34.68
3503837,AHMR DP CLN FRE  CLR          ,G7MD02              ,5,10,12.25,15.56,11.56,32.07
3501867,GAIN ARMA MNLIG LQD LNDRY     ,G7MD12              ,5,15,11.97,15.13,9.25,27.40
3505964,DOWNY LIQ APRIL FRESH         ,G7MD22              ,4,10,12.13,18.63,9.56,31.50
3506112,ENSUENO LQD DTRG SMR BR       ,G7MD32              ,5,9,11.38,11.57,16.14,29.77
3502326,AHMR LNDR DTRGNT OXI CLN      ,G7MD53              ,4,10,12.00,16.00,10.31,29.40
3503747,DWNY LIT OCN MST FBC SFTN     ,G7MD63              ,5,42,7.81,6.63,6.63,1.94
3506327,KRO REG SCT CNCTRD BLEACH     ,G7MD73              ,4,7,11.69,19.63,13.19,55.20
3504167,GAIN HAPPY HIB HULA PODS      ,G7MD83              ,4,10,10.04,19.33,9.33,15.54
3503603,XTRA TRPCL PASSION DTRGNT     ,G7MF02              ,5,10,11.31,14.75,11.31,26.32
3505949,GAIN LIQ LFE ODR SOFTENER     ,G7MF12              ,4,7,11.30,19.03,12.72,39.20
3505985,DWNY LIQ FBRC CNDDTNR CC      ,G7MF22              ,4,7,11.30,19.03,12.72,39.20
3503035,ALL MIGHTYPAC FR CLR DTRG     ,G7MF32              ,6,14,9.38,13.31,9.94,10.86
3506244,GAIN PLUS DETERGNT FLINGS     ,G7MF55              ,3,10,10.04,19.33,9.33,14.25
3503873,DWNY RINSE FRESH LAVENDER     ,G7MF65              ,3,28,12.13,9.75,6.69,14.62
3500470,DWNY COOL COTN FBRC SFTNR     ,G7MF73              ,3,21,12.06,10.87,7.44,13.25
3503300,SPRY WSH MAX W/OXI ACTION     ,G7MF75              ,3,12,10.63,14.13,9.56,16.60
3503331,DWNY SPRNG BRZ FAB RINSE      ,G7MF83              ,3,28,12.13,9.75,6.69,15.56
3506074,TIDE LN DET 2X LS ORG OXI     ,G7MG02              ,4,7,11.89,19.02,12.72,42.91
3502140,TIDE FREE GNTL LQ DTRGT       ,G7MG12              ,4,8,11.81,19.19,12.00,39.00
3504307,TIDE SMPL ALLINONE DTRGNT     ,G7MG22              ,4,10,12.13,22.00,7.63,27.76
3500340,KRO LW SPL LAV BLCH           ,G7MG53              ,5,8,10.94,16.69,11.19,39.00
3500009,KRO BLEACH CNCNTRTD           ,G7MG63              ,5,8,10.94,16.69,11.19,39.30
3505947,DWNY LIQ FBRC CNDTNR EG       ,G7MG73              ,4,7,11.30,19.03,12.72,39.20
3504181,GAIN AB ORIG DETERGENT        ,G7MG83              ,4,16,11.77,11.58,9.65,17.45
3501561,TIDE HE ORIGINL DETERGENT     ,G7MH02              ,4,8,11.81,19.19,12.00,39.00
3502363,WLTE COMPLETE LND DTRGNT      ,G7MH12              ,3,12,11.50,11.50,10.50,22.50
3503726,XTRA CALYPSO FRESH DTRGNT     ,G7MH22              ,5,12,11.25,12.94,12.06,36.85
3501594,GAIN DETERGENT ORIGINAL       ,G7MH32              ,4,15,11.97,15.13,9.25,27.40
3504950,AHMR FRSH SCNT LNDRY DTR      ,G7MH53              ,5,9,11.75,14.50,13.00,29.97
3500919,TIDE HE CLN BRZ LIQ DTRGN     ,G7MH63              ,4,8,11.81,19.19,12.00,39.00
3501168,EHMR LNDR DTRGNT PWR CLN      ,G7MH73              ,5,10,11.75,14.50,13.00,30.20
3505378,SNUGGLE FBRC COND LAV BRZ     ,G7MH83              ,4,14,10.81,13.25,9.50,17.60
3500904,TIDE LW SDS HE SCNT FR DT     ,G7MJ02              ,5,10,12.06,15.81,11.44,33.80
3503419,PUREX MOUNTAIN BRZ DTRGNT     ,G7MJ12              ,5,10,12.00,15.88,11.13,31.00
3502496,PERSIL  ORIGINAL  4/150OZ     ,G7MJ22              ,3,8,11.13,19.63,11.19,37.50
3501561,TIDE HE ORIGINL DETERGENT     ,G7MJ32              ,4,8,11.81,19.19,12.00,39.00
3506142,GAIN PLS LND DTR 2X HS        ,G7MJ53              ,4,7,11.75,19.19,12.88,38.52
3500321,CLRX SPLSHLSS REG BLEACH      ,G7MJ63              ,5,9,11.69,6.81,19.56,34.36
3500146,CLRX ULTRA CONC BLEACH        ,G7MJ73              ,5,9,11.69,6.81,19.56,38.80
3500965,DWNY UNSP APR FRSH BEADS      ,G7MK02              ,3,20,12.17,9.61,9.61,8.97
3504235,TIDE ORIG DETERGENT PWDR      ,G7MK12              ,5,16,10.75,11.58,9.65,15.67
3502165,TIDE LNDRY DTRGNT FRSHNS      ,G7MK22              ,4,10,11.63,19.38,9.50,34.60
3503362,TIDE LIQ HE DETERGENT         ,G7MK32              ,4,7,11.73,18.74,12.52,45.34
3502183,TIDE HYGENIC FABRIC CLNR      ,G7MK53              ,4,10,11.63,19.38,9.50,34.60
3504920,AHMR ODOR BLASTER DTRGNT      ,G7MK63              ,5,15,9.31,18.31,7.00,8.16
3504854,AHMR LNDR DTRGNT OXI CLN      ,G7MK73              ,5,10,12.00,16.00,10.31,29.44
3502129,TIDE FC UNSC LIQ DTRGNT       ,G7MK83              ,4,7,11.73,18.74,12.52,45.48
3505585,GAIN LND DTR 2X HS DWDRP      ,G7ML02              ,4,8,11.81,19.19,12.00,38.55
3500731,AHMR W/OXI FRSH SCNT PWDR     ,G7ML12              ,5,10,11.10,11.60,14.80,32.50
3502325,AHMR PLUS OXICLN DETERGNT     ,G7ML22              ,5,12,10.94,12.31,11.69,24.50
3519460,BORAX 20 MULE TEAM BLEACH     ,G7ML32              ,6,12,7.80,13.90,10.70,35.00
3503945,TIDE PODS SPR MDW DTRGNT      ,G7ML53              ,4,10,11.81,19.44,9.56,25.17
3502246,TIDE REBREZE SPRT ODR DEF     ,G7ML63              ,5,10,11.80,15.70,11.10,27.30
3504270,TIDE LN DET 2X LS ODR OXI     ,G7ML73              ,4,7,11.89,19.02,12.72,42.75
3504188,TIDE POWER PODS OXI BOOST     ,G7ML83              ,4,10,11.81,19.44,9.56,22.01
3506141,GAIN LND DTR HE 2X  WF DL     ,G7MM02              ,6,12,10.25,19.19,7.69,19.46
3501564,AHMR OXI HAMMER LNDRY DTR     ,G7MM12              ,5,10,12.00,16.00,10.31,29.40
3504935,AHMR SNTV SKN LNDRY DTG       ,G7MM22              ,5,10,12.00,16.00,10.31,30.82
3504655,TIDE PWR POD HYG DETERGNT     ,G7MM53              ,3,10,11.81,19.44,9.56,22.94
3505923,AHMR LND DTR BK SDA FRSH      ,G7MM63              ,5,9,11.94,16.00,12.31,31.20
3502280,DWNY INFS LAV FBRC CNDTNR     ,G7MM73              ,3,10,12.50,18.82,9.80,27.80
3503834,KRO REG SCT LS CNTRD BLCH     ,G7MM83              ,4,7,11.69,19.63,13.19,57.80
3503596,SNGGLE FBRC COND BL SPRKL     ,G7MN02              ,4,14,10.81,13.25,9.50,17.60
3504213,TIDE PODS FG UNSC DTRG        ,G7MN22              ,4,10,11.81,19.44,9.56,24.21
3505781,CLB CLEN LINEN                ,G7MN32              ,5,9,10.94,16.88,11.44,34.36
3502137,SNGGL BLUE SPARKLE FB CND     ,G7MN53              ,4,10,12.56,15.69,11.69,32.60
3505313,SNUGGLE MORNING BREEZE        ,G7MN63              ,4,14,10.81,13.25,9.50,16.14
3502358,TIDE HGH SD ORG HD HYG DT     ,G7MN83              ,5,10,12.06,15.81,11.44,30.80
3510695,SPRY WSH STAIN RMVR           ,G7MP02              ,4,12,11.00,15.50,8.80,28.90
3504251,TIDE PWR PODS OXI BOOST       ,G7MP12              ,4,10,11.81,19.44,9.56,27.10
3501334,AHMR CLN BRST LNDRY DTR       ,G7MP22              ,5,9,12.00,16.00,10.31,30.70
3501460,SVTL MRNG SUN FABRC SFTNR     ,G7MP32              ,4,10,12.64,16.26,9.92,30.00
3501381,AHMR OXI CLN LNDRY DTRGNT     ,G7MP53              ,5,10,12.00,16.00,10.31,29.40
3502040,TIDE LW SDS HE ORGN DTRNT     ,G7MP63              ,5,10,12.06,15.81,11.44,30.80
3500431,SMRTWY REG SCENT BLEACH       ,G7MP73              ,6,8,9.81,16.69,11.19,30.70
3504863,AHMR LNDR DTRGNT OXI CLN      ,G7MP83              ,5,9,11.75,14.50,13.00,26.38
3504207,GAIN 2X HGH SDS DTRGNT        ,G7MQ53              ,4,8,11.81,19.19,12.00,38.66
3503609,SVTL CMPLT MRNING SUN LFS     ,G7MQ63              ,4,10,12.76,16.26,9.06,30.04
3500535,ARIEL POWDER                  ,G7MQ73              ,4,15,12.56,15.67,12.72,40.90
3503810,GAIN LIQ WTRFL DLT DTRGNT     ,G7MQ83              ,4,8,11.81,19.19,12.00,38.62
3590979,SEVNTH GEN DTRGNT LIQ LAV     ,G7MR53              ,5,12,11.88,15.94,9.94,27.30
3501437,GAIN LQ MOONLIGNT BREEZE      ,G7MR63              ,5,10,11.97,15.71,11.73,28.88
3505326,SNGGLE FBRC COND SPR BRST     ,G7MR73              ,4,14,10.81,13.25,9.50,16.14
3501522,CLX BLCH LIQ REG CONC         ,G7MR83              ,4,14,11.94,19.56,6.81,27.90
3501701,GAIN ARM BST ORG FB SFTNR     ,G7MS63              ,5,10,11.97,15.71,11.73,28.88
3504945,AHMR FREE CLR LNDRY DTR       ,G7MS73              ,5,9,11.75,14.50,13.00,28.97
3501834,CLRX SPLSH CLN LINEN BLCH     ,G7MS83              ,4,14,11.94,19.56,6.81,26.87
3505635,CLRX SCNTVA BLCH LVNJSM       ,G7MT63              ,5,9,10.94,16.88,11.44,36.80
3507254,ALL FREECLR HE LND DTRG       ,G7NA73              ,4,10,12.56,15.69,11.69,32.60
3502361,AJAX ULTRA ORANGE DISH SP     ,G7NA83              ,4,9,11.97,16.65,11.54,41.52
3504802,AHMR DTRGNT OXI CLN FRE       ,G7NB02              ,5,12,10.94,12.31,11.69,24.50
3506143,GAIN PLUS LIQ LND DTRGNT      ,G7NB12              ,4,7,11.75,19.19,12.88,38.52
3503091,SVTL FLD FLWR FABRC SFTNR     ,G7NB53              ,4,10,12.64,16.26,9.92,30.00
3502045,GAIN LIQ MNLT BRZ DTRGNT      ,G7NB63              ,4,10,12.13,22.00,7.63,26.00
3505292,KRO 1GAL MLTPRP VNGR          ,G7NB73              ,4,9,13.00,13.00,13.00,32.73
3500127,TIDE ULTR OXI DETRGMT LQ      ,G7NB83              ,4,10,11.63,19.38,9.50,34.60
3506323,LYSOL LAUNDRY SNTZR SPRT      ,G7NC02              ,3,13,12.13,15.63,8.88,26.00
3503483,LYSOL SANITIZER CRLIN         ,G7NC12              ,3,13,12.13,15.63,8.88,26.00
3504714,GAIN DETERGENT ORIGINAL       ,G7NC22              ,5,13,11.97,15.13,9.25,27.48
3501848,CLRX SPLCHLSS BLEACH          ,G7NC32              ,4,14,11.94,19.56,6.81,26.87
3504807,AHMR LNDR DTRGNT OXI CLN      ,G7NC53              ,5,9,11.75,14.50,13.00,26.38
3590981,SEVENTH GEN DTRGNT LIQUID     ,G7NC63              ,5,12,11.88,15.94,9.94,27.30
3504851,AHMR LNDR DTRGNT PLS SFTN     ,G7NC73              ,5,9,11.75,14.50,13.00,26.38
3503800,TIDE 2X LOW SDS SPR MDW       ,G7NC83              ,4,8,11.81,19.19,12.00,34.96
3504836,AHMR LNDR DTRGNT OXI CLN      ,G7ND02              ,5,9,11.75,14.50,13.00,26.38
3504836,AHMR LNDR DTRGNT OXI CLN      ,G7ND12              ,5,9,11.75,14.50,13.00,26.38
3505870,KRO GR APPL ANTB DSH LQD      ,G7ND22              ,4,30,10.38,8.00,8.00,12.00
3504654,CLRX 2 STN RMVR CLR BSTR      ,G7ND32              ,4,10,10.50,15.50,11.80,25.80
3503480,AHMR PLUS OXICLN DETERGNT     ,G7ND53              ,5,12,10.94,12.31,11.69,24.50
3500359,TIDE LW SDS HE ORG OXI DT     ,G7ND63              ,5,10,11.81,15.79,11.18,27.20
3502935,SNGGL DRYR SHEET BL SPRKL     ,G7ND73              ,7,16,6.14,13.66,7.72,4.18
3503501,PUREX ADVN OXI CWP DTRGNT     ,G7ND83              ,4,12,12.38,12.44,11.56,32.20
3506120,TIDE PODS 3IN1 ORIGINAL       ,G7NF02              ,4,10,11.81,19.44,9.56,23.32
3503381,GAIN LND DTR 2X HS HP HBS     ,G7NF12              ,4,8,11.81,19.19,12.00,38.55
3500420,TIDE SMPLY OXI BST DTRGNT     ,G7NF22              ,4,10,11.19,19.25,9.31,27.72
3501788,PERSIL PROCLN PLUS OXI        ,G7NF32              ,4,12,12.63,15.81,9.50,25.10
3504780,XTRA PLUS OXI CLEAN DTRG      ,G7NF53              ,5,10,11.31,14.75,11.31,25.62
3502151,GAIN LIQ ORIGINAL DTRGNT      ,G7NF63              ,4,10,12.13,22.00,7.63,26.30
3503984,ARIEL AROMA ORG DTRGNT        ,G7NF73              ,4,15,9.29,13.11,9.37,21.39
3503417,LYSOL TOILET CLEANER          ,G7NF83              ,4,20,11.25,11.56,7.94,16.80
3501615,AJAX ULTR VING LIM DISWSH     ,G7NG02              ,4,15,11.50,12.50,10.19,26.50
3503871,XTRA ODR BLSTR FR SCNT        ,G7NG12              ,3,9,11.94,16.00,13.31,39.28
3517170,SPRY WSH STAIN RMVR           ,G7NG22              ,4,10,11.60,14.30,10.80,21.60
3503378,FBLSO PEACH MP CLEANER        ,G7NG32              ,5,15,10.83,13.70,7.80,23.60
3503537,GAIN DTRGNT 2X MNLGHT BRZ     ,G7NG53              ,4,8,11.81,19.19,12.00,38.55
3501581,PERSIL PROCLN ORIG SCENT      ,G7NG63              ,4,12,12.63,15.81,9.50,25.10
3501556,PERSIL PROCLN INTNSE FRSH     ,G7NG73              ,4,12,12.63,15.81,9.50,25.10
3501683,LYSOL HYDROYGEN PEROXIDE      ,G7NG83              ,4,12,11.63,16.13,9.63,22.84
3506150,GAIN PLUS 2X HS HE ORIGNL     ,G7NH02              ,4,10,11.19,19.25,9.31,28.83
3503702,CLRX FRSH MDW CONC BLEACH     ,G7NH12              ,4,16,10.50,11.19,19.06,18.87
3506110,GAIN MNLT BRZ LIQ DTRGNT      ,G7NH22              ,6,12,10.25,19.19,7.69,20.88
3503999,TIDE POWER PODS FREE          ,G7NH32              ,4,10,10.04,19.33,9.33,16.06
3503887,ALL FREE CLEAR MIGHTY PAC     ,G7NH53              ,4,10,9.81,15.81,11.06,16.47
3504717,FBLSO CLEANER LEMON           ,G7NH63              ,5,15,11.00,13.75,7.88,23.32
3502306,CLRX SCNTVA MP TUSCN SPRY     ,G7NH73              ,4,12,10.81,15.50,9.81,21.25
3503881,AHMR DP CLN STN FRML PK       ,G7NH83              ,6,15,7.00,15.00,7.88,6.55
3501084,KRO MULTI PURP CLEAN VIN      ,G7NJ02              ,4,10,11.50,19.50,9.80,37.30
3500527,TILEX MOLD MILDEW REMOVER     ,G7NJ12              ,4,12,11.50,16.00,10.00,22.10
3500976,DAWN ULTRA AB APLBLSM LQD     ,G7NJ22              ,4,16,12.01,11.69,9.61,22.40
3500011,KRO BLEACH CNCNTRTD           ,G7NJ32              ,6,15,9.81,13.19,8.88,21.10
3597320,FBRZ FAB REF PET ODR ELMN     ,G7NJ53              ,2,28,10.83,10.32,6.42,7.30
3505084,BOUNCE INTNS DRY SHT FRSH     ,G7NJ55              ,4,25,7.56,9.09,7.64,4.42
3505852,LYSOL LNDRY SNTZR CRSP LN     ,G7NJ63              ,3,17,10.75,15.88,6.88,18.20
3504755,DWNY APR FRSH FAB SOFTNR      ,G7NJ65              ,3,21,12.06,10.87,7.44,13.20
3598676,SFTSOAP LVNDR ALMND           ,G7NJ73              ,5,46,8.50,6.89,5.75,4.52
3503755,GAIN SCN BST OD DFN SFB       ,G7NJ75              ,5,30,6.47,9.43,6.43,2.57
3504648,TIDE PWR PODS ULT DTRGNT      ,G7NJ83              ,3,10,11.81,19.44,9.56,22.94
3500218,DAWN EZSQPL RAINSC DSHWSH     ,G7NJ85              ,3,22,10.63,10.56,7.63,14.90
3501626,CLX APC SPRY SPRGRDN 32OZ     ,G7NK02              ,4,12,11.56,15.69,10.00,21.93
3501677,TIDE EVO ORGNL SCENT DTRG     ,G7NK12              ,5,13,9.21,14.09,9.17,9.77
3502311,TIDE SPRNG RNWL FBRZ          ,G7NK22              ,5,10,12.06,15.81,11.44,27.30
3503516,CLRX CLN UP W/BLCH SPRY       ,G7NK32              ,4,12,10.81,15.50,9.81,22.00
3501610,AHMR ODR BLST FBR RFRS FB     ,G7NK53              ,3,27,11.44,9.06,6.88,13.96
3594845,RNZT APPLE CINNAMON AJD       ,G7NK63              ,8,16,5.24,12.17,8.99,6.40
3502161,TIDE SPORT/FEBRZ LIQ DTRG     ,G7NK73              ,4,10,11.63,19.38,9.50,34.60
3501523,DWNY LQ FBR SF INTNS FLRL     ,G7NK83              ,5,14,11.73,12.95,9.88,22.63
3592086,SFTSOAP AQUARIUM LHS RFLL     ,G7NL02              ,4,30,10.13,11.44,9.63,21.30
3502843,ALL DTGR SNS FR SPR BRZ       ,G7NL12              ,4,10,12.56,15.69,11.69,32.48
3501466,GAIN HE HAPPY HBSC HULA       ,G7NL22              ,4,10,12.13,22.00,7.63,29.10
3503042,MRCLN FRSH MULT SRFC CLNR     ,G7NL32              ,4,20,11.63,11.63,7.31,18.43
3500343,CLRX SPLSHLSS CONC BLEACH     ,G7NL53              ,4,16,11.19,9.88,19.06,18.87
3503420,DAWN PLTNM BLCH ALT LMN       ,G7NL63              ,4,23,10.81,11.69,6.81,16.03
3503618,DWNY LQD SFT FRS JOYFL        ,G7NL73              ,4,14,12.26,13.56,8.37,18.51
3503223,DAWN ULTRA ORIG DSHWSH SP     ,G7NL83              ,4,18,11.44,10.69,9.19,18.13
3501536,ALL FREE CLEAR OXI            ,G7NM22              ,4,10,12.56,15.69,11.69,32.60
3504473,TIDE PODS SCNTD LNDRY SP      ,G7NM32              ,4,10,10.04,19.33,9.33,20.12
3505467,LYSOL BS LNDRY SNTZR BLCH     ,G7NM53              ,4,17,10.75,15.88,6.88,18.29
3503849,AHMR DP CLN STAIN FRMLA       ,G7NM63              ,5,10,12.25,15.56,11.56,31.66
3503152,CSCD PLTNM AP LMN SCNT        ,G7NN02              ,9,21,5.20,13.07,6.61,2.28
3504627,TIDE PDS FREE GNTL DTRGNT     ,G7NN12              ,4,10,10.04,19.33,9.33,19.40
3504108,DWNY LQ FBR SF INTNS PRTY     ,G7NN73              ,5,14,11.73,12.95,9.88,22.63
3502010,TIDE FREE GENTLE HE           ,G7NN83              ,6,12,10.08,19.65,7.91,17.60
3505062,TIDE PWR PD FBZ ODR ELMNT     ,G7NP02              ,4,10,10.04,19.33,9.33,17.02
3506139,GAIN ARMBST DTRGNT            ,G7NP12              ,6,12,10.25,19.19,7.69,20.88
3506151,GAIN MNLGHT BRZ DTRGNT        ,G7NP22              ,4,10,11.19,19.25,9.31,28.83
3594749,RNZT RASPBERRY ADJ            ,G7NP32              ,8,16,5.24,12.17,8.99,6.40
3506128,TIDE POWER POD W/FEBRZ        ,G7NP53              ,4,10,11.81,19.44,9.56,19.48
3505473,TIDE PODS SPRING MEADOW       ,G7NP63              ,5,10,8.70,19.45,8.82,15.45
3506077,TIDE LN DET 2X LS DWNY        ,G7NP73              ,4,7,11.89,19.02,12.72,42.48
3505036,GAIN FLXG OXI BST DTRGNT      ,G7NP83              ,4,10,10.04,19.33,9.33,17.60
3501573,PERSIL CC UP LNDRY DTRGT      ,G7NQ02              ,4,12,12.63,15.81,9.50,25.10
3506129,TIDE W DWNY PWR PODS          ,G7NQ12              ,4,10,11.81,19.44,9.56,23.90
3504090,DAWN PLATINUM FRESH RAIN      ,G7NQ22              ,4,23,10.81,11.69,6.81,16.03
3502469,TIDE SMPL OXI BST FBRZ DT     ,G7NQ32              ,6,12,10.08,19.65,7.91,15.18
3500442,TIDE DOWNY APRIL FRESH        ,G7NQ53              ,5,10,11.81,15.79,11.18,27.20
3500451,DAWN PLTNM RFRSHNG RAIN       ,G7NQ63              ,4,16,11.81,11.58,9.61,19.80
3505443,TIDE PODS FREE  GENTLE        ,G7NQ73              ,5,10,8.70,19.45,8.82,14.91
3505942,GAIN FRWRKS GRANULES ORG      ,G7NQ83              ,4,20,11.50,9.50,9.50,7.30
3503199,CLRX CLNG BLCH GL TB CLNR     ,G7NR02              ,3,15,11.31,15.88,8.00,23.20
3596434,FBRZ PLUG TRIPLE VRTY AF      ,G7NR12              ,5,20,6.77,8.66,8.58,6.62
3503027,SMRTWY BL FR SCT LQ DS DT     ,G7NR14              ,3,20,9.75,10.50,6.00,12.00
3504641,TIDE PDS SPRNG LNDRY SP       ,G7NR22              ,3,10,10.04,19.33,9.33,20.12
3505431,GAIN FLNGS 3IN1 OB FBZ MB     ,G7NR24              ,3,10,10.04,19.33,9.33,14.44
3502256,GLSPLS GLASS CLEANER          ,G7NR32              ,3,12,11.63,16.13,9.63,22.84
3503398,BOUNCE INTNS DRY SHT BLM      ,G7NR34              ,4,25,7.56,9.09,7.64,4.23
3502430,GAIN LQ FB SF ODR DFN SFB     ,G7NR53              ,3,24,11.61,13.11,5.95,12.12
3501724,TIDE MP UL OX ODR ELMNTR      ,G7NR63              ,4,10,10.04,19.33,9.33,16.94
3500044,DAWN ULTRA ORIGNL DSH SP      ,G7NR83              ,4,12,12.40,13.07,11.89,31.80
3596411,CLOROX PURE FABRIC            ,G7NS02              ,3,20,10.44,10.25,8.56,11.57
3502347,KRO OXY STAIN LFT POD         ,G7NS04              ,3,16,9.75,12.00,9.75,9.58
3504501,LYSOL LNDRY SNTZR SPORT       ,G7NS12              ,3,17,10.75,15.88,6.88,18.20
3502622,DWNY SCNT BSTRS PRFM N26      ,G7NS14              ,3,30,10.87,7.75,7.75,6.52
3501546,DREFT LOQ DET STG DTRGENT     ,G7NS22              ,4,15,11.47,15.25,7.94,19.98
3501857,COMET ULTR AP CLNR BLC LF     ,G7NS32              ,3,15,11.00,13.88,9.06,22.01
3502567,DWNY LQ FBR SF INTNS FLRL     ,G7NS34              ,3,37,11.18,8.35,5.98,7.38
3503860,AHMR DP CLN ODR PK FRMLA      ,G7NS53              ,5,15,7.00,15.00,7.88,6.55
3505916,TIDE DOWNY SB PWR PODS FS     ,G7NS55              ,3,10,10.04,19.33,9.33,14.26
3503929,PERSIL PROCLEAN OXI           ,G7NS63              ,4,12,9.88,13.19,11.56,14.30
3502434,DWNY SCNT BSTRS PRFM N09      ,G7NS65              ,3,30,10.87,7.75,7.75,6.52
3504625,TIDE PODS ULTRA LNDRY SP      ,G7NS73              ,3,10,10.04,19.33,9.33,18.21
3502188,DWNY LQ FBR SF INTNS PRTY     ,G7NS75              ,3,37,11.18,8.35,5.98,7.38
3505333,DWNY LS STAT DR SHT AF        ,G7NS83              ,5,25,7.56,9.09,7.64,3.69
3500898,DWNY UNST FRSH SCNT BEADS     ,G7NS85              ,3,20,12.17,9.61,9.61,8.97
3506105,TIDE POWER PODS OXI BOOST     ,G7NT02              ,4,10,10.04,19.33,9.33,14.86
3504690,CLN SHWR DAILY CLEANER        ,G7NT12              ,5,15,11.40,12.50,10.00,20.10
3500735,LYSOL ISLN BRZ BTHRM CLNR     ,G7NT22              ,4,9,11.63,16.13,12.69,30.60
3503512,MRCLN MDW  RAN SRFC CLNR      ,G7NT32              ,4,20,11.63,11.63,7.31,18.43
3506149,GAIN WTRFULL LIQ DTRGN        ,G7NT53              ,4,10,11.19,19.25,9.31,28.83
3591217,RNZT SPARKLING LM SOU GEL     ,G7NT63              ,8,16,5.24,12.17,8.99,6.40
3503330,DWNY BLNDS SPRING PEONY       ,G7NT73              ,3,30,10.87,7.75,7.75,7.38
3500115,F409 GRSGRM ALL PRP CLNR      ,G7NU02              ,4,12,10.81,15.50,9.81,21.25
3501089,DAWN HND DISHWSH APL BLSM     ,G7NU12              ,4,12,12.40,13.07,11.89,31.80
3503942,PERSIL ORG UP LNDRY DTRGT     ,G7NU22              ,5,12,8.93,13.19,11.56,10.08
3500784,TIDE OXI ODOR REMVR           ,G7NU32              ,4,10,11.63,19.38,9.50,34.60
3503308,KRO CLN SCNT LQD DSH SOAP     ,G7NU53              ,4,16,12.00,12.25,8.00,25.10
3503108,DAWN ULTRA PMG  RSE DSHW      ,G7NU63              ,4,22,10.63,10.56,7.63,14.74
3502151,GAIN LIQ ORIGINAL DTRGNT      ,G7NU73              ,4,10,12.13,22.00,7.63,26.30
3504211,TIDE LIQ ODOR OXI DTRGNT      ,G7NU83              ,6,12,9.75,19.13,7.63,12.95
3506148,GAIN PLUS 2X HS HE ORIGNL     ,G7NV02              ,3,15,11.44,15.25,7.69,17.81
3501183,GAIN ARM BST ORG FB SFTNR     ,G7NV12              ,3,7,11.30,19.03,12.72,39.23
3500138,DAWN EZ SQ APLBLS DISHWSH     ,G7NV14              ,3,25,9.94,9.69,7.31,13.20
3596446,CLOROX PURE FABRIC            ,G7NV32              ,3,20,10.44,10.25,8.56,11.57
3501613,AHMR ODR BLST FBR RFRS FE     ,G7NV34              ,3,27,11.44,9.06,6.88,13.96
3501481,BOUNCE SHEETS FG              ,G7NV53              ,4,18,7.72,13.31,7.68,5.74
3500314,TIDE EVO SB DETRGNT TILES     ,G7NV55              ,4,20,8.15,14.33,6.22,4.33
3505425,GAIN SHEETS MOONLIG           ,G7NV63              ,7,18,5.67,13.31,7.68,3.31
3501216,SUAVITEL DRYER SHEET          ,G7NV73              ,5,26,7.50,13.38,5.25,2.75
3502690,CLRX FRAG SCNT WPS TO GO      ,G7NV75              ,6,23,5.75,11.19,7.19,4.49
3505334,LYSOL DISFCNT WIPES NW DY     ,G7NV83              ,4,15,8.50,13.20,8.82,9.18
3505356,GAIN DRYR SHTS ORIG           ,G7NV85              ,4,25,7.56,9.09,7.64,3.60
3501714,BOUNCE SHEETS FRESH LINEN     ,G7NW02              ,4,18,7.72,13.31,7.68,5.57
3505534,PLMV ULTR STRNG SOAP          ,G7NW12              ,3,15,11.38,14.02,7.01,20.57
3505366,GAIN   ODR DFNS DRY SHTS      ,G7NW14              ,4,25,7.56,9.09,7.64,3.76
3505971,LYSOL POWER CLEAN             ,G7NW22              ,3,11,11.25,14.25,9.88,30.67
3500226,TIDE EVO DETERGENT TILES      ,G7NW24              ,4,20,8.15,14.33,6.22,4.32
3590515,FEBREZE SMALL SPACES HNY      ,G7NW32              ,4,32,6.77,8.50,6.38,4.40
3506113,ALL FC OXI 4N1 MGHTY PACS     ,G7NW34              ,3,10,9.81,15.81,11.06,15.22
3501650,PNSL LVND MLT SRFC FLR CL     ,G7NW53              ,3,20,10.69,11.81,8.00,19.77
3505372,DWNY GNTLE LQ SF FR CB        ,G7NW55              ,3,27,11.85,10.32,6.48,9.26
3504877,GAIN MNLGHT DTRGNT PODS       ,G7NW63              ,3,10,10.04,19.33,9.33,17.60
3505982,MRCLN MGC ERSR WHL HOME       ,G7NW65              ,4,28,9.25,11.00,5.87,0.84
3503416,LYSOL WIPES BND LAV           ,G7NW73              ,4,15,8.50,13.20,8.82,8.31
3501056,DWNY COOL CTTN FBRC RNSE      ,G7NW83              ,4,26,8.37,9.87,6.94,11.97
3501251,BNCE PET HR MEGA SHEETS       ,G7NW85              ,6,18,6.38,12.76,7.40,4.49
3500205,LYSOL PWR  FREE TB CLNR       ,G7NX02              ,3,20,11.25,11.56,7.94,16.80
3504696,DWNY INFSIONS CALM            ,G7NX04              ,5,42,7.81,6.63,6.63,1.95
3505086,FNSH JTDRY DISHWSH LIQUID     ,G7NX12              ,3,29,9.75,8.19,7.06,9.90
3500946,DWNY INF CLM LAV VAN BEAD     ,G7NX14              ,3,20,12.17,9.61,9.61,8.97
3505863,KRO CLN SCNT LQD DSH SOAP     ,G7NX22              ,3,30,10.38,8.00,8.00,12.00
3505399,DWNY OCN MST FBRC SFTNR       ,G7NX24              ,3,27,11.85,10.32,6.48,9.26
3501824,TIDE CLEN BOOST FB DTRGNT     ,G7NX32              ,3,28,12.13,9.75,6.69,15.01
3502027,DOWNY SHEET APRIL FRESH       ,G7NX34              ,3,26,10.44,9.13,7.69,5.14
3502715,KRO FMNG DSH SPRY REFILL      ,G7NX53              ,5,18,7.75,13.25,7.25,10.37
3505677,DWNY FUSIONS ODOR DFNSE       ,G7NX55              ,4,42,7.81,6.63,6.63,2.44
3500918,DWNY LT OCN MIST BEADS        ,G7NX63              ,3,20,12.17,9.61,9.61,8.97
3504545,DWNY LIT FBRC CNDTNR OM       ,G7NX65              ,3,20,11.50,9.50,9.50,7.30
3504693,GAIN FLINGS ORIG SCENT        ,G7NX73              ,3,10,10.04,19.33,9.33,14.29
3503817,DAWN PWRWSH DISH SPRY RFL     ,G7NX75              ,4,20,8.19,10.06,8.63,9.86
3503338,PNSL LMN FRSH MLT S           ,G7NX83              ,3,20,10.69,11.81,8.00,19.77
3505981,MRCLN MGC ERSR WHL HOME       ,G7NX85              ,4,28,8.87,11.81,5.69,1.20
3594748,RNZT AFTER THE RAIN ADJ       ,G7PA02              ,8,16,5.24,12.17,8.99,6.40
3501765,LYSOL HYDRGN PERXIDE          ,G7PA12              ,4,9,11.63,16.13,12.69,29.01
3505012,FBLSO LAVENDER CLEANER        ,G7PA22              ,4,12,11.56,13.38,12.00,36.70
3504419,DAWN FREE CLEAR DW LIQ        ,G7PA32              ,4,22,10.63,10.56,7.63,14.72
3503572,AHMR ODOR BLST FBRC SFTNR     ,G7PA53              ,5,43,11.12,7.56,5.56,7.69
3513508,LQPLMR PR STRGTH CLG RMVR     ,G7PA63              ,3,9,12.00,15.00,13.00,38.20
3503394,CLOROX BATHROOM BLEACH        ,G7PA73              ,4,12,10.81,15.50,9.81,21.00
3503590,LYSOL MOLD MILDEW REMOVER     ,G7PA83              ,4,9,11.63,16.00,12.56,31.00
3500369,CSCD CMPLT CTRS DISH DTRG     ,G7PB02              ,3,15,12.50,13.10,9.30,30.40
3506144,ALL 19CT SDL FREE CLEAR       ,G7PB04              ,5,15,7.25,12.81,9.06,5.70
3503123,AJAX TRPL ACTN OR DISH LQ     ,G7PB12              ,3,15,11.50,13.19,10.19,26.50
3597667,FBRZ FBRC MNLT BRZE GN SP     ,G7PB14              ,3,28,10.83,10.32,6.42,7.30
3502051,FNSH PWBL LIQ DSH DTRG TB     ,G7PB22              ,5,22,7.60,13.78,5.71,3.57
3500522,SVTL SNST ROSE DRYR SHEET     ,G7PB24              ,5,26,7.52,13.39,5.28,2.76
3517358,LQPLMR PR STRGTH CLG RMVR     ,G7PB32              ,3,12,10.80,15.80,9.80,24.40
3504302,DAWN ULTRA ORGNL DSHWSHR      ,G7PB53              ,4,20,9.69,11.42,7.87,13.62
3506116,TIDE DWNY SF BSTR PP DTRG     ,G7PB55              ,4,18,9.37,12.69,7.50,5.60
3501346,AJAX SPR DGSR LMN DSH LQD     ,G7PB63              ,3,15,11.50,12.50,10.19,26.50
3504368,CSCD PLTNM PLS ACTIONPACS     ,G7PB65              ,4,15,7.99,16.26,7.32,7.00
3598062,DGRE MEN COOL RUSH A/D        ,G7PB75              ,4,34,6.64,8.00,6.13,2.00
3598888,SFTSOAP CRMLZ COCONT          ,G7PB83              ,5,46,8.50,6.89,5.75,4.52
3597243,FBRZ FAN GN ISLND FRSH        ,G7PC02              ,3,28,10.83,10.32,6.42,7.30
3594332,COLG TRP ACT TOOTHPASTE       ,G7PC04              ,3,25,8.43,11.14,6.14,7.70
3504892,CLRX CLN UP FRS SCT SPRAY     ,G7PC12              ,3,12,10.75,15.75,10.00,22.00
3592042,FBRZ NTCBL MDTR LV RF 2CT     ,G7PC14              ,5,32,6.77,8.50,6.38,4.40
3592043,FBRZ PLUG MED LAVENDER        ,G7PC22              ,5,20,6.77,8.66,8.58,6.50
3501589,GAIN SCNT BSTR WICKD WWBB     ,G7PC24              ,4,30,10.06,7.75,7.75,4.05
3503562,PLMV ULT PC DISH LIQUID       ,G7PC32              ,3,14,11.44,13.63,8.94,21.30
3591152,ARWK SWT ORANGE LEMON         ,G7PC34              ,5,31,6.16,10.42,5.36,2.60
3503874,AHMR DP CLN ODR FRMLA         ,G7PC53              ,3,10,12.25,15.56,11.56,31.84
3500647,FBLSO CLNR W/BAKING SODA      ,G7PC63              ,3,15,11.00,13.80,7.90,23.30
3504550,CSCD CMPLT FRSH ACTNPACS      ,G7PC65              ,4,15,8.22,16.19,7.31,10.54
3500912,PNSL LMN FRSH MLT SRF CLN     ,G7PC73              ,4,17,9.50,11.88,9.06,20.53
3503246,DWNY UNSTOP FRESH             ,G7PC75              ,4,42,9.19,6.63,6.63,2.70
3505323,CLRX MLT SRF FR N CLN SPY     ,G7PC83              ,3,12,10.81,15.50,9.81,21.50
3591332,ARWK SC OIL HAWAII RF 2CT     ,G7PC85              ,6,31,6.16,10.42,5.36,2.60
3503105,PLMV ULT STR DISH LIQUID      ,G7PD02              ,3,14,11.44,13.63,8.94,21.30
3500068,FNSH PWRBLL QUANTM TABS       ,G7PD04              ,4,20,7.84,11.42,7.56,4.60
3500884,DAWN ULTRA DISHWASH LQD       ,G7PD12              ,3,16,12.01,11.69,9.61,22.40
3502297,AJAX SPR DGSR LMN DSH LQD     ,G7PD22              ,3,12,11.88,11.13,10.75,22.40
3594703,FBRZ RFSH ENRGZ RFLL          ,G7PD24              ,5,32,6.18,8.98,6.34,2.25
3504917,MRPHY OIL SOAP WD FLR CLN     ,G7PD32              ,3,15,10.50,15.00,7.10,21.10
3591408,ARWK SC OIL SNGGL LIN 2CT     ,G7PD34              ,5,31,6.16,10.42,5.36,2.60
3500895,PNSL LVN CLN MLT SRF CLNR     ,G7PD53              ,4,17,9.50,11.88,9.06,20.53
3596020,FBRZ PLUG MIX CRANPINEAPP     ,G7PD55              ,5,20,6.77,8.66,8.58,6.57
3504903,CLRX BATH BLEACH FOAMER       ,G7PD63              ,3,12,11.80,9.80,15.70,20.90
3503932,DWNY RNS RFRSH ODR RESIDU     ,G7PD65              ,3,24,9.75,11.87,6.06,13.17
3502829,KRO SQUEEZE DISH SOAP         ,G7PD73              ,3,16,9.44,12.38,7.88,17.50
3504155,DWNY RINSE CMPT COOL CTTN     ,G7PD75              ,3,28,12.13,9.75,6.69,14.61
3505294,CLRX DISINFECTING WIPES       ,G7PD83              ,4,8,8.58,17.50,13.00,16.80
3592039,ARWK SC OIL LAV/CHAM 2CT      ,G7PD85              ,6,31,6.16,10.42,5.36,2.60
3503870,LYSOL LNDRY SNTZ FR  CLR      ,G7PF02              ,3,13,12.13,15.63,8.88,26.00
3504373,CSCD PLTNM DAWN ACTNPACS      ,G7PF04              ,4,15,7.99,16.26,7.32,8.20
3501490,CLRX ALL PURPOSE CLEANER      ,G7PF12              ,3,12,10.81,15.50,9.81,21.50
3597476,FBRZ PLUG PEACHES 2CT         ,G7PF14              ,5,32,6.77,8.50,6.38,4.39
3502814,PLMV ANTBC ORNG DISH LQD      ,G7PF22              ,3,14,11.44,13.63,8.94,21.30
3504779,FNSH GEL LEMON DISH GEL       ,G7PF32              ,3,14,12.13,13.25,10.25,30.80
3504873,FNSH PWRB DISH PODS           ,G7PF34              ,4,20,9.21,11.81,7.87,5.56
3503468,PERSIL PROCLN OXI DISCS       ,G7PF53              ,4,12,8.93,13.19,11.56,8.90
3504384,CSCD PLTNM DSHWSH DTRGNT      ,G7PF55              ,4,15,7.99,16.26,7.32,8.20
3503142,KRO OXYG CLEANR               ,G7PF63              ,4,14,9.10,21.80,5.70,19.50
3504983,DWNY UNSTOP GRANULES LUSH     ,G7PF65              ,3,20,11.50,9.50,9.50,7.30
3505304,DOWNY LIGHT WHITE LAVENDE     ,G7PF75              ,3,20,11.50,9.50,9.50,7.30
3597117,FBRZ X-STRNGTH FBRC RFRSH     ,G7PF85              ,2,28,10.83,10.32,6.42,7.30
3506086,CLRX DISINFECT BTHRM CLNR     ,G7PG02              ,3,12,10.81,15.50,9.81,20.40
3504941,FNSH PWRB QNTM DSH TABS       ,G7PG04              ,3,17,10.38,11.69,8.56,7.75
3503894,AHMR DP CLN FREE  CLEAR       ,G7PG12              ,5,15,7.00,15.00,7.88,6.55
3501284,AJAX TRPL ACT DISH LIQUID     ,G7PG14              ,4,13,8.98,15.32,8.66,18.55
3591154,SFTSOAP AQUARIUM LHS PUMP     ,G7PG24              ,5,42,6.44,7.25,5.44,3.65
3504449,LYSOL TBC POWER               ,G7PG32              ,3,20,11.25,11.56,7.94,16.80
3501983,PLMV ULT CONCNTR DISH LQD     ,G7PG34              ,3,19,10.50,13.13,7.63,13.40
3506237,GAIN SUPER FLINGS P           ,G7PG53              ,4,18,9.37,12.69,7.50,7.21
3504363,CSCD PLNM PLUS DISH WSHR      ,G7PG55              ,4,15,7.99,16.26,7.32,7.00
3500958,PNSL ORG PINE MLT SRF CLN     ,G7PG63              ,4,28,9.50,11.13,5.75,11.67
3590289,FBRZ AIR CARE REFIL 2CT       ,G7PG65              ,5,32,6.77,8.50,6.38,4.40
3503847,TIDE DEEP CLESNG FBRC RNS     ,G7PG73              ,4,24,9.75,11.87,6.06,13.17
3505129,FNSH PWRBLL DSH PODS          ,G7PG75              ,4,22,8.13,10.75,7.75,5.34
3500506,TILEX FRESH SHOWER CLEANR     ,G7PG83              ,3,12,11.50,15.50,10.00,23.00
3505288,FNSH PWRBLL DSH PODS          ,G7PH02              ,4,22,8.11,10.59,7.64,5.84
3504396,CSCD PLTNM PLS DSH DTRGNT     ,G7PH04              ,4,21,9.37,13.07,6.61,4.60
3503021,FNSH JTDRY RINSE AID          ,G7PH12              ,4,40,8.50,7.50,6.50,7.40
3504444,CSCP ACTION PACS DSHWSHNG     ,G7PH14              ,4,20,8.30,11.26,7.21,5.50
3596265,FEBREZE CAR BERRY BRA         ,G7PH22              ,8,32,4.41,9.76,5.91,0.82
3501688,PLMV OXY DISH LIQUID          ,G7PH32              ,3,19,10.50,13.13,7.63,13.40
3504593,MRCLN CLN FRK GAIN ORGNL      ,G7PH34              ,3,30,11.79,8.66,7.01,8.22
3505941,DWNY UNSTOPABLES              ,G7PH53              ,3,20,11.50,9.50,9.50,7.30
3504202,AHMR FB LAUNDRY SHEETS        ,G7PH55              ,4,30,7.94,9.75,6.31,2.90
3500643,DAWN PLTNM DSHWSHER LIQD      ,G7PH63              ,4,20,9.13,11.50,7.95,11.59
3591155,SFTSOAP MLK HNY LQ HND SP     ,G7PH65              ,5,42,6.44,7.25,5.44,3.65
3597706,FBRZ FAB REF GAIN             ,G7PH73              ,2,28,10.83,10.32,6.42,7.30
3591553,FBRZ CAR MNTN AIR CARE        ,G7PH75              ,8,32,4.41,9.76,5.91,0.83
3591380,FBRZ VENT GAIN SCENT          ,G7PH83              ,7,32,3.50,9.75,5.75,8.00
3513784,CLRX LMN DISINFECT WIPES      ,G7PH85              ,4,14,8.50,13.50,10.00,8.22
3504154,DAWN PWRWSH DISH SPRY RFL     ,G7PJ02              ,4,20,8.19,10.06,8.63,9.89
3500120,FINISH DSHWSHR CLNR           ,G7PJ04              ,6,40,5.50,7.88,5.69,4.26
3505620,FNSH PWRB PWR MV PODS         ,G7PJ12              ,3,28,9.81,10.75,5.63,6.71
3501780,PLMV ANTBC ORNG DISH LQD      ,G7PJ14              ,3,19,10.00,13.13,7.63,13.40
3504489,MR CLEAN LIQUID LEMON DIL     ,G7PJ22              ,3,30,11.13,9.69,6.19,11.90
3597659,FBRZ PLG OCN HG WL AR 2CT     ,G7PJ24              ,5,32,6.77,8.50,6.38,4.40
3504302,DAWN ULTRA ORGNL DSHWSHR      ,G7PJ32              ,4,20,9.69,11.42,7.87,13.62
3591559,FBRZ PLG RFLLS BMB 3CT        ,G7PJ34              ,5,20,6.77,8.66,8.58,6.52
3504885,RSLV URINE DSTRYR STNODR      ,G7PJ53              ,3,16,11.63,10.88,9.63,15.10
3591557,FBRZ BTHRM AIR FRSHN          ,G7PJ55              ,7,34,4.49,9.29,5.95,0.78
3597267,FBRZ FABRIC DOWN APR FRSH     ,G7PJ63              ,2,28,10.83,10.32,6.42,7.30
3596882,FBRZ PLUG JPN BLSSM           ,G7PJ65              ,5,32,6.77,8.50,6.38,4.40
3501208,FNSH ULTIMT DSHWSR TBLTS      ,G7PJ73              ,3,20,10.71,11.69,7.80,6.72
3596175,FBRZ PLUG LILAC 2CT           ,G7PJ75              ,5,32,6.77,8.50,6.38,4.39
3500724,AHMR SCNT BSTR PRFY WATER     ,G7PJ83              ,3,43,11.12,7.56,5.56,7.69
3502205,FNSH PWRBLL DSHWSHR DTGN      ,G7PJ85              ,5,20,7.13,11.69,7.76,2.67
3504915,LYSOL APC LEMON BREEZE        ,G7PK02              ,3,12,11.63,11.25,10.75,19.20
3591625,DGRE MEN EXTRME BLST A/D      ,G7PK04              ,5,34,6.64,8.00,6.13,2.05
3500128,CASCADE ACT PAC COMPLETE      ,G7PK12              ,6,21,5.87,13.07,6.61,2.60
3505808,AHMR ORDR BLSTRS TRPL CBR     ,G7PK14              ,4,18,8.50,16.00,6.69,4.68
3591161,SFTSOAP ALOE LQD HND SP       ,G7PK24              ,5,42,6.40,7.20,5.40,3.60
3504595,SFTSC WITH BLEACH             ,G7PK32              ,3,30,10.64,12.32,5.63,14.84
3503694,DWNY UNSTPBLE FBRC SFTNR      ,G7PK53              ,5,42,7.81,6.63,6.63,1.94
3597391,FBRZ PLG DWNY APRL FR 2CT     ,G7PK55              ,5,32,6.77,8.50,6.38,4.40
3500652,ALL HD2 FREE CLEAR ODOR       ,G7PK63              ,3,16,10.31,11.81,9.44,13.80
3502232,RSLV PET STAIN REMOVER        ,G7PK65              ,2,25,12.00,9.00,8.80,10.50
3501999,CLRX FRSH DISINFECT WIPES     ,G7PK73              ,4,16,8.10,13.20,8.70,8.17
3505270,DWNY FRSH PROT GRNLS APRL     ,G7PK85              ,3,20,11.50,9.50,9.50,7.30
3505169,LYSOL LIMERUST REMVR TBC      ,G7PL22              ,2,20,11.25,11.56,7.94,16.80
3504383,CSCP ACTOPM PACS DSHWSHNG     ,G7PL24              ,4,15,7.99,16.26,7.32,7.00
3597302,FBRZ GAN MNLGT BZ RFL 3CT     ,G7PL32              ,5,20,6.77,8.66,8.58,6.60
3504620,SFTSC CLEANSER LEMON          ,G7PL34              ,3,30,10.64,12.32,5.63,14.84
3597904,FBRZ PLG LINENSKY 3CT         ,G7PL53              ,5,20,6.77,8.66,8.58,6.50
3596024,FBRZ AIR MIST LILC SNRISE     ,G7PL55              ,3,45,10.63,7.76,5.39,4.41
3580354,FBRZ STRFR LN/SKY RF 2CT      ,G7PL63              ,3,28,9.84,8.35,6.42,1.80
3597905,FBRZ PLUG DWNY APR FRSH       ,G7PL65              ,5,20,6.77,8.66,8.58,6.50
3502445,TIDE SMPLY ALL N ONE DTRG     ,G7PM02              ,3,12,10.08,19.65,7.91,15.12
3501071,LYSOL CITRUS DISNFCT WIPE     ,G7PM12              ,4,14,8.50,13.25,9.63,9.60
3505973,LYSOL DSNFCNT WIPES C LNN     ,G7PM14              ,4,15,8.50,13.20,8.82,8.31
3504787,CLRX URINE REMOVAL SPRAY      ,G7PM73              ,4,12,10.81,15.50,9.81,21.58
3591218,RNZT HAWAIIAN SUNSET ADJ      ,G7PM83              ,8,16,5.24,12.17,8.99,6.40
3504766,TIDE LND DTR PDS 3IN1 SM      ,G7PN12              ,5,18,9.37,12.69,7.50,4.83
3591216,RNZT PIRE BREEZE ADJ          ,G7PN22              ,8,16,5.24,12.17,8.99,6.40
3598346,RNZT FRESH LAVENDER ADJ       ,G7PN32              ,8,16,5.24,12.17,8.99,6.40
3503259,TIDE DOWNY SB PWR PODS FS     ,G7PN53              ,4,10,11.81,19.44,9.56,21.20
3503233,CASCADE ACT PAC PLATINUM      ,G7PN63              ,9,21,5.20,13.07,6.61,2.28
3506087,TIDE PWR PODS OXI BOOST       ,G7PN73              ,5,18,9.37,12.69,7.50,5.85
3594587,FBRZ RAINFRST RFLL            ,G7PN83              ,7,32,6.77,8.50,6.38,4.39
3500565,DAWN PLTNM FR RN SCN          ,G7PP02              ,5,17,10.98,10.32,9.02,16.60
3503160,CSCD PLTN PLS AP MTN SCN      ,G7PP12              ,9,21,5.20,13.07,6.61,1.86
3500526,AHMR CLN SCNT CLN MEADOW      ,G7PP22              ,4,43,11.12,7.56,5.56,7.60
3501276,MRCLN FRSH MULT SRFC CLNR     ,G7PP32              ,4,30,11.13,9.69,6.19,11.80
3502283,AJAX TRPL ACTN OR DISH LQ     ,G7PP53              ,3,12,11.75,11.25,10.75,24.10
3506090,TIDE DTRGENT PODS             ,G7PP63              ,5,18,9.37,12.69,7.50,4.83
3592771,AHMR X-STRNG CRPTRM PWDR      ,G7PP73              ,4,30,9.30,7.40,7.40,13.60
3594850,FBRZ CLM LVNDR VNL RFLL       ,G7PP83              ,7,32,6.18,8.98,6.34,2.25
3504859,FBLSO LVNDR ALL PURP CLNR     ,G7PQ02              ,5,15,12.00,13.80,7.90,23.60
3500397,LYSOL TOILET BWL CLNR         ,G7PQ12              ,4,22,11.31,10.13,8.00,15.20
3500516,TIDE HE ODOR   OXI            ,G7PQ22              ,5,10,11.81,15.79,11.18,27.29
3505822,LYSOL LEMON ALL PURP CLNR     ,G7PQ32              ,4,9,11.63,16.13,12.69,30.60
3505569,TIDE FC DETERGENT PODS        ,G7PQ53              ,5,18,9.37,12.69,7.50,4.73
3506030,AHMR UNT DS OXCLN TRPL LQ     ,G7PQ63              ,5,15,10.31,18.31,7.00,8.10
3504633,BNCE MEGA DRYER SHEETS        ,G7PQ73              ,6,18,7.72,13.31,7.68,5.90
3596149,FEBREZE SMSP BATH G           ,G7PR04              ,5,28,6.89,10.39,6.30,1.36
3500191,LYSOL PWR TLT BWL CLN 2CT     ,G7PR12              ,3,22,11.31,10.13,8.00,15.20
3596016,FBRZ AIR MST MNGO SPLSH       ,G7PR14              ,3,45,10.63,7.76,5.39,4.41
3501809,ESOF HEAVY DUTY CLEANER       ,G7PR22              ,3,16,11.63,10.88,9.63,15.06
3503946,AHMR FF LAUNDRY SHEETS        ,G7PR24              ,8,30,6.88,9.64,5.51,2.80
3505298,PLMV ULT OXY DSH LIQUID       ,G7PR32              ,3,14,13.44,13.63,8.94,21.30
3596089,FEBREZE AIR JASMINE           ,G7PR34              ,3,45,10.63,7.76,5.39,4.41
3596924,FBRZ FBR CLM LVB FB RFHNR     ,G7PR53              ,3,25,10.24,10.00,7.32,8.04
3505974,LYSOL POWER LME  RUST         ,G7PR55              ,3,22,11.31,10.13,8.00,15.20
3501421,CLRX CLEANING WIPES           ,G7PR63              ,4,16,8.44,12.75,8.50,9.24
3505977,MRCLN MGC ERSR SHWR TUB       ,G7PR65              ,3,22,11.63,11.25,7.13,2.49
3503408,RIDX PLATINUM SEPTIC          ,G7PR73              ,3,30,10.06,8.44,7.31,10.40
3596331,FBRZ PLUG WARM OCEAN          ,G7PR75              ,5,32,6.77,8.50,6.38,4.40
3500496,CLRX TBC CLNGING BLCH GEL     ,G7PR83              ,3,20,11.19,12.13,7.13,11.70
3504830,DWNY INFSNS DRY SHTS CALM     ,G7PR85              ,5,25,7.95,9.09,7.68,4.67
3504862,RSLV CONC CARPET CLEANER      ,G7PS02              ,3,14,11.40,13.00,9.30,21.60
3500129,FNSH PWRBLL QUANTM TABS       ,G7PS04              ,6,16,6.06,12.95,8.70,4.10
3594583,DOVE PRLY PMPR CR PEON BW     ,G7PS12              ,4,48,9.79,7.61,4.99,5.00
3502761,DWNY UNSTPBL FUSION SN CT     ,G7PS14              ,5,42,7.81,6.63,6.63,2.44
3505607,BNCE SHTS PET LNT             ,G7PS24              ,4,18,7.87,12.78,7.68,7.07
3595867,FEBREZE FABRIC CYPR           ,G7PS34              ,3,25,10.08,9.80,7.24,8.04
3594201,FBRZ PLG WRMR W/GAIN REFL     ,G7PS53              ,4,21,7.28,13.27,6.61,2.60
3504061,DWNY BLNDS SFT FRS SPR PE     ,G7PS55              ,5,42,7.81,6.63,6.63,2.80
3595652,FBRZ AIR MIST JC SMR PCHS     ,G7PS65              ,3,45,10.63,7.76,5.39,4.41
3502827,PERSIL INT FRSH UP LN DTR     ,G7PS73              ,4,12,8.93,13.19,11.56,10.08
3591944,FEBREZE SCENT BOOST BLAC      ,G7PS75              ,6,32,6.18,8.98,6.34,2.20
3502762,CLRX TOILET WAND REFILL       ,G7PS83              ,3,20,11.00,13.31,8.44,2.00
3591945,FBRZ PLUG SUMMER 2CT          ,G7PS85              ,6,32,6.77,8.50,6.38,4.39
3590544,FBRZ APL CIDR AIR FRESHNR     ,G7PT02              ,4,32,6.77,8.50,6.38,4.40
3501227,BNCE FS DRYR SHT OTDR FRH     ,G7PT04              ,4,18,7.72,13.31,7.68,5.62
3504905,LMWY CLNR TRIGGER SPRAY       ,G7PT12              ,3,25,11.80,9.90,7.50,10.50
3501864,BNCE FBRC SFTNR DRYR SHTS     ,G7PT14              ,6,18,5.67,13.31,7.68,3.62
3591943,FEBREZE AIR CYPRUS            ,G7PT22              ,3,45,10.63,7.76,5.39,4.41
3505381,LYSOL ANTIBAC KITCHN CLNR     ,G7PT24              ,3,15,11.63,14.94,7.75,16.00
3505454,DWNY FSIONS ODR DFNS DB       ,G7PT32              ,5,42,7.81,6.63,6.63,2.44
3592769,AHMR PET FRS CRPTRM PWDR      ,G7PT53              ,4,30,9.30,7.40,7.40,13.60
3504355,DWNY CL CTN INSNT BOOSTR      ,G7PT63              ,3,20,11.50,9.50,9.50,7.30
3594934,FBRZ PLG SCNT BST OIL WRM     ,G7PT65              ,6,40,6.02,8.90,4.72,1.48
3504922,DAWN ULTRA HND DSHWSH LIQ     ,G7PT73              ,3,25,9.94,9.69,7.31,12.88
3505349,MRCLN DEEP CLN FRK  MIST      ,G7PT83              ,3,30,11.00,8.66,7.01,8.23
3500609,GAIN ORIG DRYER SHEETS        ,G7PT85              ,6,18,5.67,13.31,7.68,3.32
3591942,FEBREZE AIR SUMMER            ,G7PU02              ,3,45,10.63,7.76,5.39,4.41
3501169,BNCE OUTDOOR FRESH DRY SH     ,G7PU04              ,3,26,10.44,9.13,7.69,5.50
3500548,AHMR CLN SCNT BOOSTERS        ,G7PU14              ,3,24,11.88,9.75,7.88,13.20
3504420,CSCD PLTNM PLS ACTNPC RFL     ,G7PU22              ,4,21,9.37,13.07,6.61,3.60
3501011,MR CLEAN MAGIC ERASER ULT     ,G7PU24              ,4,36,9.25,8.06,6.06,0.80
3500532,AHMR ODOR BLSTR DRYR BDS      ,G7PU32              ,3,24,11.88,9.75,7.88,13.20
3506593,CLRX TLT WND RFLL RNFRST      ,G7PU34              ,3,20,11.00,10.25,8.44,2.00
3500465,AHMR ODOR BLASTER             ,G7PU53              ,3,43,11.12,7.56,5.56,7.60
3591482,FEBREZE PLUG JASMINE H        ,G7PU63              ,5,32,6.77,8.50,6.38,4.40
3504705,DWNY INFS LAV VAN GRNLS       ,G7PU65              ,3,20,11.50,9.50,9.50,7.30
3501018,CSCD CMPLT AP                 ,G7PU73              ,4,21,9.37,13.07,6.61,5.60
3504135,DAWN PLTNM PW FRCLR SPRY      ,G7PU75              ,3,28,10.83,8.56,7.04,8.09
3591272,FBRZ PLUG MANGO 2CT           ,G7PU83              ,5,32,6.77,8.50,6.38,4.38
3590533,ARWK SO ADV PLUG IN GAD       ,G7PU85              ,5,37,6.88,11.38,4.32,1.05
3510621,CLRX TOILET WAND STRT KIT     ,G7PV02              ,2,12,15.30,15.80,9.40,7.20
3501392,DAWN PLTNM PWRWH DISH SPY     ,G7PV04              ,3,28,8.07,8.74,7.01,7.30
3591136,FEBREZE PLUG SPRING           ,G7PV14              ,5,20,6.77,8.66,8.58,6.56
3505043,GAIN FIREWRKS MNLGHT BRZE     ,G7PV22              ,3,20,11.50,9.50,9.50,7.30
3504351,CSCD DISHWASHER CLEANER       ,G7PV24              ,5,39,6.06,10.13,4.63,1.36
3501031,LYSOL CTRS SCNT SNTZG WPS     ,G7PV32              ,3,15,10.00,13.13,9.88,10.20
3501214,AHMR CLN SCNT DRYR BEADS      ,G7PV34              ,3,43,11.12,5.56,7.56,7.69
3505421,AH CLBRS PLS LL FR 5N1 LD     ,G7PV55              ,4,18,8.50,16.00,6.69,4.64
3513786,CLRX FRSH DISINFECT WIPES     ,G7PV63              ,4,14,8.50,13.70,10.50,8.22
3502587,SNGGL DRYER SHEET SPR BRZ     ,G7PV65              ,7,16,5.25,13.63,7.69,3.75
3590166,FBRZ STRFR LINEN  SKY         ,G7PV75              ,6,34,4.49,9.29,5.95,0.70
3500530,AHMR ODOR BLSTR DRYR BDS      ,G7PV83              ,3,43,11.12,5.56,7.56,7.69
3501285,MRCLN OF GAN MLT SRF CLNR     ,G7PV85              ,3,30,11.13,9.69,6.19,11.90
3503975,SNGGL DRYR SHEET MORN BRZ     ,G7PW22              ,7,16,5.50,13.63,7.69,3.75
3594945,DOVE GO FRSH CMBRGTEA BW      ,G7PW32              ,4,48,9.79,7.61,4.99,4.20
3503583,GAIN FLINGS ORGNL DTRGNT      ,G7PW53              ,5,18,9.37,12.69,7.50,6.10
3591073,DOVE DEEP MOISTURE BDYWSH     ,G7PW63              ,5,40,9.44,10.53,6.41,10.00
3504209,GAIN LNDR DTRGNT FLINGS       ,G7QF02              ,5,18,9.37,12.69,7.50,4.63
3504394,MRCLN LEMON MLT SRFC CLNR     ,G7QF12              ,4,20,11.63,11.63,7.31,18.30
3591077,DOVE SNSTV SKIN BODY WASH     ,G7QF22              ,5,40,9.44,10.53,6.41,10.00
3500635,ALL 2X ULTRA FR CLR LD        ,G7QF32              ,4,16,10.31,11.81,9.44,13.90
3503677,DWNY APRL FRSH FBRC SFTNR     ,G7QF53              ,5,42,9.19,6.63,6.63,2.75
3500029,FNSH PWRBLL POWER 43CT        ,G7QF63              ,6,17,7.75,11.88,9.13,5.80
3505980,DOWNY LIQ COOL COTTON         ,G7QF73              ,4,10,12.13,18.63,9.56,31.50
3501166,BNCE FREE DRYER SHEET         ,G7QF83              ,4,26,10.44,9.13,7.69,5.60
3595015,DOVE MEN CC BDY FC WSH        ,G7QG02              ,4,37,10.13,8.38,5.75,8.84
3503236,CASCADE ACT PAC PLAT PLUS     ,G7QG12              ,9,21,5.20,13.07,6.61,1.86
3505892,ALL SNSTV SKIN DRYR SHEET     ,G7QG22              ,6,16,6.50,13.50,8.00,4.10
3591081,DOVE MEN EF BDY FC WSH        ,G7QG32              ,5,37,10.13,8.38,5.75,8.84
3503625,GAIN SCN BST OD DFN SFB       ,G7QG53              ,4,30,10.87,7.75,7.75,6.52
3506140,GAIN FLINGS 2X MNLT BRZ       ,G7QG63              ,5,18,9.37,12.69,7.50,4.63
3596012,DOVE DEEP MOISTURE BDYWSH     ,G7QG73              ,4,48,9.79,7.61,4.99,4.20
3502491,PERSIL PROCLN DEEP CLEAN      ,G7QG83              ,4,8,11.13,19.63,11.19,37.50
3591151,COLG BK SD PRX WHT MNT TP     ,G7QH02              ,7,25,8.43,11.14,6.14,7.70
3591153,COLG CVTY PRTCN GR RG FLV     ,G7QH12              ,4,25,8.43,11.14,6.14,7.70
3500680,DAWN ULTRA ANTIBC APPL DW     ,G7QH22              ,4,20,9.69,11.42,7.87,13.64
3503346,GAIN LQ FBRC SFTN ORIGNL      ,G7QH32              ,3,24,11.61,13.11,5.95,12.12
3506115,TIDE LND DTR MGA PODS ODR     ,G7QH53              ,5,18,9.37,12.69,7.50,5.90
3502456,ALL DTRG FRE CLR OXI          ,G7QH63              ,4,14,12.56,13.25,10.13,22.70
3591079,DOVE RLXNG LVNDR BDY WSH      ,G7QH73              ,4,48,9.75,7.63,5.00,6.17
3504608,DWNY LGHT SCN BSTR CH BLS     ,G7QH83              ,3,20,11.50,9.50,9.50,7.44
3502420,AHMR DTRGNT OXI CLN FRE       ,G7QJ02              ,5,12,10.94,12.31,11.69,24.50
3505402,LYSOL LAUNDRY SANTIZER        ,G7QJ12              ,5,21,8.63,13.38,6.75,9.78
3502378,AHMR LNDR DTRGNT MEGA VAL     ,G7QJ22              ,5,12,10.94,12.31,11.69,25.70
3502462,ALL FREECLR LNDRY DTRG        ,G7QJ32              ,4,14,12.56,13.25,10.13,22.80
3500678,DAWN ULTRA AB APLBLSM LQD     ,G7QJ53              ,4,16,12.01,11.69,9.61,22.40
3505896,CLRX DISNFCTNG WIPES 3CT      ,G7QJ63              ,5,8,9.00,13.10,17.40,16.61
3503303,AHMR LNDR DTRGNT OXI CLN      ,G7QJ73              ,5,12,10.94,12.31,11.69,24.50
3503154,CSCD PLTN PLS AP CL LM SC     ,G7QJ83              ,9,21,5.20,13.07,6.61,1.86
3504451,CSCD PLTNM PLS DSH DTRGNT     ,G7QK02              ,5,21,9.37,13.07,6.61,3.60
3591072,DOVE RFRSH CCMBRGTEA BW       ,G7QK12              ,3,40,8.75,9.00,5.19,7.61
3505659,GAIN TANGO APL MNGO SB        ,G7QK32              ,4,30,10.87,7.75,7.75,6.52
3506161,AHMR FRSH SFT SHEET F BUR     ,G7QK53              ,6,24,7.59,5.90,13.40,4.50
3598069,FBRZ CAR LINEN  SKY           ,G7QK63              ,1,32,7.38,6.56,6.56,0.80
3598696,TRSME MOISTURE SHMP           ,G7QK73              ,4,30,10.25,7.63,7.56,11.50
3594847,RNZT ODOR NEUTRALIZER ADJ     ,G7QK83              ,8,16,5.24,12.17,8.99,6.40
3502502,PERSIL PROCLN OXI PR DC       ,G7QL02              ,4,8,11.13,19.63,11.19,37.60
3504943,BNCE OUTDR FRSH DRYR SHTS     ,G7QL12              ,4,25,7.56,9.09,7.64,3.73
3501767,ALL FR  CLR FBRC SFTNR        ,G7QL22              ,4,15,10.31,12.38,9.44,15.30
3598453,FBRZ FAB HD OEP CC FB RFR     ,G7QL32              ,4,25,10.24,10.00,7.32,8.00
3594946,TRSME MOISTURE CONDITIONR     ,G7QL53              ,1,30,10.25,7.63,7.56,11.10
3505626,GAIN SCNT BSTR  STBR SHEA     ,G7QL63              ,4,30,10.87,7.75,7.75,6.52
3502239,LYSOL DSNFCTNG WIPES 3CT      ,G7QL73              ,5,15,8.50,13.20,8.82,9.65
3502671,PLMV ULTR STRNGT DSH SP       ,G7QL83              ,4,40,11.69,9.25,5.00,8.34
3503265,DAWN PLTN PLS PWRSDS          ,G7QM02              ,4,17,10.35,11.61,8.43,16.06
3595186,FBRZ VNLLA SUED RFL           ,G7QM12              ,7,32,6.77,8.50,6.38,4.38
3505546,DWNY GNTL OCN MIST FS         ,G7QM22              ,4,10,12.50,18.82,9.80,28.33
3505422,DOWNY RINSE OCEAN MIST        ,G7QM32              ,5,40,9.37,8.00,6.00,8.95
3501085,PNSL ORG PINE MLT SRF CLN     ,G7QM53              ,5,25,8.25,9.31,7.69,12.74
3500630,TIDE APRL FRSH LNDR DTRG      ,G7QM63              ,4,10,11.63,19.38,9.50,34.60
3506172,AHMR FRSH SFT SHEET F BOT     ,G7QM73              ,6,24,7.59,13.40,5.90,4.50
3504244,TIDE LND DET LS 2X OX BST     ,G7QM83              ,6,12,9.75,19.13,7.63,13.15
3503280,DAWN PLT PLS PWRSDS FR RN     ,G7QN02              ,5,28,9.25,9.75,6.63,11.09
3501704,CLRX DSNFCTNG TLTWND RFLS     ,G7QN12              ,4,15,11.25,16.06,6.94,2.58
3505413,DWNY FUSION ODOR D            ,G7QN22              ,4,30,10.87,7.75,7.75,6.52
3503376,FBLSO LVNDR MP CLEANER        ,G7QN32              ,6,35,8.11,7.36,6.81,7.14
3503409,MRCLN CLN FRK GRAPEFRUIT      ,G7QN53              ,4,30,11.00,8.66,7.01,8.01
3502397,CLRX BLCHBLUE TLT BOWL        ,G7QN63              ,3,28,8.10,6.80,9.30,2.76
3505397,DWNY OCN MST FBRC RNS         ,G7QN73              ,4,16,11.81,12.85,8.04,19.89
3502117,CLRX BLEACH TBWL CLEANER      ,G7QN83              ,3,28,7.80,6.80,9.60,3.50
3505367,DWNY UNSTPBL FUSION DB CL     ,G7QP02              ,4,20,11.50,9.50,9.50,8.09
3503956,CLRX FOAMING TOILET BOMB      ,G7QP12              ,6,33,7.38,8.19,6.13,2.60
3591157,IRSH SPRNG ORIG BDY WSH       ,G7QP22              ,4,34,10.27,9.13,4.20,6.30
3510340,FNSH JTDRY RINSE AID          ,G7QP53              ,5,46,6.50,7.00,6.00,4.90
3591240,ARWK SC OIL FR WTR RF 2CT     ,G7QP63              ,6,30,6.16,10.42,5.36,2.60
3502699,PLMV ULTRA OX DISH SP         ,G7QP73              ,4,40,11.69,9.25,5.00,8.34
3591080,DOVE MNG ALMND BODY WASH      ,G7QQ02              ,4,48,9.75,7.63,5.00,6.57
3500822,MRCLN MGC ERSR ULTRA BATH     ,G7QQ12              ,5,36,9.25,8.06,6.06,1.02
3500116,FINISH QUANTUM ACTIVEBLU      ,G7QQ22              ,5,22,8.11,10.59,7.64,6.10
3505393,DWNY CL CTTN FBRC RNS         ,G7QQ32              ,4,16,11.81,12.85,8.04,19.89
3502228,CLRX LMN FRSH DISINF WIPE     ,G7QQ53              ,5,16,8.50,12.00,9.00,8.17
3591162,SFTSOAP FRESH BRZ LQD HS      ,G7QQ63              ,7,42,6.44,7.25,5.44,3.60
3503328,LYSOL APC BND LAVENDER        ,G7QQ73              ,4,12,11.63,16.13,9.63,22.00
3503369,FBLSO WTRMLN SCNT MP CLNR     ,G7QQ83              ,5,15,10.83,13.70,7.80,23.49
3501609,TIDE EVO SPRNG BLAST DTRG     ,G7QR02              ,5,13,9.21,14.09,9.17,9.79
3501398,DOWNY COMFY COZY TSTD VAN     ,G7QR12              ,7,30,6.47,9.43,6.43,3.17
3500728,DAWN PLTN BA CLN LEMON DD     ,G7QR22              ,4,22,10.63,10.56,7.63,14.70
3501567,MRCLN MDRN MLT SRFC CLNR      ,G7QR32              ,4,30,11.13,9.69,6.19,11.99
3505364,LYSOL DUAL ACTION WIPES       ,G7QR53              ,5,15,8.50,13.20,8.82,9.10
3590968,SEVENTH GENERATION HAND D     ,G7QR73              ,5,30,9.47,7.53,6.90,8.77
3590970,SEVENTH GENERATION HAND D     ,G7QR83              ,5,30,9.47,7.53,6.90,8.77
3505352,GAIN DRYR SHTS MNGHLT BRZ     ,G7QS02              ,6,25,7.56,9.09,7.64,3.59
3595675,DOVE SHEA BUTTER BODYWASH     ,G7QS12              ,4,48,9.79,7.61,4.99,5.00
3505933,DWNY FB SFTNR LAV VAN         ,G7QS22              ,6,18,8.00,13.75,7.75,2.80
3505335,BNCE FREE  GNTL DRYR SHT      ,G7QS32              ,6,18,7.60,13.31,7.68,5.25
3500165,DAWN PLTN BA CLN LEMON DD     ,G7QS53              ,4,16,11.81,11.58,9.61,19.80
3595775,DOVE BW OAT MLK  CHMOMLE      ,G7QS63              ,4,48,9.75,7.63,5.00,6.57
3596443,DOVE SNSTV SKIN BODY WASH     ,G7QS73              ,4,48,9.79,7.61,4.99,4.20
3595613,DOVE CP ANTIBACTERIAL BW      ,G7QS83              ,4,48,9.75,7.63,5.00,6.57
3504556,DWNY CC TST VAN SFTNR BDS     ,G7QT32              ,4,20,11.50,9.50,9.50,9.41
3596150,NSTL PR LF PURIFIED WATER     ,G7RA02              ,5,9,10.31,17.00,11.65,41.31
3594942,FIJI NAT ARTESN WATER         ,G7RA73              ,4,14,11.93,13.98,10.55,42.80
3594139,PURE LIFE DISTILLED WATER     ,G7RA83              ,5,7,12.45,12.85,19.20,54.00
3594951,FIJI NAT ARTESN WATER 6PK     ,G7RB02              ,6,12,7.68,15.83,10.67,29.11
3520777,OZRK SPRING WATER             ,G7RB22              ,5,7,10.00,18.50,12.80,54.00
3598487,NDIW PURIFIED WTR 24PK        ,G7RB53              ,6,14,7.70,11.60,13.90,27.60
3594249,OZRK BOT PET SPRING           ,G7RB73              ,5,9,10.10,11.85,17.60,40.60
3590819,FIJI NTRL ARTISAN WTR 6PK     ,G7RB83              ,5,22,10.81,9.83,8.00,20.27
3597008,KRO ALKALINE WATER 24PK       ,G7RC02              ,6,14,8.50,13.80,11.70,28.20
3595302,PURE LIFE WATER 28PK          ,G7RC53              ,5,12,8.30,10.20,17.60,33.10
3591596,KRO SPRING WATER 24PK         ,G7RD02              ,6,14,7.80,11.60,13.90,27.60
3500545,OZARKA SPRING WATER 24PK      ,G7RD53              ,6,13,7.70,14.20,10.20,28.60
3595237,KRO SPKLG WATER               ,G7RF02              ,5,13,11.38,13.25,10.13,31.00
3520778,OZRK SPRING WATER             ,G7RF32              ,4,12,12.50,13.00,10.00,45.00
3594129,PURE LIFE DISTILLED WATER     ,G7RF73              ,4,12,12.15,10.60,13.15,46.20
3500723,OZRK SPRING WATER 12PK        ,G7RF83              ,5,12,10.00,14.75,9.75,36.60
3598498,CGYS ALPINE SPR WATER         ,G7RG53              ,9,16,5.68,13.00,11.00,17.00
3591446,ST VPR DSTLD WTR ELC 24PK     ,G7RH53              ,6,13,7.30,14.00,11.25,28.30
3595224,KRO SPARKLING WATER           ,G7RJ02              ,4,16,12.00,13.38,8.88,27.50
3594727,MAISON WATER PET              ,G7RJ22              ,5,9,9.10,17.60,11.70,29.10
3504279,SAN PEL SPKL MIN WTR 12PK     ,G7RJ32              ,6,16,11.80,9.60,12.90,32.60
3500249,OZRK SPRING WATER PET         ,G7RK02              ,5,9,10.00,17.80,12.50,42.00
3590292,CGYS ALPNE SPRNG WTR 6PK      ,G7RK53              ,6,12,7.75,15.25,10.25,28.50
3504675,SPLSH REFR MAND ORG 6PK       ,G7RK73              ,6,12,8.20,15.20,9.80,28.40
3590959,KRO PURIFIED WTR PET          ,G7RK83              ,4,12,11.46,16.06,10.71,52.30
3531403,CMFRTS PRFD WTR W FLRD        ,G7RL02              ,4,14,10.25,18.75,6.25,30.00
3592018,MTVL SPRING WATER             ,G7RL12              ,4,14,11.81,13.91,10.16,41.16
3595023,OZRK BOTTLED WATER 12PK       ,G7RL53              ,8,12,6.33,10.20,15.25,20.00
3596095,HINT WATERMELON WATER         ,G7RL63              ,6,24,8.00,11.25,8.50,14.50
3581328,KRO PURIFIED WATER 24PK       ,G7RL73              ,12,14,5.75,11.60,13.90,12.80
3592545,SPLSH REFR ACAI GRPE 6PK      ,G7RL83              ,6,12,8.25,10.15,15.10,28.40
3500269,KRO SPRING WATER              ,G7RM53              ,4,14,10.50,18.00,6.10,27.00
3504672,SPLASH REFR WLD BERRY 6PK     ,G7RM73              ,6,12,8.20,15.20,9.80,28.40
3591399,ST ORNG VAN SLTZ WTR 8PK      ,G7RM83              ,8,13,6.30,14.10,9.50,20.88
3504591,KRO DISTILLED WATER           ,G7RN12              ,4,14,12.00,18.20,6.20,27.00
3595850,KRO PURIFIED WATER 3PK        ,G7RN53              ,4,14,10.50,18.75,6.50,27.00
3592038,PRSL SPKLNG MNRL WTR 12PK     ,G7RN63              ,5,24,9.19,7.50,10.00,15.50
3592217,CGYS ALPN SPRNG WATER         ,G7RN73              ,4,12,12.00,16.00,13.00,51.50
3503789,SAN PEL SPARKLING WATER       ,G7RN83              ,5,14,12.60,13.50,10.20,28.60
3595090,WTRLOO GUAVA BERRY            ,G7RP02              ,10,10,5.00,10.68,15.80,19.60
3595643,FIJI WATER 6PK                ,G7RP22              ,7,15,7.00,13.50,9.00,29.90
3598735,SAN PEL SPKL MNRL WTR 6PK     ,G7RP32              ,6,12,8.94,15.83,10.55,28.90
3590972,KRO DISTILLED WTR PET         ,G7RP53              ,4,12,11.46,16.06,10.71,52.30
3591402,ST TANG LMNGS SZ WTR 8PK      ,G7RP63              ,8,13,6.30,14.10,9.50,20.88
3590082,CGYS ALPNE SPRNG WTR 24PK     ,G7RP73              ,6,14,7.50,14.00,11.25,27.75
3595020,KRO KD LMN FLVR WTR 15PK      ,G7RP83              ,9,22,5.00,12.00,9.00,10.40
3596096,HINT PINEAPPLE WATER          ,G7RQ02              ,6,24,8.00,11.25,8.50,14.00
3595066,KRO KD BRY FLVR WTR 15PK      ,G7RQ12              ,9,22,5.00,12.00,9.00,10.40
3594792,SAN PEL LIMONATA 6PK          ,G7RQ22              ,6,13,5.90,14.35,9.65,19.42
3596101,PURE LIFE WATER 12/8PK        ,G7RQ32              ,10,12,5.00,15.50,10.40,15.60
3596040,KRO KD SBRY FLVD WTR 15PK     ,G7RR02              ,9,22,5.00,12.00,9.00,10.40
3596048,KRO KD GRP FLVR WTR 15PK      ,G7RR12              ,9,22,5.00,12.00,9.00,10.40
3595788,SAN PEL WATER 12PK            ,G7RR22              ,6,24,9.17,10.55,7.91,14.42
3596034,HINT BLACKBERRY WATER         ,G7RR32              ,6,24,6.70,11.00,8.25,14.20
3598744,KRO ALKALINE WATER            ,G7RS02              ,4,14,10.50,18.50,6.50,26.27
3596200,HINT CHERRY ESSENCE WTR       ,G7RS22              ,6,24,8.10,10.60,7.80,14.00
3591255,ST VPR DSTLD WTR 1GAL         ,G7RS32              ,4,9,11.00,12.00,12.00,34.00
3590093,LACROIX SNSH SPRK WTR 8PK     ,G7RT32              ,10,10,5.00,16.13,10.50,20.00
3591612,BLUE FC PLASTIC BAG           ,G7SA02              ,4,12,10.50,11.50,12.00,25.98
3500650,CHARMIN STRONG 12 MEGA XL     ,G7SB02              ,4,5,16.38,22.76,15.98,18.20
3503023,KLNX STH LTN FACIAL TSSUE     ,G7SB12              ,2,6,20.70,14.88,18.63,21.08
3502614,KLNX TRSTD CARE FCL TSSUE     ,G7SB22              ,2,6,19.88,14.88,18.63,20.96
3506276,KRO DESIGN PLTE 6.8IN         ,G7SB32              ,8,11,8.00,21.00,7.50,10.00
3501597,BNTY SLCT A SZE 4 TRP RLS     ,G7SB73              ,3,4,22.64,23.90,18.03,18.76
3506342,VIVA MULTI SURFACE TOWEL      ,G7SB83              ,4,4,21.00,22.50,21.13,21.45
3502625,KLNX ULT SFT FACIAL TSSUE     ,G7SC02              ,2,6,21.13,18.38,14.38,16.64
3504510,SPRKL TEAR A SQR PPR TWLS     ,G7SC12              ,2,6,22.63,19.06,14.81,13.80
3500713,GLAD QCKTIE WHT TRSH BAGS     ,G7SC22              ,5,10,8.56,18.56,9.19,11.09
3506638,KRO ALMNM FOIL 200 SF         ,G7SC32              ,3,27,9.45,13.19,7.28,23.40
3506633,KRO HD ALMNM FL 50 SF         ,G7SC53              ,3,15,13.19,11.81,8.66,27.50
3503703,KLNX ULT SFT FACIAL TSSUE     ,G7SC63              ,3,9,15.88,13.75,9.56,6.52
3500646,CTNL ULT CMFT TOLET PAPER     ,G7SC73              ,3,6,12.25,19.62,14.97,10.18
3504333,KRO SLOW COOKER LNR           ,G7SC75              ,4,30,8.63,9.63,6.69,2.10
3502518,KLNX ULTRA FACIAL TISSUE      ,G7SC83              ,2,6,14.88,19.88,18.63,20.95
3500692,CTNL ULTR CLN TISSUE MEGA     ,G7SC85              ,3,6,12.25,19.62,14.97,10.75
3503084,BNTY SLC A S PPR TWL 4DR      ,G7SD02              ,2,6,22.64,20.24,15.24,12.90
3505630,KRO ULA FAC CB 3 PL           ,G7SD12              ,4,9,13.88,16.25,13.63,9.00
3505657,KRO FAC FLAT 4 PK             ,G7SD22              ,4,6,15.25,18.25,14.38,14.20
3502486,QLTN ULT PLSH MEGA ROLLS      ,G7SD32              ,3,6,15.88,20.88,15.13,17.34
3501187,GLAD LMN DRAWSTRING BAGS      ,G7SD53              ,4,39,7.50,8.13,5.50,3.62
3503594,RYND WRAP ALUMINUM FOIL       ,G7SD63              ,3,15,13.00,13.00,9.40,27.30
3591612,BLUE FC PLASTIC BAG           ,G7SD73              ,4,12,10.50,11.50,12.00,25.98
3501305,KLEENEX COOLING   ALO TSS     ,G7SD83              ,4,6,21.13,18.38,14.38,16.95
3591486,BLUE FC 1/7 BBL PAPER BAG     ,G7SF02              ,2,9,14.00,14.50,21.00,46.00
3502484,SCOTT BATH TISSUE             ,G7SF12              ,4,6,17.38,18.38,14.00,21.10
3501203,PUFFS PLUS 2PLY WHT UNSCT     ,G7SF32              ,5,6,10.87,18.86,15.04,10.47
3500693,VNFR ALL OCCASION NAPKINS     ,G7SF53              ,4,6,13.50,23.94,13.19,19.73
3505295,VNFR NAPKINS                  ,G7SF63              ,3,6,13.50,23.90,13.10,19.70
3598865,ST NAPKINS                    ,G7SF73              ,5,6,12.13,24.00,12.38,14.75
3506568,KLNX MAINLINE TISSUE          ,G7SF83              ,3,6,15.25,18.63,14.75,15.51
3503243,ANGSFT TP MEGA ROLLS          ,G7SG02              ,3,6,15.88,20.63,15.63,14.87
3501246,KRO SOFT  STRONG 12 MR        ,G7SG12              ,4,6,15.88,21.00,15.50,21.40
3506068,CTNL ULT CLN MEGA STG TR      ,G7SG22              ,4,6,16.13,19.62,14.97,14.33
3505740,KRO ULTRA SOFT 6 MEGA RL      ,G7SG32              ,4,6,12.56,15.25,19.13,12.10
3502534,KRO RUG  REL 4 ROLL           ,G7SG53              ,2,6,22.63,16.13,19.88,14.20
3505119,PUFFS MEGA 4X ULTRA SOFT      ,G7SG63              ,5,6,10.87,18.86,15.04,10.80
3595961,ST BATH TISSUE DBL RLS        ,G7SG73              ,4,8,16.38,17.38,13.25,12.10
3503410,VNFR NAPKINS DISPOSABLE       ,G7SG83              ,5,6,13.50,23.00,12.75,9.41
3501342,PUFFS ULT SFT FCL TISSUES     ,G7SH12              ,4,6,15.00,18.62,15.75,16.35
3504574,RYND UNBLCHD PARCH PPR        ,G7SH22              ,3,28,6.81,9.00,13.06,6.08
3505450,KRO 8 TRIPLE ROLL PAP TWL     ,G7SH32              ,4,6,11.00,11.90,23.80,5.50
3500374,VNFR DISPENSER 40CT           ,G7SH53              ,3,10,9.31,15.94,11.81,9.30
3501747,GLAD FF LKGRD TRASH BAGS      ,G7SH55              ,4,16,9.06,12.94,8.75,10.38
3502604,KLNX HAND TOWELS              ,G7SH63              ,3,16,9.60,12.10,9.90,4.00
3502535,CTNL GNTL FLSHBL WIPES        ,G7SH65              ,5,20,7.00,12.38,7.75,11.00
3503722,SCOTT BATH TISSUE             ,G7SH73              ,2,6,17.38,18.38,14.50,21.00
3502546,HFTY EX STRNG WHT PN BLCK     ,G7SH75              ,3,13,10.38,14.81,9.50,13.72
3500981,KLEENEX SNAP AMPAMP GO FA     ,G7SH83              ,3,15,10.25,13.00,9.63,7.82
3598406,ST NAPKINS                    ,G7SH85              ,3,6,17.38,24.00,13.25,14.90
3502422,QLTN SFTSTRG TLT TISSUE       ,G7SJ02              ,4,6,17.00,20.88,15.63,15.46
3505450,KRO 8 TRIPLE ROLL PAP TWL     ,G7SJ12              ,4,6,11.00,11.90,23.80,5.50
3500846,ANGEL SOFT 8 MEGA ROLL TP     ,G7SJ22              ,4,6,18.88,20.63,15.63,14.80
3504508,ANGSFT LVNDR MEGA TP 8 RL     ,G7SJ32              ,4,6,15.88,20.63,15.63,14.80
3502564,KLEENEX LOTION FACIAL TIS     ,G7SJ53              ,3,10,21.13,18.75,9.50,11.52
3502486,QLTN ULT PLSH MEGA ROLLS      ,G7SJ63              ,3,6,15.88,20.88,15.13,17.34
3501261,PUFFS PLUS LTN  SNIFFERS      ,G7SJ73              ,6,6,10.87,18.86,15.04,10.80
3504813,KRO NONSTICK FOIL ROLL        ,G7SJ83              ,4,22,13.13,11.19,7.69,14.06
3505124,PUFFS PLUS FAMILY 4 PACK      ,G7SK02              ,3,6,15.00,18.62,15.75,16.35
3501772,KRO RECLOS GAL BG 38CT        ,G7SK12              ,3,24,11.42,10.40,7.60,9.80
3504955,KRO POPUP SHEET FOIL 50CT     ,G7SK22              ,4,18,11.25,15.50,6.50,5.07
3501887,KRO FLX DWST LAV SNT 13GL     ,G7SK32              ,3,14,14.75,15.81,8.06,20.60
3504689,GLAD OS DS FR TL KT 13GAL     ,G7SK53              ,4,12,9.00,10.80,16.70,14.48
3505624,KRO HMS FAC CUBE LT           ,G7SK63              ,4,9,13.88,16.25,13.63,9.20
3503137,BNTY SLC A S PPR TWL 8RL      ,G7SK73              ,4,6,10.98,23.54,11.77,5.50
3501690,KRO RECLOS SW BAG 180 CT      ,G7SK83              ,3,18,11.34,11.73,12.99,12.10
3502446,QLTN ULT PLSH MEGA TP 6RL     ,G7SL02              ,4,6,12.00,20.63,15.88,13.19
3500237,CHARMIN STRONG 12 MEGA RO     ,G7SL12              ,4,6,16.38,20.43,15.39,12.70
3505631,KRO FAC CB LT 4 PK            ,G7SL32              ,4,14,13.88,14.00,10.50,8.20
3502186,VNFR EXTR ABSRBNT NPKN        ,G7SL53              ,4,8,13.38,19.80,12.10,8.40
3503821,KLNX STH LTN FACIAL TSSUE     ,G7SL63              ,4,6,15.25,18.63,14.75,15.77
3505706,KRO FAC CUBE 4 PK             ,G7SL73              ,3,14,18.25,14.00,10.50,7.40
3506185,CTNL ULT CMFT MEGA SFT TR     ,G7SL83              ,4,6,19.50,16.00,15.00,13.58
3502446,QLTN ULT PLSH MEGA TP 6RL     ,G7SM22              ,4,6,12.00,20.63,15.88,13.19
3506196,CTNL ULT CLN MEGA STG TR      ,G7SM32              ,4,6,12.25,19.62,14.97,10.75
3500196,KRO ALMNM FOIL 25 SF          ,G7SM53              ,1,1,13.00,12.13,8.63,12.20
3502097,KRO FLX 13G DRWST LAV SCT     ,G7SM63              ,5,13,9.00,15.19,8.94,13.84
3502179,BNTY NAPKINS                  ,G7SN02              ,5,6,12.80,24.50,12.80,9.40
3505468,KRO ULTRA SOFT 12 MR          ,G7SN73              ,3,6,16.44,15.25,20.13,15.30
3500945,HFTY ULT STNG TL KT 13GAL     ,G7SN83              ,4,13,10.38,13.88,8.94,12.20
3516453,VNFR ALL OCSN NAPKN WHITE     ,G7SP02              ,5,6,13.60,24.00,13.20,20.50
3501804,BRWNY TR A SQR 2 TRP RLS      ,G7SP12              ,3,8,22.75,18.88,12.00,9.67
3505483,KRO ULTRA STRONG 12 MR        ,G7SP22              ,3,7,16.44,14.00,19.25,13.00
3505264,SCOTT CMFTPLS DOUBLE ROLL     ,G7SP32              ,4,8,20.00,17.75,12.75,10.20
3516462,VNFR DINNER NAPKIN WHITE      ,G7SP53              ,4,9,17.50,16.00,13.80,19.00
3506185,CTNL ULT CMFT MEGA SFT TR     ,G7SP63              ,4,6,19.50,16.00,15.00,13.58
3504038,CHNT LUNCH PLATE VP           ,G7SP73              ,5,8,9.00,17.75,12.00,15.40
3505468,KRO ULTRA SOFT 12 MR          ,G7SP83              ,3,6,16.44,15.25,20.13,15.30
3505264,SCOTT CMFTPLS DOUBLE ROLL     ,G7SQ22              ,4,8,20.00,17.75,12.75,10.20
3502017,PUFFS FACIAL TISSUES          ,G7SQ32              ,3,8,20.00,18.58,11.89,16.21
3500876,PUFFS FCIAL TISSUE            ,G7SQ53              ,8,7,10.91,18.82,13.31,8.11
3501862,BRWNY FL SHT 6 DBL RLS        ,G7SQ63              ,4,12,11.00,10.38,15.00,2.93
3501222,KLEENEX ON THE GO FCL TSS     ,G7SQ73              ,4,12,10.00,14.88,11.13,7.70
3506737,KRO PLASTIC CUP 18 OZ         ,G7SQ83              ,3,5,15.00,23.63,16.00,13.50
3500071,PUFFS PLUS FAM FACIAL TIS     ,G7SR02              ,3,8,19.50,18.60,11.90,15.81
3501245,PUFFS ULT SFT TISSUES         ,G7SR12              ,3,8,19.88,18.62,11.93,15.81
3505737,SPRKL DBL ROLLS 8CT           ,G7SR22              ,4,10,11.00,18.63,9.60,4.10
3505703,KRO HMS FAC FLAT              ,G7SR32              ,3,6,15.25,18.25,14.38,14.20
3501568,KRO FLX 13G DRWSTG UNSCNT     ,G7SR53              ,3,15,14.75,8.06,15.75,19.68
3502156,SCOTT BATH TISSUE             ,G7SR63              ,6,6,13.25,18.38,14.50,16.32
3500217,VIVA TWLS SIGNTR CLTH         ,G7SR73              ,4,6,11.00,19.24,14.43,10.00
3511645,HFTY JUMBO SLIDER BAGS        ,G7SR83              ,3,25,15.00,10.00,7.00,6.80
3500972,KLNX ULTR FACIAL TISS 6PK     ,G7SS02              ,5,6,14.00,21.25,14.13,12.71
3506513,ANGSFT BATH TISSUE MEGA       ,G7SS12              ,6,10,7.60,10.25,19.63,4.50
3500050,CHARMIN STRONG 6 MEGA XL      ,G7SS22              ,5,9,12.44,17.01,11.14,6.90
3506271,KRO CTD PPR PLT 9.0IN         ,G7SS32              ,4,10,9.50,18.00,10.00,15.40
3502548,GLAD OS DS GN TL KT 13GAL     ,G7SS53              ,4,13,9.19,9.50,14.25,10.88
3504393,QLTN SFTSTRG TLT TISSUE       ,G7SS63              ,4,6,15.88,20.88,15.63,15.40
3505319,KROGER COLORED SNACK BAG      ,G7SS73              ,4,30,11.88,9.50,6.50,4.50
3502853,CHRMN ULT SFT MEGA ROLL       ,G7ST02              ,3,6,16.38,23.82,13.86,17.10
3506513,ANGSFT BATH TISSUE MEGA       ,G7ST12              ,6,10,7.60,10.25,19.63,4.50
3500216,HFTY SLDR STRGE BG VP GAL     ,G7ST53              ,4,20,11.63,11.75,8.00,6.90
3503118,BNTY TRPL ROLL SAS WHITE      ,G7ST63              ,3,8,22.60,18.80,12.09,9.60
3501794,GLAD FF LKGRD TRASH BAGS      ,G7ST73              ,5,16,9.06,12.94,8.75,10.38
3501803,GLAD TLK DS GOR 13 GAL        ,G7ST83              ,5,16,9.13,13.56,8.81,10.56
3501002,KLNX LOTION FACIAL TISSUE     ,G7SU02              ,7,6,14.00,21.25,14.13,12.95
3501539,BNTY SLCT A SZE 6 TRP RLS     ,G7SU12              ,4,9,10.98,17.68,11.77,4.20
3502790,CHRM SOFT SPR MEGA ROLLS      ,G7SU22              ,4,9,12.44,17.01,11.14,7.20
3503216,BNTY 8 DBL ROLLS PLUS SAS     ,G7SU32              ,4,8,10.98,22.05,11.02,4.70
3503084,BNTY SLC A S PPR TWL 4DR      ,G7SU53              ,2,6,22.64,20.24,15.24,12.90
3502090,PUFFS FACIAL TISSUES          ,G7SU63              ,4,8,20.50,18.58,11.89,16.21
3503135,BNTY PRINTS DOUBLE            ,G7SU73              ,4,12,10.98,14.80,9.88,2.80
3505797,KRO RUG  REL 10 GNT ROLL      ,G7SU83              ,4,9,11.00,24.70,9.88,4.30
3502791,CHRMN UTL SFT MEGA ROLL       ,G7SV12              ,4,10,12.44,18.70,9.49,6.90
3505524,KRO AST NAPKINS               ,G7SV22              ,4,8,19.50,25.25,10.25,15.00
3502853,CHRMN ULT SFT MEGA ROLL       ,G7SV32              ,3,6,16.38,23.82,13.86,17.10
3501873,KRO MED 8G DRWSTG TSH BAG     ,G7SV53              ,5,10,7.28,10.63,15.75,24.90
3500855,GLAD FF KTCHN TB 12.9 GAL     ,G7SV55              ,4,21,9.00,10.94,7.50,6.09
3504183,HFTY MEGA CS TR BG 30GAL      ,G7SV63              ,3,16,10.38,12.69,12.19,16.80
3503045,CTNL FRG FRE FLSHBL WPS       ,G7SV65              ,5,16,6.14,11.77,9.02,9.26
3501676,HFTY CINCHSAK TR BG 30GAL     ,G7SV73              ,3,13,10.50,14.00,9.30,16.40
3501906,KRO FLX 13G DRWSTG UNSCNT     ,G7SV75              ,4,15,8.13,8.94,13.13,9.95
3504907,KRO 10.06 PAP PLATE 48 CT     ,G7SV83              ,3,12,10.63,13.06,10.31,12.00
3500782,GLAD OS DS TL KT BG 13GAL     ,G7SV85              ,3,13,9.10,9.50,14.20,10.95
3502918,CHRMN SOFT 12 SPR MEGA        ,G7SW02              ,3,5,16.38,22.76,15.98,19.00
3505438,KRO SS 18 MEGA RL             ,G7SW12              ,4,12,11.40,10.38,15.57,7.30
3503212,BOUNTY 12 DOUBLE PLUS SAS     ,G7SW22              ,4,5,10.98,22.05,16.54,7.00
3503742,DIXIE ULTRA 10IN PLATE        ,G7SW32              ,4,8,10.75,20.75,11.25,19.51
3501734,HFTY ULTSTRNG BLCK CLN TK     ,G7SW53              ,3,13,10.38,13.88,8.94,12.28
3501771,GLAD SK D TB 4G TB FBB        ,G7SW55              ,4,39,7.50,8.13,5.50,3.62
3503595,RYND HD ALUMINUM FOIL         ,G7SW63              ,3,15,13.00,13.00,9.40,26.60
3500977,GLAD FORCEFLEX TRASH BAGS     ,G7SW65              ,3,16,10.06,13.75,9.56,12.39
3504440,GLAD OS TK LVNDR 13GAL        ,G7SW73              ,3,12,9.81,15.56,10.18,14.38
3505414,KRO STRG SLDR GAL             ,G7SW75              ,3,16,11.75,12.56,8.06,5.20
3501928,KRO RECLOS QT FRZ BG 38CT     ,G7SW83              ,4,30,8.07,9.92,7.60,6.20
3505115,KRO CLING WRAP                ,G7SW85              ,3,15,12.50,9.00,7.00,8.80
3501722,KRO RECLOS GAL BG 19CT        ,G7SX02              ,4,27,11.42,9.13,7.01,5.30
3505719,KRO ULTRA STRONG 24 MR        ,G7SX12              ,3,15,15.68,9.40,14.10,5.30
3504390,QLTN SFT STRG MEGA 18 RL      ,G7SX22              ,3,12,11.40,15.38,10.31,5.30
3503137,BNTY SLC A S PPR TWL 8RL      ,G7SX32              ,4,6,10.98,23.54,11.77,5.50
3501489,GLAD FORCEFLEX TRASH BAGS     ,G7SX53              ,4,13,9.06,13.44,9.19,10.95
3500460,HFTY SLDR FRZ BGS 1 GAL       ,G7SX55              ,3,18,11.63,12.50,7.00,7.03
3504121,GLAD DS TL KT BAG 13GAL       ,G7SX63              ,4,12,9.81,15.56,10.19,14.69
3502058,KRO SM GRB BG ORDOR CNTR      ,G7SX65              ,4,24,7.44,10.06,7.69,4.90
3500429,GLAD OS DS LV TL KT 13GAL     ,G7SX73              ,4,13,9.10,9.50,14.20,10.88
3503685,GLAD FF DRWSTRNG EUC PMNT     ,G7SX75              ,4,16,9.06,12.81,8.75,10.17
3502154,KRO SSTRSHBG 55 GAL           ,G7SX83              ,3,11,11.13,14.25,10.94,21.50
3501493,GLAD FF TAL KTCHN TRSH BG     ,G7SX85              ,3,21,9.00,10.94,7.50,6.09
3506198,CTNL ULT CMFT MEGA SFT TR     ,G7VA02              ,3,6,12.25,19.62,14.97,10.18
3502562,CHRM ULTRA STRONG TP          ,G7VA12              ,4,12,11.85,16.22,10.47,5.70
3503769,KLNX STH LTN FACIAL TSSUE     ,G7VA22              ,4,9,15.88,13.75,9.56,6.64
3505839,ANGSFT MEGA RL BATH TISSE     ,G7VA32              ,3,12,15.20,15.13,10.13,6.80
3506697,KRO 10.06 IN HVWT PLT         ,G7VA53              ,3,12,10.65,13.25,10.50,16.00
3500236,DIXIE PRFCTCH WNTR CP12OZ     ,G7VA55              ,3,9,9.00,14.70,15.60,5.30
3503784,DIXIE PLATE 10IN              ,G7VA63              ,3,16,10.75,10.50,10.88,10.12
3501180,KRO CLR PLSTC CP 9 OZ         ,G7VA65              ,5,5,7.44,23.06,15.31,10.60
3501761,DIXIE PLATE 9IN               ,G7VA73              ,4,8,9.13,17.50,12.25,16.51
3504679,HEFTY SLDR BAG GALLON         ,G7VA75              ,3,18,11.63,12.50,7.00,6.60
3501991,RYND WRAP HD ALUMNUM FOIL     ,G7VA83              ,2,30,13.00,8.80,6.88,21.00
3501003,KLNX SNP  GO UL SF TS PK      ,G7VA85              ,6,30,6.97,9.63,6.56,3.09
3502585,CHRMN ULTRA STRONG            ,G7VB12              ,6,10,12.44,20.12,9.65,6.30
3500401,KRO SS DBL RLS                ,G7VB22              ,4,8,20.00,13.38,17.38,14.80
3506256,KRO ULTRA BOWLS               ,G7VB32              ,8,11,8.00,20.38,8.13,9.20
3516090,RYND WRAP ALUMINUM FOIL       ,G7VB53              ,3,30,9.30,13.00,6.30,22.40
3502428,SOLO RPET CLEAR CUP 18 OZ     ,G7VB55              ,3,15,11.60,15.80,8.10,7.50
3503567,CHNT CT CRYSTL PLSTC PLTS     ,G7VB63              ,3,16,10.16,10.47,10.09,15.94
3503479,CHNT DNR PLATE 10 3/8IN       ,G7VB73              ,3,12,11.25,12.13,11.00,9.00
3501847,KRO TALL KTCHN 13G DRWSTG     ,G7VB75              ,5,15,7.40,8.82,13.03,12.60
3503591,CHNT  CUP 4/50CT              ,G7VB83              ,3,10,9.81,24.69,7.50,12.04
3502196,SOLO DEC VALUE PLATE 9IN      ,G7VB85              ,4,13,9.19,15.69,9.00,12.20
3503649,KRO DSGNR PLATE 8.5IN         ,G7VC02              ,7,9,9.00,17.00,11.00,17.00
3596409,REEL PRM PAPER TOWEL 6CT      ,G7VC12              ,6,5,11.25,16.25,21.13,12.00
3501220,KRO SEL A SZ 6 DR PAP TWL     ,G7VC22              ,4,13,11.00,9.96,14.94,2.70
3500843,VIVA SC PAPR TWLS 6 ROLLS     ,G7VC32              ,4,15,11.00,13.98,7.32,4.60
3505719,KRO ULTRA STRONG 24 MR        ,G7VC53              ,3,15,15.68,9.40,14.10,5.30
3503488,DIXIE HD FMLY PK 8.5IN        ,G7VC63              ,5,8,9.13,17.50,11.13,20.50
3502145,SOLO 10IN DEC PLTS VAL PK     ,G7VC73              ,4,10,10.50,20.70,10.00,17.20
3502632,SCOTT CMFTPLS DB RL BT TS     ,G7VC83              ,4,6,16.13,21.75,13.25,12.50
3503212,BOUNTY 12 DOUBLE PLUS SAS     ,G7VD02              ,4,5,10.98,22.05,16.54,7.00
3502172,SPRKL DBL RLL PICK SIZE       ,G7VD12              ,4,15,11.00,13.85,9.60,3.10
3505601,KRO HMS FAC CB                ,G7VD22              ,4,9,13.88,16.25,13.63,8.30
3501264,KRO PLST GRP CP 100CT         ,G7VD32              ,4,5,11.56,23.56,15.94,15.40
3598105,ST COMPOST 2.6GAL TRSH BG     ,G7VD53              ,6,24,7.56,10.13,7.75,6.30
3501240,KRO 1000 SHEET 12 RLL         ,G7VD63              ,3,8,16.60,13.38,17.38,20.30
3500244,KRO 20OZ FOAM BOWL            ,G7VD73              ,8,5,7.50,26.75,14.50,4.00
3501801,DIXIE ULT LRG PAPER BOWL      ,G7VD83              ,5,16,9.75,10.50,9.50,5.27
3505523,KRO ULT SOFT 18 MEGA RL       ,G7VF02              ,4,15,11.76,9.64,14.46,4.80
3505528,KRO ULT STROG 18 MEGA RL      ,G7VF12              ,4,15,11.76,9.40,14.10,4.00
3500998,CHRMN ULT STRNG SPR MEGA      ,G7VF22              ,6,8,7.91,21.65,10.47,5.50
3502923,CHRMN ULT SOFT SPR MEGA       ,G7VF32              ,6,8,7.91,21.65,10.47,5.80
3504975,RUFS WNGTIE TRSH BG 30GAL     ,G7VF53              ,5,26,8.50,8.25,6.25,7.20
3501784,GLAD TL KTC LAV BRZ 13GAL     ,G7VF63              ,5,16,9.13,13.56,8.81,10.56
3501960,KRO FLEX 30G DRWSTRG BAG      ,G7VF73              ,4,9,9.75,16.38,11.00,17.32
3500924,KRO PARCHMENT SHEETS          ,G7VF83              ,5,21,8.88,13.25,6.75,4.22
3505737,SPRKL DBL ROLLS 8CT           ,G7VG02              ,4,10,11.00,18.63,9.60,4.10
3500845,BRWNY LRG PAPER TOWELS        ,G7VG12              ,4,17,11.00,5.25,20.00,1.90
3505437,KRO ULTRA 2 TP RL PAP TWL     ,G7VG22              ,3,8,22.75,12.44,18.44,10.70
3504129,GLAD DS TL KT BAG 13GAL       ,G7VG32              ,5,13,9.06,13.44,9.19,10.88
3503119,BNTY SAS 2X ABS DBLE RLLS     ,G7VG53              ,4,12,10.98,14.80,9.88,2.80
3500857,KRO PARCHMENT PAPER           ,G7VG63              ,3,20,15.94,11.88,8.00,13.54
3503119,BNTY SAS 2X ABS DBLE RLLS     ,G7VG73              ,4,12,10.98,14.80,9.88,2.80
3506646,KRO ALMNM FOIL 25 SF          ,G7VG83              ,3,15,13.19,11.81,8.66,13.20
3501220,KRO SEL A SZ 6 DR PAP TWL     ,G7VH02              ,4,13,11.00,9.96,14.94,2.70
3502728,RYND WRAP HD GRLL ALUM FL     ,G7VH12              ,3,22,18.00,11.10,7.50,16.20
3505481,KRO WHITE NAPKINS             ,G7VH22              ,3,6,19.50,12.75,24.13,26.70
3506645,KRO ALMNM FOIL 75 SF          ,G7VH32              ,3,15,13.19,11.81,8.66,28.20
3501673,SOLO COPPER  TURQUOISE        ,G7VH53              ,3,6,13.25,15.94,15.94,14.91
3501880,KRO RECLOS QT ST BG 48 CT     ,G7VH55              ,4,24,8.07,9.92,7.60,6.40
3501745,HFTY US FBL SCN 13 GL BGS     ,G7VH63              ,3,15,10.38,13.19,8.94,12.01
3528332,RYND TURKEY SIZE OVEN BAG     ,G7VH65              ,5,15,7.00,16.70,8.20,3.30
3506368,KRO DSTLKCH 13 GAL            ,G7VH73              ,2,15,15.00,15.75,7.30,25.10
3501723,DIXIE ULT DEEP PAPR PLATE     ,G7VH75              ,3,20,10.38,10.06,9.69,5.92
3501786,GLAD OS DS FR TL KT 13GAL     ,G7VH83              ,4,16,9.13,13.56,8.81,10.63
3506521,DIXIE ULTRA PLATES 10IN       ,G7VH85              ,3,16,10.75,10.88,10.50,8.10
3500845,BRWNY LRG PAPER TOWELS        ,G7VJ02              ,4,17,11.00,5.25,20.00,1.90
3500170,HFTY SLIDR FRZR BG VP GAL     ,G7VJ12              ,3,20,11.63,11.75,8.00,7.10
3500401,KRO SS DBL RLS                ,G7VJ22              ,4,8,20.00,13.38,17.38,14.80
3505747,KRO RUG  REL DBL PL 12RL      ,G7VJ32              ,4,5,11.00,23.00,17.25,7.30
3500692,CTNL ULTR CLN TISSUE MEGA     ,G7VJ53              ,3,6,12.25,19.62,14.97,10.75
3500986,KRO ALMNM FOIL 200 SF         ,G7VJ55              ,3,30,13.13,9.13,6.81,23.70
3503322,KRO SDR HLF GL FZR SRG BG     ,G7VJ63              ,3,19,12.25,10.69,8.19,9.87
3590299,TEX M SOCK SLASHED DIAMND     ,G7VJ65              ,4,30,8.00,16.00,8.00,3.00
3503325,KRO SLDR HLF GAL STRG BAG     ,G7VJ73              ,3,12,11.75,11.81,10.56,8.35
3504874,CHNT DINNER PLATE 10.5IN      ,G7VJ75              ,3,10,11.00,21.20,9.80,15.90
3501875,HFTY ULT STNG 13GAL CTRUS     ,G7VJ83              ,3,15,10.38,13.19,8.94,12.53
3501051,CHNT COMFORT CUPS 16OZ        ,G7VJ85              ,2,10,13.38,16.00,12.13,7.75
3505747,KRO RUG  REL DBL PL 12RL      ,G7VK02              ,4,5,11.00,23.00,17.25,7.30
3501095,HFTY EXT STNG 39GA LWLEA      ,G7VK12              ,3,15,10.38,12.75,9.19,14.00
3505580,KRO DINNER NAPKINS            ,G7VK22              ,3,9,17.50,13.25,16.00,19.50
3503184,BNTY MEGA ROLL SAS WHITE      ,G7VK32              ,4,7,10.98,20.51,13.66,5.50
3500843,VIVA SC PAPR TWLS 6 ROLLS     ,G7VK53              ,4,15,11.00,13.98,7.32,4.60
3503904,HFTY DRAWSTRING SM            ,G7VK63              ,6,16,6.85,13.31,8.23,11.88
3505469,SMRTWY NAPKIN                 ,G7VK73              ,3,8,19.50,24.25,10.25,14.30
3505741,KRO ULTRA SOFT 24 MR          ,G7VK83              ,3,15,15.68,9.64,14.46,6.40
3504039,VIVA MLT SRFC CLTH TWLS       ,G7VL22              ,2,5,20.06,22.50,15.13,12.70
3505285,KLNX ULTR SOFT FCL TISSUE     ,G7VL32              ,3,6,18.50,14.94,11.19,11.90
3503444,KRO FM CMPRTMNT PLATE         ,G7VL63              ,3,10,21.06,15.35,10.39,3.32
3500297,KRO 1000 SHEET 4 RLL          ,G7VM02              ,3,8,16.60,13.38,17.38,20.30
3500195,KRO GLMMR SAS DR PPR TWLS     ,G7VM12              ,2,6,22.63,14.88,18.75,14.40
3503153,QLTN ULT PLSH MEGA ROLLS      ,G7VM63              ,4,12,11.40,15.13,10.00,6.07
3506083,CTNL ULT CLN MEGA STG TR      ,G7VM73              ,3,15,15.28,13.97,9.31,9.73
3504364,QLTN ULT SS MEGA TP 6RL       ,G7VM83              ,4,6,12.00,20.88,15.88,11.70
3502082,KRO SLDR GAL ST BG 30         ,G7VN02              ,4,12,11.75,11.81,10.56,9.10
3502118,KRO QT FRZ STG BAG 70 CT      ,G7VN12              ,5,12,9.31,12.56,11.19,6.89
3503627,CHNT  CRYSTAL 7  PLATE        ,G7VN22              ,6,23,7.47,10.28,7.16,7.88
3503120,BNTY 2X ABS DOUBLE ROLLS      ,G7VN32              ,4,12,10.98,14.80,9.88,3.00
3502924,CHRMN ULTRA SOFT TP           ,G7VN53              ,4,12,11.85,16.22,10.47,6.60
3501230,KRO PLST GRP CP 18 OZ         ,G7VN63              ,4,5,11.56,23.56,15.94,15.50
3503924,HFTY ULT STR 13GL TRSH BG     ,G7VN73              ,4,13,10.38,13.88,8.94,12.57
3503120,BNTY 2X ABS DOUBLE ROLLS      ,G7VN83              ,4,12,10.98,14.80,9.88,3.00
3503119,BNTY SAS 2X ABS DBLE RLLS     ,G7VP02              ,4,12,10.98,14.80,9.88,2.80
3503120,BNTY 2X ABS DOUBLE ROLLS      ,G7VP12              ,4,12,10.98,14.80,9.88,3.00
3500950,HFTY ULT STRG 13G LAV/VAN     ,G7VP22              ,3,15,10.38,13.19,8.94,12.50
3501634,KRO ALMNM FOIL 75 SF          ,G7VP32              ,4,15,13.13,12.88,9.44,28.20
3503930,KRO FX TSH BG CLN LN 13GA     ,G7VP53              ,5,15,8.13,13.13,8.94,10.71
3501642,HFTY ULT STRNG 13G LAV/VN     ,G7VP63              ,3,13,10.38,13.88,8.94,12.50
3501230,KRO PLST GRP CP 18 OZ         ,G7VP73              ,4,5,11.56,23.56,15.94,15.50
3516352,SOLO SQD PLST CUPS 18 OZ      ,G7VP83              ,5,5,9.00,23.50,16.00,12.80
3503119,BNTY SAS 2X ABS DBLE RLLS     ,G7VQ02              ,4,12,10.98,14.80,9.88,2.80
3505451,KRO ULTRA STRONG 6 MR         ,G7VQ12              ,4,7,12.56,14.00,18.75,10.40
3504812,KRO S S 30 MR                 ,G7VQ22              ,6,6,7.60,15.57,25.96,12.20
3503119,BNTY SAS 2X ABS DBLE RLLS     ,G7VQ32              ,4,12,10.98,14.80,9.88,2.80
3504143,RYND CUT RITE WAX PAPER       ,G7VQ53              ,3,20,12.81,12.88,8.75,14.80
3502049,KRO QUART STRG BAG 80 CT      ,G7VQ55              ,3,12,9.31,12.56,11.19,5.95
3506192,KRO LUNCH BAGS                ,G7VQ63              ,3,8,11.00,18.50,11.50,22.00
3590204,TEX M CAP CLEANUP             ,G7VQ65              ,4,30,8.00,16.00,8.00,3.00
3504860,KRO BTH CUPS 3 OZ             ,G7VQ73              ,3,7,10.60,18.25,13.90,13.00
3506272,KRO HS DSGNR PLATE 8.5IN      ,G7VQ75              ,4,10,9.00,18.75,9.00,13.00
3505416,DIXIE ULTRA 10IN PLATES       ,G7VQ83              ,3,8,11.00,20.50,9.70,17.30
3503039,BNTY NAPKINS                  ,G7VR02              ,5,6,14.50,20.00,12.81,9.23
3504364,QLTN ULT SS MEGA TP 6RL       ,G7VR12              ,4,6,12.00,20.88,15.88,11.70
3502016,KRO FLX 13G DRWST ILN SCT     ,G7VR22              ,3,14,14.75,15.81,8.06,20.60
3506399,KRO DSTLKTCH 13GAL            ,G7VR32              ,6,8,7.25,12.63,16.00,24.70
3500830,KRO HD ALMN FL 37.5SF         ,G7VR53              ,2,22,19.13,11.13,7.56,16.20
3530532,KRO PLUS CARD/APPLICATION     ,G7VR55              ,4,26,9.30,12.00,7.50,7.20
3502231,KRO SLDR GAL FRZ BG 25        ,G7VR63              ,3,12,11.75,11.81,10.56,9.87
3501612,KRO RECLOS SW BAG 90 CT       ,G7VR65              ,4,22,7.48,10.71,8.19,6.30
3505059,KRO COATED PLATE 300 CT       ,G7VR73              ,3,6,9.63,18.19,15.06,30.00
3590065,DAL W T SHIRT SHOT CLOCK      ,G7VR75              ,6,4,6.00,24.00,16.00,8.00
3504815,HFTY STRNG TRASH BAGS         ,G7VR83              ,3,13,10.38,14.31,9.69,20.27
3501226,SMRTWY ST FREZ BG GA          ,G7VR85              ,3,10,12.25,15.69,10.56,9.90
3502257,KRO SLDR QRT FRZ BG 30        ,G7VS02              ,5,10,9.38,16.81,9.81,7.10
3500984,BRAWNY 8 XL TEAR A SQUARE     ,G7VS12              ,4,10,11.00,17.50,8.50,3.80
3502066,KRO FLX 13G DRWST ILN SCT     ,G7VS22              ,4,13,9.00,15.19,8.94,13.84
3505428,KRO SEL A SZ 4 DR PAP TWL     ,G7VS32              ,2,6,22.75,15.50,19.75,13.40
3505855,HFTY STR CNCSK TL KT 13GL     ,G7VS53              ,3,15,10.38,12.75,9.19,14.70
3500038,DIXIE HD 8.5IN PLATES         ,G7VS55              ,4,8,9.13,17.50,10.63,13.10
3516093,RYND WRAP HD ALUMNUM FOIL     ,G7VS63              ,2,22,19.00,19.00,7.50,16.50
3596438,TCU M CAP CLEANUP             ,G7VS65              ,4,30,8.00,16.00,8.00,3.00
3501901,KRO RECL GL FRZ BG 28 CT      ,G7VS73              ,3,20,11.42,9.92,9.37,8.90
3596441,TCU M CAP CLIQUE              ,G7VS75              ,4,30,8.00,16.00,8.00,3.00
3500509,CTNL FLSH CLNSING CLOTHS      ,G7VS83              ,5,20,7.00,12.38,7.75,11.00
3501903,KRO RECLOS SNK BG 90 CT       ,G7VS85              ,3,30,8.00,10.71,8.50,4.60
3503349,DUDE WPS FLSHBL 3PK           ,G7VT02              ,4,20,11.56,9.75,9.44,9.40
3504812,KRO S S 30 MR                 ,G7VT12              ,6,6,7.60,15.57,25.96,12.20
3505484,KRO LUNCH NAPKINS             ,G7VT22              ,3,6,13.38,14.13,24.38,21.10
3500868,BRWNY DOUBLE TEAR TOWEL       ,G7VT32              ,4,12,11.00,10.38,15.00,2.90
3505860,HFTY STRONG CS TL KT 13G      ,G7VT53              ,3,16,10.38,12.75,8.63,14.60
3504938,RUFS SS WNG TIE TK 13GAL      ,G7VT55              ,3,25,6.50,8.75,7.00,7.00
3504831,DUDE WIPES MINT CHILL         ,G7VT63              ,3,20,11.50,9.75,9.43,9.00
3501970,KRO SLDR QRT ST BG 40         ,G7VT73              ,4,10,9.38,16.81,9.81,7.10
3590208,TEX M CAP LINE BREAK          ,G7VT75              ,4,30,8.00,16.00,8.00,3.00
3502055,KRO FLX 13G DRWST CLN SCT     ,G7VT83              ,4,13,9.00,15.19,8.94,13.84
3596487,TCU M SOCK MIXER              ,G7VT85              ,4,30,8.00,16.00,8.00,3.00
3503676,GLAD FF DRSTRNG CHRY BLSM     ,G7VU02              ,5,16,9.06,12.81,8.75,10.17
3503902,GLAD FF BAHAMA BLISS          ,G7VU12              ,5,21,9.00,10.94,7.50,6.16
3503781,RYNLDS FOIL ALUM NON STCK     ,G7VU22              ,4,22,13.13,11.19,7.69,14.57
3506190,CTNL ULT CMFT MEGA SFT TR     ,G7VU32              ,3,15,15.28,13.97,9.31,9.33
3501775,HFTY EDY CMPTMNT TRY TBLW     ,G7VU53              ,2,8,16.88,18.94,12.81,5.28
3590236,TEX M CAP COURT               ,G7VU55              ,4,30,8.00,16.00,8.00,3.00
3501345,RUFS DS TK BG 13GAL           ,G7VU63              ,4,10,9.50,15.30,8.00,19.50
3500625,RYND WRAP ALUMINUM FOIL       ,G7VU65              ,2,16,13.00,12.10,8.60,13.50
3501976,KRO LRG 30G DRWSTG TSH BG     ,G7VU73              ,2,8,12.75,17.00,9.00,20.66
3516087,KRO SANDWICH BAGS             ,G7VU75              ,4,20,7.80,12.00,7.80,5.70
3501935,KRO RECLOS SW BG 280CT        ,G7VU83              ,3,22,7.68,11.93,10.35,9.80
3501846,KRO TALL KTCHN 13G DRWSTG     ,G7VU85              ,4,9,7.40,11.42,16.93,22.20
3502508,KLNX ULTR SOFT FCL TISSUE     ,G7VV02              ,3,6,15.25,18.63,14.75,15.45
3502329,HEFTY XL TCAN LINER           ,G7VV12              ,4,16,10.38,12.75,8.63,17.16
3506695,KRO 8.5IN DSGNR PLT           ,G7VV22              ,6,13,9.00,15.50,8.75,11.00
3505741,KRO ULTRA SOFT 24 MR          ,G7VV32              ,3,15,15.68,9.64,14.46,6.40
3500639,COTTONELLE WIPES 336 CT       ,G7VV53              ,3,36,7.63,7.50,6.38,5.50
3516066,KRO FOOD STORAGE BAGS         ,G7VV55              ,3,19,12.00,9.50,7.50,8.40
3500549,GLAD PRESSSEAL PLST WRAP      ,G7VV63              ,2,22,13.00,10.75,8.00,5.01
3501812,KRO RECLOS QT ST BG 24 CT     ,G7VV65              ,4,30,8.07,9.13,7.01,3.50
3502230,KRO GAL FRZ STG BAG 50 CT     ,G7VV75              ,3,15,11.75,15.56,7.56,8.99
3505665,CTNL FRSH FLSH CLSNG CLTH     ,G7VV85              ,5,20,7.00,12.38,7.75,11.00
3505063,KRO 10 IN DES PLATE 100CT     ,G7VW02              ,4,8,10.63,20.31,10.56,19.00
3501947,DUDE WP SH BTTR LRG           ,G7VW12              ,4,20,11.56,9.75,9.44,9.43
3501516,) FRANKLIN BARBECUE P         ,G7VW22              ,5,4,10.25,23.25,20.00,40.00
3501185,KRO HD ALMNM FL 50 SF         ,G7VW32              ,4,15,13.13,12.88,9.44,27.10
3503030,COTTONELLE FLUSHABLE WIPE     ,G7VW53              ,5,20,7.00,12.38,7.75,11.00
3516057,GLAD CLING WRAP               ,G7VW55              ,2,25,13.30,10.10,7.30,7.74
3592202,PT SEA HORSE POOL FLOAT       ,G7VW63              ,2,7,11.00,22.00,14.00,24.00
3505306,KRO COL SANDWICH BAG          ,G7VW65              ,4,16,7.75,12.56,8.06,3.80
3500370,HFTY ZIP STORGE BAG VP QT     ,G7VW73              ,4,20,9.13,11.75,8.00,5.40
3502227,KRO GAL STRG BAG 60 CT        ,G7VW75              ,3,15,11.75,15.56,7.56,7.80
3501220,KRO SEL A SZ 6 DR PAP TWL     ,G7VX22              ,4,13,11.00,9.96,14.94,2.70
3504039,VIVA MLT SRFC CLTH TWLS       ,G7VX32              ,2,5,20.06,22.50,15.13,12.70
3506632,KRO HD ALMN FL 37.5SF         ,G7VX53              ,2,20,19.09,7.09,10.24,16.90
3502328,KLNX MAINLINE FACL TISSUE     ,G7VX63              ,3,6,18.50,14.94,11.19,11.90
3501482,SMRTWY ST FREZ BG QT          ,G7VX73              ,5,13,8.50,14.88,9.31,6.90
3530371,U BY KTX BAMBOO HVY PADS      ,G7WA02              ,5,15,7.00,14.82,8.20,1.97
3530344,U BY KTX SEC OVERNITE PAD     ,G7WA12              ,4,12,8.75,12.50,10.50,3.80
3530265,U BY KTX BRLY THR SPR LNR     ,G7WB32              ,7,24,4.94,13.50,5.38,2.30
3530319,U BY KTX LONG SUPER PAD       ,G7WB53              ,7,12,8.38,12.81,12.06,4.20
3530590,U BY KTX CLK REGULAR TMPN     ,G7WB73              ,5,24,6.63,10.25,7.88,4.00
3594377,PEPTO-BSML 5-SYMP DIG RLF     ,G7WB83              ,4,53,7.13,7.06,4.94,4.20
3530084,ALWY THN OVRNT WNG PAD        ,G7WC02              ,3,16,8.39,13.58,8.39,2.70
3594298,GLTT VNS SNSTV DISP RAZOR     ,G7WC12              ,6,49,4.65,8.35,3.86,1.00
3530054,ALWY MXI X-HVY OVRNT SZ5      ,G7WC22              ,4,12,9.49,22.95,10.75,5.70
3530287,U BY KTX CLK REG/SPR TMPN     ,G7WC32              ,5,35,6.63,8.00,6.94,4.00
3530170,U BY KTX SEC OVRNT MX PAD     ,G7WC53              ,3,15,12.13,13.75,8.75,5.30
3530691,U BY KTX CLK SUPER TAMPON     ,G7WC55              ,4,20,6.63,11.88,7.75,4.70
3530205,U BY  KTX SPR PRM SPR TAM     ,G7WC63              ,6,28,6.06,9.81,7.88,3.30
3530160,U BY KTX SPR REG PREM TAM     ,G7WC65              ,2,28,5.63,11.69,5.63,2.70
3530086,ALWAYS ULTRA ONITE SIZE 4     ,G7WC73              ,5,18,6.22,12.84,7.99,2.00
3530705,U BY KTX CLK SPR PLS TMPN     ,G7WC75              ,3,25,4.88,8.88,7.94,3.10
3530164,ALWY TN XHVY OVNT WNG PAD     ,G7WC83              ,6,15,5.59,14.84,8.39,2.20
3530703,U BY KTX CLK SUPER TAMPON     ,G7WC85              ,7,25,4.75,8.75,8.19,2.50
3584360,SWIFFER WET CLOTH             ,G7WD02              ,5,8,8.07,19.65,11.81,24.47
3596328,SWFR WET CLOTHS LAVENDER      ,G7WD12              ,5,8,7.50,19.60,12.00,25.30
3581832,SWFR WET CLOTHS GAIN SCNT     ,G7WD22              ,5,8,7.50,19.60,12.00,25.30
3506290,ST REFUSE BAGS                ,G7WD32              ,3,9,16.50,13.75,13.25,30.00
3591532,SWFR SWEEPER STARTER KT       ,G7WD53              ,3,12,10.25,23.88,6.50,11.00
3593319,SWFR SWEEPER XL KIT           ,G7WD55              ,3,10,11.13,24.38,5.32,8.60
3594375,SWFR PWR MOP WOOD REFL PD     ,G7WD63              ,5,15,7.94,12.87,9.31,2.25
3590825,SWFR WT CLOTHS FBRZ LVN       ,G7WD73              ,5,23,7.40,11.65,6.69,6.56
3592836,S O S SOAP PADS               ,G7WD75              ,4,20,7.00,11.50,8.10,2.20
3596752,HFTY CTRCTR TRSH BAG          ,G7WD83              ,3,11,9.69,13.88,11.19,20.94
3500246,MRCLN MGC ERSR XPWR PAD       ,G7WD85              ,3,28,8.75,11.75,5.62,1.40
3590828,SWFR PWRMOP FL CLN 2PK        ,G7WF02              ,5,30,9.02,8.11,6.58,11.13
3594614,SWIFFER POWER MOP STARTER     ,G7WF12              ,5,10,9.49,28.94,5.51,10.10
3594673,SWFR PM FRESH FLR CLEANER     ,G7WF22              ,5,34,9.02,8.11,6.58,11.09
3594707,SWFR POWER MOP WOOD KIT       ,G7WF32              ,5,10,9.49,28.94,5.51,10.49
3584407,SWFFR WETJET SOL LAV VAND     ,G7WF53              ,3,30,11.06,12.06,7.81,18.60
3594872,SWFFR DUSTER 180 LV           ,G7WF55              ,4,12,8.38,15.41,9.75,2.74
3584357,SWIFFER DRY CLOTH HVY DTY     ,G7WF65              ,2,28,13.19,9.84,6.69,2.48
3594392,SWFR PWR MOP CLNG RFL PAD     ,G7WF73              ,5,15,7.94,12.87,9.31,2.25
3584368,SWFR WTJT WOOD PAD            ,G7WF75              ,3,12,11.74,11.83,9.70,4.66
3584405,SWFR WETJET SLTN GAINSCT      ,G7WF83              ,3,30,11.19,11.69,7.75,18.50
3594882,SWFFR DSTR 360 REFLL          ,G7WF85              ,4,16,8.25,11.66,9.60,2.21
3594876,SWFR WETJET ANTIBAC           ,G7WG02              ,4,20,11.06,12.05,7.80,18.38
3581830,SWFR WTJT FBRZ RFL 2CT        ,G7WG12              ,4,20,11.10,11.60,7.70,18.50
3594053,SWFR PWRMOP REFILL N CLNR     ,G7WG22              ,5,12,9.37,15.50,9.63,10.11
3581861,SWFR WET REFILL GAIN SCNT     ,G7WG32              ,9,8,5.10,19.60,12.00,14.00
3595257,SWFR WET CLTHS WOOD           ,G7WG53              ,5,8,7.48,19.37,11.61,21.46
3590163,SWFR DUSTER RFLL GAIN SCT     ,G7WG63              ,4,22,8.50,10.75,8.00,2.20
3584522,SWFFR WET CLOTHS LAV VAND     ,G7WG65              ,4,8,4.75,19.50,11.63,11.31
3581815,SWFR WT JT SLTN GAIN SCNT     ,G7WG73              ,2,20,11.10,11.60,7.70,18.50
3592837,S O S SOAP PADS LEMON         ,G7WG75              ,4,20,7.00,11.50,8.10,2.20
3594894,SWFFR DUSTER 360 PET FRSH     ,G7WG83              ,4,16,8.44,11.66,9.88,2.21
3590164,SWFR 360 DUSTER REFILL        ,G7WG85              ,3,22,8.25,10.50,8.00,2.40
3590829,SWFR WT CLTH UNSTPPBLS        ,G7WH02              ,5,8,7.56,19.57,11.81,23.58
3590706,SHARK VACMOP CITRUS CLNR      ,G7WH12              ,4,20,10.25,8.75,6.50,10.40
3590837,SWFR DUSTER UNSTPPBLS         ,G7WH22              ,5,22,8.27,10.47,7.76,1.70
3584527,SWIFFER WET REFLL OPN WND     ,G7WH32              ,5,8,7.48,19.37,11.61,22.53
3580484,SWFR DRY CLOTHS LAVENDER      ,G7WH53              ,4,16,6.80,11.80,9.90,1.90
3594871,SWFFR DSTR UNSCENTED          ,G7WH73              ,4,12,8.38,15.41,9.75,2.74
3594864,SWIFFER WET JET SLTN WD       ,G7WH75              ,3,20,11.06,12.06,7.81,18.69
3584355,SWIFFER WET CLOTH HVY DTY     ,G7WH83              ,5,8,7.47,19.38,11.56,23.44
3594734,SWFFR SWEEP/MOP PRO           ,G7WJ02              ,4,12,10.63,23.50,6.73,11.44
3594408,SWFR PM LMN WOOD FLR CLNR     ,G7WJ12              ,5,34,9.02,8.11,6.58,11.09
3594409,SWFR PM LVNR FLR CLN REFL     ,G7WJ22              ,5,34,9.02,8.11,6.58,11.18
3590749,VACMOP MULTI-SURFACE REFI     ,G7WJ32              ,4,32,10.25,8.75,6.50,10.40
3584356,SWIFFER DUSTER                ,G7WJ53              ,11,6,3.54,27.01,10.15,3.97
3500828,SWFR WETJET PAD REFILL        ,G7WJ63              ,2,12,12.50,12.80,11.60,4.50
3590855,SWFR DR CLTH UNSTPBL          ,G7WK02              ,3,28,14.17,9.84,6.69,2.63
3593321,SWFR WET JET KIT              ,G7WK12              ,3,17,9.49,27.95,6.10,9.10
3590860,SWFR POWR MOP MPPNG PDS       ,G7WK22              ,4,16,10.00,12.75,9.00,3.18
3590899,SWFR PWR MOP FLR CLNR GN      ,G7WK32              ,5,34,9.02,8.11,6.58,11.09
3598161,SWFR DUSTER 360 STICK         ,G7WK73              ,6,18,5.04,17.09,5.71,1.10
3590135,SWFR DUST LAV VAN REFILL      ,G7WL02              ,5,22,8.50,10.75,8.00,2.70
3598987,SHARK VCMP DSP HD FLR PAD     ,G7WL12              ,5,7,11.00,19.00,12.50,8.50
3594756,SWFR LVNDR HVY DTY DUSTER     ,G7WL22              ,5,22,8.27,10.47,7.76,1.70
3584968,SWIFFER DRY CLOTH LV RFL      ,G7WL32              ,3,11,9.75,12.75,8.94,3.60
3590184,SWFR MAX REFILL               ,G7WL75              ,5,16,6.44,17.50,10.00,3.30
3598075,ST COMPOST 13GAL TRSH BG      ,G7WM02              ,6,24,7.56,10.13,7.75,7.80
3503272,MR CLEAN MAGIC ERASER ULT     ,G7WM12              ,5,36,9.25,8.06,6.06,0.92
3598971,SHARK HRD FLR CRDLS VCMOP     ,G7WM22              ,2,18,27.09,13.07,6.73,11.25
3584962,SWFFR DRY CLOTH PET           ,G7WM65              ,3,28,10.04,10.04,6.61,1.90
3582062,SWFR 360 DUSTER ASSEMBLED     ,G7WM75              ,8,6,3.50,26.90,9.80,2.80
3592834,CLRX HANDI WIPES MLT USE      ,G7WM85              ,3,30,11.10,7.60,6.80,2.60
3583782,FGOR CASHEWS CHILI GARLIC     ,G7WN22              ,6,27,7.50,13.13,5.06,2.20
3583329,CHICHARRON DE PUERCO          ,G7WN32              ,2,6,19.00,20.00,15.00,7.80
3583332,CUERITOS PICKLED PORK SK      ,G7WN63              ,5,10,7.75,15.25,11.25,28.10
3583769,FGOR ALMONDS TSTD SLD TOP     ,G7WP02              ,6,27,7.63,13.19,5.13,2.49
3570784,FGOR CRNCH TOPPING SHPR       ,G7WP12              ,2,6,23.94,16.06,16.06,23.90
3583783,FGOR CROUTONS SOURDOUGH       ,G7WP22              ,6,10,8.00,15.00,12.00,3.98
3582717,TAJN CLSICO SEASON LW SOD     ,G7WP32              ,6,16,6.00,12.20,8.50,10.00
3598565,FGOR ONION CRSPY SLT TPNG     ,G7WP53              ,4,15,7.63,15.75,7.75,3.40
3590460,FGOR ALMND HNY RST SLD TP     ,G7WP55              ,4,27,7.50,13.25,5.25,2.50
3590459,FGOR AUTHENTC WONTON STRP     ,G7WP63              ,4,15,7.80,15.80,8.00,2.80
3583104,FGOR FIGS MISSION DRIED       ,G7WP65              ,7,12,5.38,15.25,10.19,7.15
3594234,TAJN RIMMER                   ,G7WP73              ,4,12,7.28,11.22,11.22,5.54
3581125,FGOR CRANBERRYGLZD WALNT      ,G7WP83              ,4,27,7.50,13.13,4.25,2.50
3590282,TAJIN HABANERO SEASONING      ,G7WQ02              ,9,30,5.90,7.20,5.50,3.40
3583743,KRO MRCDO GUAC MIX            ,G7WQ12              ,9,37,5.44,8.81,5.94,2.00
3580537,HMS CHEESE  GARLIC CROUT      ,G7WQ22              ,6,10,8.00,12.50,7.00,2.10
3598566,FGOR ONIONS GRLC PPR TPNG     ,G7WQ32              ,4,15,8.00,16.00,8.00,3.60
3580551,FGOR CAESAR SALAD CRUNCH      ,G7WQ53              ,6,15,8.00,15.81,7.69,3.25
3590714,FGOR WALNUT GLAZE SLD TOP     ,G7WQ63              ,4,27,7.50,13.25,5.25,2.50
3581100,FGOR SLCD ALMND HYRST CRN     ,G7WQ83              ,5,27,7.50,13.13,5.25,2.50
3580579,HMS BUTTER  GARLIC CROUT      ,G7WR02              ,6,10,8.00,12.50,7.00,2.10
3596550,ZTRN FISH FRI CRSP SSNG       ,G7WR12              ,6,20,7.00,10.00,8.00,8.00
3583801,FGOR ALMONDS UMAMI SSND       ,G7WR22              ,6,27,7.50,13.13,5.06,2.20
3590600,FGOR PECAN HNY RST SLD TP     ,G7WR32              ,4,27,7.50,13.10,5.20,2.50
3582793,TAJN CLASICO SEASONING        ,G7WR63              ,6,16,6.25,13.00,8.40,9.10
3581293,FGOR CRISPY DILLIES           ,G7WR73              ,6,15,7.88,15.75,7.63,3.50
3583599,FGOR BEETS CRISPY BALSAMC     ,G7WR83              ,6,15,7.88,15.75,7.63,3.50
3582000,FGOR BACON PIECES COOKED      ,G7WS02              ,7,20,5.56,9.50,8.75,2.50
3590458,FRGMT TRICLR TRTLLA STRPS     ,G7WS12              ,6,15,7.68,15.75,7.75,2.80
3580492,FGOR SOUTWEST CRNH TOPPNG     ,G7WS22              ,6,15,8.00,15.81,7.69,3.50
3598568,FRGMT SANTA FE TRTLA STR      ,G7WS32              ,6,15,8.00,16.00,8.00,2.70
3593586,TAJN SEASONING CLSC MINI      ,G7WS53              ,6,21,5.51,7.16,14.44,3.29
3580610,HMS CLASSIC CAESAR CROUTO     ,G7WS55              ,4,10,8.00,12.50,7.00,2.10
3580880,FGOR NUTS PINE RAW            ,G7WS63              ,3,27,7.30,13.13,5.00,1.91
3583837,FGOR FIGS GOLDEN              ,G7WS65              ,7,12,4.50,14.25,9.88,7.25
3525303,ZTRN PRE-SEAS CRAB BOIL       ,G7WS73              ,4,11,7.80,14.00,9.50,27.30
3583151,FGOR WALNUT APPLE TOPPERS     ,G7WS75              ,4,27,7.63,13.19,5.13,2.21
3525005,ZTRN PRE-SEAS CRAB BOIL       ,G7WS83              ,4,20,8.00,9.50,9.00,13.00
3590456,FGOR CRISPY JALAPENOS         ,G7WS85              ,3,15,7.80,15.75,7.80,3.60
3581927,FGOR BACON UNCURED PIECES     ,G7WT22              ,7,20,5.56,9.50,8.75,2.00
3581822,FGOR FRUITNUT VARIETY PK      ,G7WT32              ,5,12,9.63,18.94,7.94,4.55
3594055,BLU/GRAY DIVERT PLLT BNDL     ,PVAA02              ,10,99,10.00,40.00,48.00,65.00
3520482,DUNCAN HINES PAM SHPR         ,PVAB02              ,1,16,42.30,10.90,9.40,37.59
3580522,PRINGLES CRISPS SHPR          ,PVAB22              ,1,6,55.00,18.50,16.00,44.95
3580191,STACYS PITA CHIPS SHPR        ,PVAC02              ,1,6,46.50,18.94,15.00,37.50
3520143,KELLOGGS RICE KRIS SHPR       ,PVAC22              ,1,10,46.13,17.88,9.88,27.44
3583881,TIDE LIQ 105OZ/PODS PLLT      ,PVAC53              ,1,4,57.37,24.00,20.00,178.72
3520648,10Z VSC USA LIQ DIN SHPR      ,PVAC63              ,2,10,20.63,20.50,7.81,30.83
3592154,LEGO STAR WARS 75407          ,PVAC73              ,3,30,14.69,8.15,7.76,4.80
3520998,FOLGERS VERTICL HALF PLLT     ,PVAC83              ,1,2,42.23,40.00,24.00,251.88
3520718,KRAFT POWER MAC SHPR          ,PVAD02              ,4,6,10.25,19.00,15.50,22.82
3520509,KELLOGGS NUTRI-GRAIN SHPR     ,PVAD22              ,1,8,45.44,17.00,12.69,47.07
3592155,LEGO IDEAS 21357              ,PVAD53              ,4,17,11.02,11.81,9.37,4.73
3594966,SI KRO LAMINATE BAG N/WVN     ,PVAD63              ,3,4,20.00,16.00,16.00,50.00
3581342,KNGSFRD MLGHT CHAR PLLT       ,PVAD73              ,1,2,53.00,40.00,24.00,426.70
3520371,HNZ KETCH QTR PLLT            ,PVAD83              ,1,4,42.38,24.00,20.00,253.99
3520848,MINUTE RTS JASMINE SHPR       ,PVAF02              ,4,4,10.00,9.44,16.56,25.56
3520953,OB SPRK WTR MX QTR PLLT       ,PVAF22              ,1,4,44.00,24.00,20.00,337.50
3570460,TAJN FRUIT SSNG SHPR          ,PVAF53              ,3,10,9.75,26.00,18.00,38.00
3520972,GENERAL MILLS CEREAL PLLT     ,PVAF63              ,1,2,46.00,48.00,20.00,250.00
3581629,HUGGIES SIMP CLN SHPR         ,PVAF73              ,3,4,15.25,47.93,9.88,40.73
3520074,KRAFT MAC N CHEESE SHPR       ,PVAF83              ,1,12,43.25,15.25,10.00,30.88
3583018,KF CHP SSV BYQ SHPR           ,PVAG02              ,1,6,54.00,19.50,15.56,39.21
3520966,SEASONING BOMBS MX SHPR       ,PVAG22              ,10,3,5.50,5.50,17.75,8.10
3596490,LEGO MARVEL MNI FIG 76313     ,PVAG53              ,4,15,11.02,15.67,8.07,6.70
3596807,LEGO BOUQYET PINK 10342       ,PVAG63              ,4,12,11.02,15.67,9.02,4.86
3580488,DAWN DISH SOAP 24/3 SHPR      ,PVAG73              ,1,8,47.00,17.25,12.94,85.77
3596809,LEGO TC BUGATTI 42222         ,PVAG83              ,4,12,11.02,15.67,9.02,7.57
3581194,CASCADE XXL ACTION SHPR       ,PVAH02              ,1,8,47.00,17.25,12.94,41.63
3583741,KETTLE AIR FRIED SHPR         ,PVAH22              ,1,6,57.00,20.00,16.00,38.98
3521439,RICE A RONI VAR SHPR          ,PVAH53              ,1,12,47.00,12.25,11.75,51.28
3520909,SKPY CRMY PNT BUTTER SHPR     ,PVAH63              ,5,4,7.31,28.00,12.75,43.74
3581256,CASCADE SMALL ACTN SHPR       ,PVAH73              ,1,10,47.00,16.94,9.69,21.01
3582982,TIDE EVO 42CT MXD PLLT        ,PVAH83              ,1,4,57.87,24.00,20.00,114.34
3583418,HOSTESS SINGLE SRV SHPR       ,PVAJ02              ,3,2,13.10,47.19,20.38,36.10
3581892,KRO BLUE 18OZ CP SHPR         ,PVAJ22              ,2,5,22.69,23.63,15.94,30.36
3520839,HLMN MAYONNAISE SHPR          ,PVAJ53              ,1,10,22.88,15.75,11.19,46.18
3597261,LG SH BAT MOBILE 76304        ,PVAJ63              ,4,15,11.02,15.67,8.07,5.88
3597383,LEGO NASA ARTMIS 42221        ,PVAJ73              ,4,12,11.02,15.67,9.02,7.46
3597454,LEGO ARCHITECTURE 21064       ,PVAJ83              ,4,15,11.02,15.67,8.07,5.47
3570522,WNDR PISTACHIOS  1/4 SHPR     ,PVAK02              ,1,4,36.00,20.00,24.00,124.00
3521448,KLEENEX MIX SHPR              ,PVAK22              ,1,4,42.63,20.00,20.00,59.40
3594149,2 SIDED GRID COMPONENTS B     ,PVAK53              ,1,5,48.00,18.50,21.50,5.00
3597565,LG SH IRONMAN 76327           ,PVAK63              ,4,15,11.02,12.80,9.37,6.49
3581915,RICOS CHILI LIME TO SHPR      ,PVAK73              ,1,6,58.63,22.75,10.75,19.27
3520926,12Z JP JUMBO STAR SHPR        ,PVAK83              ,1,6,42.38,20.00,16.00,45.09
3584070,TIDE LIQ/TIDE PODS PLLT       ,PVAL02              ,1,4,57.37,24.00,20.00,231.84
3520996,NESCAFE DISPLAY PLLT          ,PVAL22              ,1,2,48.15,48.00,20.00,376.65
3520171,KRFT HNZ MIX COND Q PLLT      ,PVAL53              ,1,4,41.75,24.00,20.00,232.26
3581845,RICOS PRODUCTS CO SHPR        ,PVAL63              ,1,6,58.63,22.75,10.75,22.80
3581290,GLAD FFDS FRF FRCLN SHPR      ,PVAL73              ,2,4,37.25,19.13,11.38,44.10
3520643,PASTA RONI VRTY SHPR          ,PVAL83              ,1,6,47.00,18.50,18.50,51.68
3582215,COTTONELLE SMR FRSH SHPR      ,PVAM02              ,5,3,9.50,40.00,14.25,46.02
3585952,AMRCN FLAG FREEDOM COOLER     ,PVAM22              ,2,3,38.00,41.00,14.00,13.91
3594151,2021 KRO 2 SIDED GRID BOX     ,PVAM53              ,1,5,48.00,18.50,21.50,5.00
3597639,LEGO BUSH PLANE 42198         ,PVAM63              ,7,20,6.26,10.91,7.80,1.00
3580238,KASHI READY TO EAT SHPR       ,PVAM73              ,1,8,45.75,16.63,13.25,39.88
3597754,LEGO FRIENDS PLANT 42671      ,PVAM83              ,2,17,18.66,11.69,9.13,9.39
3583729,KELLOGGS CHEEZ IT SHPR        ,PVAN02              ,1,8,45.88,24.00,20.00,36.85
3582517,HUGGIES LITLMOVR GI SHPR      ,PVAN22              ,1,2,34.00,48.00,19.00,175.00
3581342,KNGSFRD MLGHT CHAR PLLT       ,PVAN53              ,1,2,53.00,40.00,24.00,426.70
3582294,GERBER YGT MELTS SHPR         ,PVAN63              ,2,6,22.90,14.35,14.35,9.56
3581585,GAIN LIQUID DETERGE SHPR      ,PVAN73              ,1,7,47.37,19.44,13.19,100.22
3591913,TCU TAPESTRY PILLOW           ,PVAN83              ,3,4,16.00,20.00,16.00,6.00
3520800,SWTBR DSPLY QTR PLLT          ,PVAP02              ,1,4,44.88,23.88,20.00,313.00
3520039,BOBS PCKL POPS HLF PLLT       ,PVAP22              ,1,2,42.75,23.00,31.50,75.00
3581342,KNGSFRD MLGHT CHAR PLLT       ,PVAP53              ,1,2,53.00,40.00,24.00,426.70
3581748,TIDE LIQUID PODS MI SHPR      ,PVAP63              ,1,8,47.00,17.25,12.94,36.52
3520757,KELLOGGS RICE KRISP SHPR      ,PVAP73              ,1,8,46.50,17.13,13.00,25.71
3505020,SOLO PARTY CUP PACK           ,PVAP83              ,3,5,12.94,22.38,15.06,18.02
3583281,STACYS PTA /THINS MX SHPR     ,PVAQ02              ,1,6,47.50,23.88,13.63,60.00
3581342,KNGSFRD MLGHT CHAR PLLT       ,PVAQ22              ,1,2,53.00,40.00,24.00,426.70
3520811,SUDDENLY CLASSIC SHPR         ,PVAQ53              ,1,12,45.56,15.38,9.88,44.71
3520171,KRFT HNZ MIX COND Q PLLT      ,PVAQ63              ,1,4,41.75,24.00,20.00,232.26
3581992,SNUGGLE MIXED FS SHPR         ,PVAQ73              ,3,3,12.13,30.00,16.38,35.52
3520024,GM FRUIT SNACKS SHPR          ,PVAR02              ,1,8,46.50,19.50,12.00,45.00
3521021,KRO MINI PB PLLT              ,PVAR22              ,1,2,49.00,40.00,23.00,681.50
3520079,KRFT BBQ SAUCE SHPR           ,PVAR53              ,4,5,10.25,23.25,13.63,47.51
3520798,GM NATURE VALLEY BA SHPR      ,PVAR63              ,1,6,47.00,18.75,16.06,70.00
3580041,HOSTESS LARGE VRTY SHPR       ,PVAR73              ,1,6,38.63,20.50,12.63,53.60
3582160,KRO CSHW HLVSPCS 8OZ SHPR     ,PVAR83              ,3,4,15.00,23.63,17.38,37.40
3583613,GAIN LIQUID DETERGE PLLT      ,PVAS02              ,1,4,57.87,24.00,20.00,161.75
3581631,PRINGLES CRISPS MX SHPR       ,PVAS22              ,1,6,44.75,19.00,16.00,44.50
3580139,MLKB MIXED SHPR               ,PVAS53              ,3,2,12.63,36.63,21.69,58.39
3520564,CRYSTAL LIGHT 12QT SHPR       ,PVAS63              ,1,8,42.00,17.88,12.25,32.37
3581899,PAMP BW 1X UC SENS SHPR       ,PVAS73              ,1,15,24.13,14.37,7.37,22.91
3520935,GM CHEERIOS PROTEIN SHPR      ,PVAS83              ,1,4,46.88,24.38,20.38,90.00
3582224,KF KTLCHP AVOCADO SHPR        ,PVAT02              ,1,6,57.00,20.00,16.00,34.82
3582639,KF KCHP SHPR                  ,PVAT22              ,1,6,57.00,20.00,16.00,40.63
3583618,BOUNTY MEGA ROLL PLLT         ,PVAT53              ,1,2,38.31,48.00,20.00,69.00
3580006,MR CLEAN LIQUID DIL SHPR      ,PVAT63              ,1,8,47.00,17.25,12.94,65.00
3583418,HOSTESS SINGLE SRV SHPR       ,PVAU02              ,3,2,13.10,47.19,20.38,36.10
3581638,GAIN LQD DETERGENT PLLT       ,PVAU22              ,1,2,57.87,48.00,20.00,447.77
